strategy,period,plan_kwh,emergency_kwh,plan_cost,emergency_cost,total_cost,paid_grid_spill_kwh,pv_spill_kwh,days,e_start,e_end,emergency_slots,milp_days,adjusted_cost
control,development,6131922.494688533,23193.245831350076,3756579.3835004615,147092.17209080054,3903671.555591262,848625.6052247531,553839.219697619,89,10800.0,6048.244373650792,140,0,3906948.2593566906
control,later_1,8916734.024356104,60872.59620565747,5600238.1752298325,383950.6025974451,5984188.777827278,1244680.5980429763,879805.0548915946,123,6048.244373650792,6611.976598010581,383,0,5983800.040769334
control,later_2,9361039.31546033,29110.839431385637,5917658.106342404,166254.40581966637,6083912.512162071,1321388.7862191107,625003.3677509406,122,6611.976598010581,5947.426122333334,219,0,6084370.771217712
mean3,development,6968294.855194304,92933.36314651863,4465154.701171964,573079.8381919289,5038234.539363894,1728030.547338269,624515.4621615635,89,10800.0,9330.626745074074,427,2,5039247.786099592
mean3,later_1,9986476.052249571,138552.7747152698,6480301.366262844,880063.8609713721,7360365.227234216,2353917.2684269683,979622.2005958889,123,9330.626745074074,6126.079928308643,610,3,7362575.010616754
mean3,later_2,10544711.349827057,117050.97342383281,6922024.636726997,707497.0906553094,7629521.727382307,2556093.7445013705,724075.9373497659,122,6126.079928308643,9361.026245160494,559,3,7627290.981188498
mean14,development,6129531.077795225,24329.818746163965,3757562.8674847605,153967.12130820449,3911529.9887929647,850122.6862572101,551711.9279524134,89,10800.0,6037.850835317461,166,0,3914813.8597085737
mean14,later_1,8941576.53176027,81381.26859803166,5628550.930512821,519556.84558309545,6148107.7760959165,1297965.2389102995,877334.4340790162,123,6037.850835317461,6709.824993182543,453,0,6147644.397836071
mean14,later_2,9369142.986780096,38114.30202655678,5928813.821024556,219545.96230438966,6148359.783328945,1339898.1073121843,625867.693685776,122,6709.824993182543,6024.315632907403,275,0,6148832.49515983
weighted,development,6259567.83156996,60378.83004706803,3861729.2869112645,374909.6536467206,4236638.940557985,1007916.1898496345,569295.1795863901,89,10800.0,6726.295926595134,310,0,4239448.075228663
weighted,later_1,9087096.16355236,80908.12197834681,5735048.715931871,509955.21901851584,6245003.934950386,1427980.304974641,896421.6639966887,123,6726.295926595134,6102.988478718902,460,0,6245433.753742024
weighted,later_2,9566926.52507888,67127.08252285859,6086164.756726148,406407.2968545557,6492572.053580703,1549718.036778252,653520.9332212762,122,6102.988478718902,6698.1753790686225,378,0,6492161.626085928
weekday,development,5454972.586531388,13799.593777853876,3258837.328437583,89971.56042703947,3348808.888864623,305613.51320010785,384254.5901998363,89,10800.0,6288.739011972484,65,22,3351919.7529385947
weekday,later_1,8018200.008155502,58003.350289308975,4964211.843224178,358410.2410810073,5322622.084305186,534968.4121961155,648834.3390683775,123,6288.739011972484,6987.584340391537,379,31,5322140.176290728
weekday,later_2,8315639.083151335,24441.11186724415,5152717.863234115,130967.77527200781,5283685.638506123,440096.79212017107,412539.7088128007,122,6987.584340391537,6227.751905889948,164,22,5284209.601856725
residual14,development,6129317.272247387,23773.207762885122,3753097.419670961,148686.62837196322,3901784.048042924,844377.5329288684,555551.8668422077,89,10800.0,6046.512129195769,165,0,3905061.9463251536
residual14,later_1,8943648.519279335,56967.28747724585,5622224.205065864,358713.6319821167,5980937.837047981,1268047.3112018888,879071.1506411345,123,6046.512129195769,6548.333164063493,387,0,5980591.792553309
residual14,later_2,9341672.58785759,33784.4838870529,5901110.565734735,198518.18339807758,6099628.749132813,1308128.8298276984,622282.4324337272,122,6548.333164063493,5922.8433035343905,261,0,6100060.072867112
residual56,development,6129905.7338761985,22435.35540519046,3759342.512838331,142681.4939967375,3902024.0068350686,850383.2301073532,549913.8006104479,89,10800.0,6032.6593418518505,128,0,3905311.4576877626
residual56,later_1,8897755.228059543,65649.15604095996,5584870.785766295,414486.2633426246,5999357.04910892,1231420.767444699,878488.963933542,123,6032.6593418518505,6611.928833915343,402,0,5998957.597900757
residual56,later_2,9348275.93987959,28057.617070028493,5910895.327130466,159540.6115147104,6070435.938645176,1310324.4175632054,621190.2254017342,122,6611.928833915343,5975.459377169307,223,0,6070874.833661985
q0.75,development,6028429.519084297,38090.95516027575,3688645.3001049645,240106.02351948552,3928751.32362445,776317.4644557118,535535.1116444297,89,10800.0,5988.273503961641,273,0,3932069.381952272
q0.75,later_1,8723304.633659465,85525.45099079913,5473643.901941499,542696.3269418462,6016340.228883345,1101357.4823780246,850482.6725027919,123,5988.273503961641,6481.7470284920655,498,0,6015999.940643983
q0.75,later_2,9217733.262592578,48321.53173238735,5816020.789218579,284300.4492905239,6100321.238509104,1214916.8953047276,602835.4839225309,122,6481.7470284920655,5887.844284179893,348,0,6100730.78047877
q0.775,development,6080174.446497357,29703.78761087511,3722380.1066330806,187641.61900249054,3910021.725635571,810763.533358098,545299.7720738198,89,10800.0,6011.8680878154755,192,0,3913323.5136692454
q0.775,later_1,8816632.83523752,72459.93713964503,5534187.552324178,458209.0171592318,5992396.56948341,1169351.9600984498,864384.0760134193,123,6011.8680878154755,6541.984090970239,450,0,5992031.013415244
q0.775,later_2,9288120.940324327,38095.979929821544,5865843.349691806,221127.13195372958,6086970.481645536,1265876.0567366374,614056.5729811684,122,6541.984090970239,5907.012785972885,284,0,6087408.343570608
q0.825,development,6183771.933600153,18155.44202759887,3790392.3210042855,114970.67765948229,3905362.9986637677,886961.7212611549,563742.7953050116,89,10800.0,6103.895930015873,113,0,3908601.326368087
q0.825,later_1,9024931.71278232,50170.01904999376,5674356.642667001,316709.81274370535,5991066.455410706,1330552.3567388696,894421.1008316544,123,6103.895930015873,6708.703650763227,338,0,5990649.393614653
q0.825,later_2,9436256.04523623,21931.365196939456,5970932.802453489,123058.18682632409,6093990.989279813,1380528.3483862327,636799.724269088,122,6708.703650763227,6010.884258369711,164,0,6094472.189831872
q0.85,development,6242035.9107055655,13872.590758070906,3829029.2591382186,87943.73958697848,3916972.9987251973,931689.3320577738,574974.3481225881,89,10800.0,6183.801927984131,84,0,3920156.225051203
q0.85,later_1,9140859.988679966,41033.35449344211,5754213.276926964,260440.51422052216,6014653.791147486,1425100.1936001123,910374.5678982496,123,6183.801927984131,6780.402892497357,283,0,6014242.38854588
q0.85,later_2,9521711.423196182,16876.66229593403,6031273.386028908,93131.19056677073,6124404.576595679,1450268.1883695733,650763.9132031759,122,6780.402892497357,6095.829809929892,133,0,6124876.642790523
target1200,development,6050183.6769687375,23326.01146559293,3726648.602427065,147421.03490488252,3874069.637331947,772307.2470140517,553783.1623283597,89,10800.0,1362.0423037460303,152,0,3880577.8406052357
target1200,later_1,8794706.12066269,67672.44046389082,5554818.78341765,397194.3704503262,5952013.153867975,1130564.8896969093,879676.1871241519,123,1362.0423037460303,2034.8183284761901,510,0,5951549.222658781
target1200,later_2,9251058.55547739,29226.068976071354,5877480.584075938,166664.95925238935,6044145.543328327,1211729.5194261477,624930.0464399471,122,2034.8183284761901,1269.2127688994724,225,0,6044673.487696086
target3600,development,6068268.514354383,23196.88974364055,3730194.0036421535,147116.5863031467,3877310.5899453,787525.3095904087,553829.1658579776,89,10800.0,3717.4171210105806,140,0,3882194.5797405364
target3600,later_1,8830668.21339531,60716.98133572666,5564540.994266377,383082.68047166563,5947623.674738042,1158209.1294545343,879855.0818745986,123,3717.4171210105806,4303.611423047618,381,0,5947219.448336729
target3600,later_2,9275686.790967332,29045.03440256184,5882322.786137016,165923.50467241777,6048246.290809433,1235977.3516789638,624942.1431104644,122,4303.611423047618,3598.3656256190484,219,0,6048732.612443309
target8400,development,6203852.402238286,23185.170607407217,3786621.528202495,147038.06809038337,3933659.5962928785,917965.2693027013,553867.049818101,89,10800.0,8402.818425079364,140,0,3935312.638770358
target8400,later_1,9018377.586069591,61042.30736540508,5642764.876865868,384874.805438009,6027639.682303878,1346802.032541354,879751.1492653041,123,8402.818425079364,8939.002924010583,383,0,6027269.941537566
target8400,later_2,9458271.445459278,29067.69889411421,5958461.91893452,166052.099417232,6124514.018351752,1418496.4489163556,625012.9554307525,122,8939.002924010583,8311.905562190477,218,0,6124946.4505827725
horizon48,development,6208185.735571619,23185.170607407217,3788457.3360475786,147038.06809038337,3935495.404137962,922149.2627609554,553837.5734054731,89,10800.0,8552.818425079364,140,0,3937045.009990442
horizon48,later_1,9024377.586069591,61042.30736540508,5645308.099139193,384874.805438009,6030182.904577202,1352821.9497876796,879717.8154091313,123,8552.818425079364,9089.002924010583,383,0,6029813.16381089
horizon48,later_2,9464317.970708271,29048.84755991421,5961056.284079086,165958.68850939328,6127014.9725884795,1424479.5637902159,625027.7326902762,122,9089.002924010583,8461.905562190477,218,0,6127447.4048195
planned_reserve,development,6128752.180942836,38269.58446323579,3755223.54365356,188736.45598820588,3943959.999641766,860865.6611639594,557038.7882178659,89,10800.0,6048.244373650792,1034,0,3947236.7034071945
planned_reserve,later_1,8907518.970324023,99957.13841809727,5596296.434460802,462837.9729320024,6059134.4073928045,1273215.9071697944,890274.4544149961,123,6048.244373650792,6611.976598010581,1933,0,6058745.670334861
planned_reserve,later_2,9357605.035861017,46609.86418758844,5916189.084544281,205908.44476451314,6122097.529308793,1336528.7422351672,627961.6871928512,122,6611.976598010581,6000.0,1489,0,6122519.5346013075
combined,development,5409429.198993166,13047.148922756167,3231384.147385107,85196.80264725216,3316580.950032359,267325.98715113284,384237.201078873,89,10800.0,1574.2241074687856,61,22,3322942.837507891
combined,later_1,7924065.1946358215,57681.18735739995,4918120.806722521,329524.1198662621,5247644.926588783,477579.3122538274,633277.1965949843,123,1574.2241074687856,2386.5437421291017,483,33,5247084.769245913
combined,later_2,8285914.6894352,17581.238504275123,5150328.375539659,90574.95052111542,5240903.326060775,410773.9895605225,413338.9692417378,122,2386.5437421291017,1488.7973752814803,127,22,5241522.39175606
combined48,development,5437717.303554715,13022.503081864732,3237484.7630829066,85043.38113752822,3322528.144220435,278828.46531008126,386683.2721215667,89,10800.0,8712.539324268786,61,22,3323967.610134554
combined48,later_1,7987770.864510681,50645.20301548466,4937310.889841663,315791.0541214026,5253101.943963065,507888.39415543474,637123.5598012382,123,8712.539324268786,9430.978224573546,325,33,5252606.52466229
combined48,later_2,8345383.055809462,17292.624623393218,5167668.590955596,89450.85560577898,5257119.446561376,461618.79862710845,411496.0574268779,122,9430.978224573546,8617.664146399999,118,22,5257680.289650117
