strategy,month,plan_kwh,emergency_kwh,load_kwh,plan_cost,emergency_cost,total_cost,pv_spill_kwh,paid_grid_spill_kwh,charge_kwh,discharge_kwh,days,e_start,e_end,emergency_slots,milp_days,inventory_adjusted_min,inventory_adjusted_mean,inventory_adjusted_max
baseline,2,1865317.480855391,193758.6871150923,3035354.4650166663,1111077.914465592,1161262.2938747173,2272340.20834031,86709.89586784242,162357.2573428571,505943.9089111404,409814.56621802377,28,10800.0,10800.0,650,0,2272340.20834031,2272340.20834031,2272340.20834031
baseline,3,1665476.6798076967,231688.23783778446,3240640.0525833336,977091.7490926222,1435538.1522611044,2412629.901353727,155025.17385611404,126877.71055349792,492698.61878377426,403754.2520145715,31,10800.0,5612.921333650794,675,2,2414363.267431661,2416206.7940927716,2419143.2122934884
baseline,4,1337097.3897474653,222483.8895755714,3162943.2953166664,786290.5920301547,1324918.428984964,2111209.021015119,197237.52091898883,61704.0822478836,437726.5867206644,354816.5095645001,30,5612.921333650794,5326.283199470901,699,25,2111304.8068804177,2111406.680223091,2111568.946787446
baseline,5,1354216.3179408205,214147.12267109522,3274848.2480000006,816156.701334827,1268271.5710209836,2084428.272355811,230556.32256883886,66275.67493068783,422777.8349722223,338056.8568265,31,5326.283199470901,10207.604867248678,659,31,2082797.0810940897,2081062.222763449,2078298.8943640157
baseline,6,1740694.6265833664,310631.59116023814,3456268.2931999993,1052760.0122784877,1891372.6255047857,2944132.637783274,115016.74495123456,115102.69216907701,398683.0324351265,327469.4179951666,30,10207.604867248678,5167.425175343917,901,1,2945816.914630918,2947608.2322947686,2950461.490618805
baseline,7,1971268.5092879767,284586.0108578809,3970920.440116667,1225119.6577783881,1798153.614414785,3023273.2721931725,135966.4260920635,92174.6304410088,433803.69320288056,350909.489106762,31,5167.425175343917,5691.316717089949,775,0,3023098.2033566674,3022912.008373544,3022615.4320620326
baseline,8,1781373.5768579158,215118.90909523692,3753611.725449999,1133817.318979419,1286786.3377744397,2420603.6567538595,236945.221556781,91151.82875978839,443577.6697951792,359295.09842526185,31,5691.316717089949,5694.443504682541,690,26,2420602.6118752495,2420601.5005914886,2420599.730509215
baseline,9,1510054.3974790452,218742.48242388087,3265855.5116333338,935981.3313512399,1304404.8686182655,2240386.1999695054,180941.21964791004,71739.22950223397,462754.06841790123,375021.50491511903,30,5694.443504682541,5482.544063994711,622,28,2240457.0104056,2240532.3210560665,2240652.277859188
baseline,10,1591384.6099788654,253473.0422948856,3234182.50155,948865.7312763425,1526068.2937680345,2474934.025044377,168837.71219450323,99262.59218412697,509673.9290493826,408050.1721875952,31,5482.544063994711,10800.0,679,17,2473157.090794242,2471267.227073666,2468257.001974654
baseline,11,1845535.5138717806,279333.17981489917,3123123.369616667,1105802.7741128933,1698143.4406799711,2803946.214792864,94018.29070029393,154871.55329106405,489086.65276610805,401080.2110541191,30,10800.0,5333.308540476191,729,0,2805773.019077893,2807715.9222227936,2810810.629924759
baseline,12,2397766.6491930312,303503.7349121138,3490331.5867666667,1465563.8548701901,1801064.433154689,3266628.288024879,32885.87837204586,193103.03557927685,585758.6554389183,474514.12151842855,31,5333.308540476191,5278.185637248676,801,0,3266646.7084454508,3266666.2995386794,3266697.5047520036
q0.6,2,2156491.273702702,23108.448775561887,3035354.4650166663,1339075.835636379,137300.22613337066,1476376.06176975,102018.00471353323,262078.29813585698,534861.8292747756,433238.08171256824,28,10800.0,10800.0,211,0,1476376.06176975,1476376.06176975,1476376.06176975
q0.6,3,1968713.1450721042,49456.30089397297,3240640.0525833336,1195333.540397632,303722.2484692028,1499055.7888668352,172308.22828669604,220295.8828296531,544638.6818770135,445391.01349395246,31,10800.0,6095.909807142858,249,0,1500627.7546865824,1502299.6236218002,1504962.620840202
q0.6,4,1618152.2413684444,47902.157802730166,3162943.2953166664,973178.6145254119,311603.6562034846,1284782.2707288964,215209.45547269838,139162.38155844205,495494.08644554386,401541.12330550957,30,6095.909807142858,5883.783935343915,205,0,1284853.1568314754,1284928.547957257,1285048.632943597
q0.6,5,1638995.1992414086,44547.811840485716,3274848.2480000006,1007587.5637722141,291847.0380057416,1299434.6017779554,258275.21690624335,144048.22882960388,474280.9256328278,379871.8252534477,31,5883.783935343915,10656.811167724867,164,0,1297839.5992677107,1296143.2295916183,1293441.2069427993
q0.6,6,2141994.5363574727,76446.39096719984,3456268.2931999993,1323503.304006578,474515.5429348837,1798018.8469414618,121996.24635879908,252541.09794068782,517824.45516433276,423914.03832248104,30,10656.811167724867,5683.22267953439,333,0,1799680.8710065605,1801448.521657177,1804264.0825343127
q0.6,7,2331793.750870266,60547.65365526071,3970920.440116667,1469162.4799135693,389317.0349570429,1858479.514870612,145160.88760215903,199023.56702027633,541711.130443639,438373.4400572143,31,5683.22267953439,6141.640015238096,297,0,1858326.3255495399,1858163.4005903008,1857903.8893905156
q0.6,8,2076295.4876605985,51155.04187954672,3753611.725449999,1334617.6918797188,336393.4456971894,1671011.1375769086,259385.63919194002,190271.50265560587,492788.8012002232,399108.27777429053,31,6141.640015238096,6197.919124005292,254,0,1670992.3307871318,1670972.3287697826,1670940.4690256119
q0.6,9,1784764.340025685,58940.082937658,3265855.5116333338,1120991.6223657026,368015.115233669,1489006.7375993722,198761.28737552615,158554.64964433873,517100.37998389767,419095.76129041903,30,6197.919124005292,5926.304120158729,270,0,1489097.5031852075,1489194.0371946872,1489347.7991274022
q0.6,10,1949408.653834339,43796.956715711654,3234182.50155,1200349.4637735337,272424.7499100619,1472774.2136835956,202581.7477106525,205902.0276243739,553694.3046833334,444106.0605016427,31,5926.304120158729,10800.0,239,0,1471145.5707314292,1469413.4226630144,1466654.4112411966
q0.6,11,2259721.516704068,24493.546954745518,3123123.369616667,1415809.2612354753,151004.07485844402,1566813.3360939191,119915.43407623164,273244.9965184059,565768.2334487949,462686.00836795237,30,10800.0,5895.84525063492,164,0,1568452.1574865144,1570195.1308655995,1572971.385129602
q0.6,12,2820818.0049495855,33588.361213404736,3490331.5867666667,1801024.35134137,186016.47394391103,1987040.8252852804,36126.1743718107,330635.9459648443,651126.3582814874,527519.0486884858,31,5895.84525063492,5777.2913834338615,226,0,1987080.442431083,1987122.5773646403,1987189.6910052474
q0.7,2,2211084.59016316,7965.240639804753,3035354.4650166663,1377328.828620687,45517.556251828064,1422846.3848725155,106096.1748489359,297806.4871627346,532986.8248664619,431719.3281418341,28,10800.0,10800.0,129,0,1422846.3848725155,1422846.3848725155,1422846.3848725155
q0.7,3,2033941.498482137,25947.26948344923,3240640.0525833336,1237865.0255498372,161603.0491124678,1399468.0746623047,182246.32700945035,250807.0359195767,550969.4492479307,450451.7106780381,31,10800.0,6170.6035697619045,145,0,1401015.0800673973,1402660.4022791772,1405281.115171826
q0.7,4,1685180.989328469,25098.74534268416,3162943.2953166664,1010815.8641645915,164619.32797477467,1175435.1921393664,228011.41152087002,169176.2661425595,502902.5951211782,407540.1371134542,30,6170.6035697619045,5960.56460831746,113,0,1175505.3808591124,1175580.0302813018,1175698.933862473
q0.7,5,1720496.10360355,17787.846192442958,3274848.2480000006,1053020.703850739,119353.14325339177,1172373.8471041308,273595.9611850705,181134.9451890434,486874.54008813645,390131.9616329238,31,5960.56460831746,10667.693317724868,76,0,1170800.8659033081,1169127.9170565193,1166463.1997263022
q0.7,6,2233134.3621014305,52029.96199912815,3456268.2931999993,1388350.0806851664,324596.06157066335,1712946.1422558306,128443.32214826552,312952.01658294786,514611.4918852675,420835.6726992547,30,10667.693317724868,6222.8441264047615,207,0,1714431.477510094,1716011.2102490582,1718527.4504883874
q0.7,7,2422003.5002361634,29142.237291883248,3970920.440116667,1527019.361638769,182823.67068424347,1709843.032323013,150110.9376310619,250344.68456756417,556890.2782855369,451019.42247278255,31,6222.8441264047615,6291.402946962963,191,0,1709820.122021947,1709795.7557029296,1709756.9443832145
q0.7,8,2163382.2471777834,21501.89897329196,3753611.725449999,1385129.7073823647,143101.49461818926,1528231.2020005537,272246.23301312176,232427.40431710434,505346.5589780394,409248.9144238571,31,6291.402946962963,6382.290000690477,152,0,1528200.8302738096,1528168.5283332618,1528117.076944929
q0.7,9,1866859.5527468373,26617.24779198468,3265855.5116333338,1172677.0316464806,168929.95585484075,1341606.987501321,211967.39040707817,193373.55190860954,526407.0876435273,426655.0966703928,30,6382.290000690477,6087.4503572063495,157,0,1341705.514064984,1341810.3022855755,1341977.211744851
q0.7,10,2018021.8296689743,19398.125077658537,3234182.50155,1245901.0537064576,118487.69013259801,1364388.7438390558,213939.40322423278,237260.13962462667,562344.8746627659,451258.0537983261,31,6087.4503572063495,10800.0,135,0,1362813.9511249233,1361139.0756377522,1358471.2895035925
q0.7,11,2314452.8797609713,8026.466796798968,3123123.369616667,1455538.6866353294,48796.3853248276,1504335.0719601568,123099.46332577897,308735.2178591322,563274.4706088726,460602.21321934625,30,10800.0,5966.78663760053,83,0,1505950.1868694697,1507667.9471475668,1510404.0413150545
q0.7,12,2881346.1102327714,21776.21731546189,3490331.5867666667,1846545.4785936985,117177.96995890974,1963723.4485526087,37191.26308993532,380085.4740709583,641676.5200856876,519867.865931681,31,5966.78663760053,5844.692568407408,137,0,1963764.248727711,1963807.6418756077,1963876.759633413
q0.8,2,2262293.0922536706,1095.25668420476,3035354.4650166663,1414734.0865947572,5236.224384364848,1419970.3109791223,107611.34514223396,342550.2065623018,522879.60614038596,423532.48097371275,28,10800.0,10800.0,44,0,1419970.3109791223,1419970.3109791223,1419970.3109791223
q0.8,3,2108087.0794935985,10148.987417438077,3240640.0525833336,1287710.9863425547,64205.18172481919,1351916.168067374,197577.33860986476,294363.98249312164,547718.8982138976,447741.8188725141,31,10800.0,6256.098534158728,50,0,1353434.6036202142,1355049.5402804352,1357621.8542600016
q0.8,4,1761542.3229412641,11949.001729707237,3162943.2953166664,1054134.3105631496,77650.76598161647,1131785.076544766,248650.53594552024,211711.41616932975,503088.64368725446,407688.8701311334,30,6256.098534158728,6048.244373650792,46,0,1131854.535169583,1131928.4080971337,1132046.0748570326
q0.8,5,1805355.9748742739,5115.592067081534,3274848.2480000006,1103829.7535137131,34004.74342411281,1137834.496937826,291455.52724019985,236127.45501767105,483725.99100630893,387647.8712894911,31,6048.244373650792,10681.77929100529,34,0,1136286.1085744938,1134639.315513354,1132016.2598128023
q0.8,6,2332488.725628603,33532.94790173981,3456268.2931999993,1460912.4113877765,209186.4160857943,1670098.8274735706,134033.17542470485,389736.7527009995,505122.9439513052,412864.36473,30,10681.77929100529,6554.245813846562,148,0,1671478.1253356328,1672945.081689916,1675281.6887101692
q0.8,7,2522080.648345125,14331.852037693285,3970920.440116667,1594576.3061551338,88645.69077419529,1683221.9969293294,161101.6382673588,326304.22188044357,548070.2300402584,443882.8493219094,31,6554.245813846562,6614.286936846563,118,0,1683201.9329872564,1683180.593921834,1683146.6044920008
q0.8,8,2256808.675508103,7892.204199142836,3753611.725449999,1440919.7041732084,52113.75231334261,1493033.4564865516,293214.71395933104,292512.1684438624,499280.06495967676,404418.93192229065,31,6614.286936846563,6611.976598010581,83,0,1493034.2285324803,1493035.0496442302,1493036.3575328211
q0.8,9,1955857.7315933863,6657.885587807924,3265855.5116333338,1229442.190745272,42614.558670374034,1272056.7494156458,231053.27775968847,243860.7658444208,523877.718860623,424660.0125335381,30,6611.976598010581,6257.465201973546,65,0,1272175.2164888596,1272301.2124978465,1272501.9022854217
q0.8,10,2084927.140818195,7643.737871472944,3234182.50155,1291612.0736939737,46450.51641185008,1338062.590105824,228430.13809239864,279112.5503658141,556875.357262622,446980.75806449994,31,6257.465201973546,10800.0,55,0,1336544.6112523675,1334930.1603161378,1332358.6200106381
q0.8,11,2371943.7505316935,992.8189678904805,3123123.369616667,1498551.0747275047,5547.678457111689,1504098.7531846168,126681.13269816579,358428.8374423561,547825.868117726,447971.6767419962,30,10800.0,6096.973814846561,20,0,1505670.3634449095,1507341.8542238094,1510004.2491047902
q0.8,12,2948310.6925170543,13816.39700421429,3490331.5867666667,1898052.7671756549,71641.65228033059,1969694.419455985,38838.81920068782,439986.6325665195,628417.3391788948,509152.6376581668,31,6096.973814846561,5947.426122333334,79,0,1969744.393808392,1969797.5441799192,1969882.20350252
q0.85,2,2289970.9684100524,579.2804648785741,3035354.4650166663,1435626.4244009922,2763.4383064460026,1438389.8627074384,109873.32182077305,369345.7054958727,512902.89206114947,415451.342569531,28,10800.0,10800.0,26,0,1438389.8627074384,1438389.8627074384,1438389.8627074384
q0.85,3,2146776.7570195696,6376.77081056038,3240640.0525833336,1313658.5686403045,40859.199001621106,1354517.7676419255,204986.6989524353,323028.8993549232,541235.6340706055,442415.37101450004,31,10800.0,6339.436202989421,31,0,1356008.3542459726,1357593.6720736586,1360118.8083905557
q0.85,4,1805288.185275943,6916.539482631953,3162943.2953166664,1079744.266096922,44321.10227891137,1124065.3683758334,260114.3273493798,239314.72720697796,500979.6949985392,405933.62379632134,30,6339.436202989421,6183.801927984131,27,0,1124117.376681512,1124172.6902701058,1124260.795222272
q0.85,5,1853145.2278653926,2740.956866560436,3274848.2480000006,1133843.9146151075,17842.2799595812,1151686.194574689,303339.9086781158,271635.57823959197,473934.65803334524,379834.42518576665,31,6183.801927984131,10686.743951587301,25,0,1150181.4464386615,1148581.0670714078,1146031.940334491
q0.85,6,2396120.1842818833,25154.76266365547,3456268.2931999993,1508602.5803694255,159335.87842610892,1667938.4587955344,136709.8845487736,443563.853076011,497268.6480473854,406260.60490996426,30,10686.743951587301,6827.855072051587,114,0,1669227.983692409,1670599.4617418626,1672783.9883837898
q0.85,7,2580006.032038785,9491.501206227389,3970920.440116667,1636635.5019873255,59209.43884020058,1695844.9408275266,165464.0149887994,377279.5410069731,536574.0782371575,434639.3605045833,31,6827.855072051587,6811.902702623015,88,0,1695850.2716308185,1695855.9412225562,1695864.9718987707
q0.85,8,2311588.5444939053,3646.133756998805,3753611.725449999,1475131.2799551052,24052.916994631512,1499184.196949737,304860.75968256075,332621.22127753624,492990.43606975477,399350.6030456143,31,6811.902702623015,6780.402892497357,56,0,1499194.7232412866,1499205.9185100538,1499223.7506313154
q0.85,9,2008997.796290699,2690.9412848637858,3265855.5116333338,1263841.5753860075,17636.496574107783,1281478.071960115,245992.16847237805,279734.6994937242,514733.6375658039,417155.6352063428,30,6780.402892497357,6534.415361339947,33,0,1281560.273613402,1281647.6994268817,1281786.9535832389
q0.85,10,2121050.867223761,3699.0760912238056,3234182.50155,1316797.9075766373,22002.448109442354,1338800.3556860795,236084.3604633715,304912.58367463545,551475.6945728967,442856.2864292523,31,6534.415361339947,10800.0,33,0,1337374.9252673783,1335858.9044949138,1333444.146367007
q0.85,11,2404166.433842827,270.3891927547553,3123123.369616667,1522447.398510119,1477.3761346625201,1523924.7746447816,128637.02982012482,389805.40665295254,537216.2206650821,439194.242085912,30,10800.0,6300.996280894182,10,0,1525428.2067175952,1527027.1863818932,1529574.0836347884
q0.85,12,2987496.325838896,10216.255727091684,3490331.5867666667,1928186.5045561446,52014.86974855806,1980201.3743047027,40050.35444730157,475815.4985482611,621023.3797945237,503213.5874574321,31,6300.996280894182,6095.829809929892,57,0,1980269.9347843048,1980342.8524868342,1980458.9977389632
q0.9,2,2322529.927054852,359.59097619047566,3035354.4650166663,1460477.1795436405,1732.944343483927,1462210.123887124,111149.39912814373,402451.7861147895,502150.84590233275,406742.18518088956,28,10800.0,10800.0,19,0,1462210.123887124,1462210.123887124,1462210.123887124
q0.9,3,2200710.5323390425,3497.2232190499917,3240640.0525833336,1349030.2284361569,22816.143910191324,1371846.3723463481,212285.3466461317,368327.7744211945,531181.6417564902,433904.67373239045,31,10800.0,6747.1734337407415,16,0,1373200.705399995,1374641.1103578429,1376935.4256090685
q0.9,4,1860322.188274969,3591.0094123793324,3162943.2953166664,1113630.9621196103,22098.969724891187,1135729.9318445015,272915.22556227806,279915.69039783673,493238.50979150546,399885.82706427184,30,6747.1734337407415,6344.246619126985,15,0,1135864.577898141,1136007.781110006,1136235.8789870758
q0.9,5,1913190.9312965118,2062.7770525404762,3274848.2480000006,1171167.2593616655,13373.296032486642,1184540.555394152,315652.6872082422,320916.53098991787,462932.1428045737,371058.1176203476,31,6344.246619126985,10696.377787301588,22,0,1183086.203721683,1181539.42366353,1179075.6713288985
q0.9,6,2493603.5489925304,16773.825297432653,3456268.2931999993,1582552.4281256783,107701.3861893127,1690253.8143149908,140090.55082330393,530688.5618490389,488377.7256729129,398772.6302386263,30,10696.377787301588,7155.630627783069,71,0,1691437.025793287,1692695.4338893837,1694699.859708255
q0.9,7,2661912.87444199,5084.811180814281,3970920.440116667,1695156.1874523824,32277.45037789538,1727433.6378302777,172306.25532424884,451209.4375202679,519758.1714866401,421095.438225019,31,7155.630627783069,7054.164715738095,59,0,1727467.5446941056,1727503.6064402408,1727561.0465467144
q0.9,8,2382254.395522443,1110.362081190472,3753611.725449999,1518176.17723433,6766.4279189489025,1524942.6051532791,315316.33899927983,391378.80977677536,487565.64890378603,395008.9043428738,31,7054.164715738095,6964.466125952383,40,0,1524972.5797310278,1525004.459282577,1525055.2378785012
q0.9,9,2073997.8736075778,706.9996442632539,3265855.5116333338,1305200.9006383817,4239.472003713796,1309440.3726420957,261900.34201133458,329067.7452251147,503084.4142738301,407731.4955084381,30,6964.466125952383,6705.443963023809,18,0,1309526.9300782816,1309618.9884976526,1309765.6215916418
q0.9,10,2173657.6707681227,1490.805140823805,3234182.50155,1353726.0613167721,8947.237100165175,1362673.2984169372,248246.65371412697,345801.5198339595,538324.2678644648,432357.55653693806,31,6705.443963023809,10800.0,12,0,1361305.020626061,1359849.7847013492,1357531.846292427
q0.9,11,2448423.268812362,74.82967452380967,3123123.369616667,1554704.6624299975,348.75279880285785,1555053.4152288006,130710.68061830987,433785.7531917992,525908.564718348,429879.3080249046,30,10800.0,6474.032663285714,5,0,1556499.0237337104,1558036.5049699338,1560485.445894166
q0.9,12,3040621.1459748284,6443.152105911893,3490331.5867666667,1967508.8745605159,31797.737247947694,1999306.6118084637,41073.91148000587,526241.181072028,610156.2657897003,494443.9964943263,31,6474.032663285714,6232.453546986771,39,0,1999387.3403017572,1999473.1993315334,1999609.957873218
q0.95,2,2374405.430186583,166.0201880952378,3035354.4650166663,1499214.4623952268,849.4316205454753,1500063.894015772,113318.86492222108,454906.0317600913,486667.79802999744,394200.916404298,28,10800.0,10800.0,10,0,1500063.894015772,1500063.894015772,1500063.894015772
q0.95,3,2281623.782608673,1037.6793737107093,3240640.0525833336,1405655.8553534448,7153.369952825212,1412809.2253062702,224914.68474986675,437349.6013057663,513297.7083685759,419218.19890849164,31,10800.0,6969.93874450529,4,0,1414089.116876019,1415450.349371681,1417618.5566235697
q0.95,4,1936573.5929889563,1035.0289765607072,3162943.2953166664,1160776.1574987706,6107.28431397729,1166883.4418127479,285978.3431885812,342616.3457995331,482238.9770300499,390954.64305264637,30,6969.93874450529,6590.970235276456,8,0,1167010.081719477,1167144.7699699206,1167359.3049904164
q0.95,5,2000732.242400883,1614.0665190726145,3274848.2480000006,1225465.9617644243,10447.866738299788,1235913.828502724,332499.21140741004,393170.4425596032,453501.86408922676,363635.674102951,31,6590.970235276456,10703.010023412699,19,0,1234539.7081667224,1233078.2583857204,1230750.422381557
q0.95,6,2637502.5292918384,10644.765753774991,3456268.2931999993,1696458.4805862464,70370.36013638026,1766828.8407226268,144518.83164279102,669248.6335654465,458366.5482087169,373979.884554675,30,10703.010023412699,7699.698350507938,38,0,1767832.4573843614,1768899.8568777493,1770600.0391240597
q0.95,7,2789604.1482237433,2219.4326004452314,3970920.440116667,1789495.7880772608,13656.872503814882,1803152.6605810756,187229.0981076092,567666.9533337698,485353.1147468533,393244.8448807095,31,7699.698350507938,7578.785088554234,38,0,1803193.0661658226,1803236.0396459706,1803304.4889458455
q0.95,8,2469397.9040560047,768.826337976188,3753611.725449999,1576132.498785276,4448.125146428499,1580580.6239317046,329469.74600671144,466833.19949415163,473490.395237156,383739.4746107048,31,7578.785088554234,7342.946790100533,26,0,1580659.4340158987,1580743.2527159564,1580876.7613663068
q0.95,9,2160065.129253449,113.02730607142928,3265855.5116333338,1363602.669509033,705.6500756986954,1364308.3195847315,275861.0018432423,404364.60683657276,483681.2068078351,392112.52617812855,30,7342.946790100533,6975.448274787035,12,0,1364431.1265635937,1364561.738292175,1364769.7801204403
q0.95,10,2238518.7472982863,82.04207407857427,3234182.50155,1401415.9074417916,549.9986382621342,1401965.9060800537,260543.12780870806,400414.9305585474,521405.4916793901,418896.3517076143,31,6975.448274787035,10800.0,2,0,1400687.8556300392,1399328.5812627606,1397163.4929697383
q0.95,11,2507102.987297692,49.043799999999806,3123123.369616667,1599117.553870211,228.15804503333243,1599345.7119152439,132964.06191294978,492951.33902015834,510542.61197079805,417278.3897895477,30,10800.0,6645.695451998679,4,0,1600733.9558660495,1602210.4268596934,1604562.1890500782
q0.95,12,3110074.685544808,4257.2073538631,3490331.5867666667,2021094.9877202134,20935.838243578255,2042030.8259637917,42583.39767806289,595496.1444243914,591667.6433578292,479452.22879494634,31,6645.695451998679,6421.875812993388,24,0,2042105.619772558,2042185.1669509078,2042311.871808098
operational,2,2262293.0922536706,1095.25668420476,3035354.4650166663,1414734.0865947572,5236.224384364848,1419970.3109791223,107611.34514223396,342550.2065623018,522879.60614038596,423532.48097371275,28,10800.0,10800.0,44,0,1419970.3109791223,1419970.3109791223,1419970.3109791223
operational,3,2108087.0794935985,10148.987417438077,3240640.0525833336,1287710.9863425547,64205.18172481919,1351916.168067374,197577.33860986476,294363.98249312164,547718.8982138976,447741.8188725141,31,10800.0,6256.098534158728,50,0,1353434.6036202142,1355049.5402804352,1357621.8542600016
operational,4,1761542.3229412641,11949.001729707237,3162943.2953166664,1054134.3105631496,77650.76598161647,1131785.076544766,248650.53594552024,211711.41616932975,503088.64368725446,407688.8701311334,30,6256.098534158728,6048.244373650792,46,0,1131854.535169583,1131928.4080971337,1132046.0748570326
operational,5,1805355.9748742739,5115.592067081534,3274848.2480000006,1103829.7535137131,34004.74342411281,1137834.496937826,291455.52724019985,236127.45501767105,483725.99100630893,387647.8712894911,31,6048.244373650792,10681.77929100529,34,0,1136286.1085744938,1134639.315513354,1132016.2598128023
operational,6,2332488.725628603,33532.94790173981,3456268.2931999993,1460912.4113877765,209186.4160857943,1670098.8274735706,134033.17542470485,389736.7527009995,505122.9439513052,412864.36473,30,10681.77929100529,6554.245813846562,148,0,1671478.1253356328,1672945.081689916,1675281.6887101692
operational,7,2522080.648345125,14331.852037693285,3970920.440116667,1594576.3061551338,88645.69077419529,1683221.9969293294,161101.6382673588,326304.22188044357,548070.2300402584,443882.8493219094,31,6554.245813846562,6614.286936846563,118,0,1683201.9329872564,1683180.593921834,1683146.6044920008
operational,8,2256808.675508103,7892.204199142836,3753611.725449999,1440919.7041732084,52113.75231334261,1493033.4564865516,293214.71395933104,292512.1684438624,499280.06495967676,404418.93192229065,31,6614.286936846563,6611.976598010581,83,0,1493034.2285324803,1493035.0496442302,1493036.3575328211
operational,9,1955857.7315933863,6657.885587807924,3265855.5116333338,1229442.190745272,42614.558670374034,1272056.7494156458,231053.27775968847,243860.7658444208,523877.718860623,424660.0125335381,30,6611.976598010581,6257.465201973546,65,0,1272175.2164888596,1272301.2124978465,1272501.9022854217
operational,10,2084927.140818195,7643.737871472944,3234182.50155,1291612.0736939737,46450.51641185008,1338062.590105824,228430.13809239864,279112.5503658141,556875.357262622,446980.75806449994,31,6257.465201973546,10800.0,55,0,1336544.6112523675,1334930.1603161378,1332358.6200106381
operational,11,2371943.7505316935,992.8189678904805,3123123.369616667,1498551.0747275047,5547.678457111689,1504098.7531846168,126681.13269816579,358428.8374423561,547825.868117726,447971.6767419962,30,10800.0,6096.973814846561,20,0,1505670.3634449095,1507341.8542238094,1510004.2491047902
operational,12,2948310.6925170543,13816.39700421429,3490331.5867666667,1898052.7671756549,71641.65228033059,1969694.419455985,38838.81920068782,439986.6325665195,628417.3391788948,509152.6376581668,31,6096.973814846561,5947.426122333334,79,0,1969744.393808392,1969797.5441799192,1969882.20350252
