date,candidate,inventory_adjusted_cost
2025-02-07,blend25,18206.56841465793
2025-02-07,blend50,18206.56841465793
2025-02-07,blend75,18201.58999151021
2025-02-07,fixed,18133.682898367126
2025-02-07,mean14,18201.58999151021
2025-02-07,mean7,18239.9778720782
2025-02-08,blend25,17589.517664840652
2025-02-08,blend50,17609.001149499392
2025-02-08,blend75,17609.001149499392
2025-02-08,fixed,17592.279319853507
2025-02-08,mean14,17609.001149499392
2025-02-08,mean7,17592.061960759274
2025-02-09,blend25,62025.88760927977
2025-02-09,blend50,62025.88760927977
2025-02-09,blend75,62025.88760927977
2025-02-09,fixed,62059.45980029801
2025-02-09,mean14,62018.7072045788
2025-02-09,mean7,62036.50369371169
2025-02-10,blend25,60406.04551319788
2025-02-10,blend50,60390.27448291588
2025-02-10,blend75,60314.3001337857
2025-02-10,fixed,60450.976714893884
2025-02-10,mean14,60269.15725391431
2025-02-10,mean7,60370.06117348892
2025-02-11,blend25,60260.6060818175
2025-02-11,blend50,60284.68797893839
2025-02-11,blend75,60256.72414079554
2025-02-11,fixed,60204.79883174199
2025-02-11,mean14,60216.345877320964
2025-02-11,mean7,60240.16727501038
2025-02-12,blend25,58814.58831310483
2025-02-12,blend50,58861.081713617124
2025-02-12,blend75,58817.91459655022
2025-02-12,fixed,58847.42164643817
2025-02-12,mean14,58776.246778220266
2025-02-12,mean7,58848.874167249254
2025-02-13,blend25,57826.12062911808
2025-02-13,blend50,57845.45417342473
2025-02-13,blend75,57756.35927835815
2025-02-13,fixed,57864.776676747446
2025-02-13,mean14,57832.92413968206
2025-02-13,mean7,57979.9125336029
2025-02-14,blend25,15999.091122827263
2025-02-14,blend50,15999.091122827263
2025-02-14,blend75,15999.091122827263
2025-02-14,fixed,16036.48356668994
2025-02-14,mean14,15999.091122827263
2025-02-14,mean7,15979.19598214721
2025-02-15,blend25,16215.31769279081
2025-02-15,blend50,16215.31769279081
2025-02-15,blend75,16215.31769279081
2025-02-15,fixed,16267.86398390569
2025-02-15,mean14,16215.31769279081
2025-02-15,mean7,16245.234359457476
2025-02-16,blend25,56215.436290230224
2025-02-16,blend50,56167.51038236203
2025-02-16,blend75,56089.64370453207
2025-02-16,fixed,56242.00673844229
2025-02-16,mean14,56088.816101518416
2025-02-16,mean7,56156.6509160198
2025-02-17,blend25,55717.34056534053
2025-02-17,blend50,55738.568994093264
2025-02-17,blend75,55692.9598593008
2025-02-17,fixed,55685.754246747725
2025-02-17,mean14,55706.48497887461
2025-02-17,mean7,55779.04560326225
2025-02-18,blend25,54199.84089098845
2025-02-18,blend50,54205.01092911369
2025-02-18,blend75,54193.96136540923
2025-02-18,fixed,54255.714688023596
2025-02-18,mean14,54166.22218014163
2025-02-18,mean7,54330.62010537327
2025-02-19,blend25,54423.578582651
2025-02-19,blend50,54420.186029818506
2025-02-19,blend75,54320.54959080723
2025-02-19,fixed,54412.80914951299
2025-02-19,mean14,54328.220146138316
2025-02-19,mean7,54594.29982048707
2025-02-20,blend25,54338.02193353898
2025-02-20,blend50,54372.52751567046
2025-02-20,blend75,54399.48228580348
2025-02-20,fixed,54444.30376173703
2025-02-20,mean14,54379.36130365918
2025-02-20,mean7,54424.91477918403
2025-02-21,blend25,15521.069131488668
2025-02-21,blend50,15512.21166451219
2025-02-21,blend75,15512.21166451219
2025-02-21,fixed,15531.661418721693
2025-02-21,mean14,15512.649635504538
2025-02-21,mean7,15503.538120574916
2025-02-22,blend25,15258.914195819596
2025-02-22,blend50,15256.452869525738
2025-02-22,blend75,15249.269061728039
2025-02-22,fixed,15254.204849860738
2025-02-22,mean14,15249.269061728039
2025-02-22,mean7,15312.313822414479
2025-02-23,blend25,52782.45844522928
2025-02-23,blend50,52786.92013626943
2025-02-23,blend75,52724.47547569408
2025-02-23,fixed,52840.874231333735
2025-02-23,mean14,52673.79398044787
2025-02-23,mean7,52840.386986776924
2025-02-24,blend25,52027.05676462044
2025-02-24,blend50,51999.88847448525
2025-02-24,blend75,51948.13449277748
2025-02-24,fixed,52021.476880265676
2025-02-24,mean14,51998.412609334555
2025-02-24,mean7,52008.154455378375
2025-02-25,blend25,50922.83775695514
2025-02-25,blend50,50928.33837948679
2025-02-25,blend75,50888.15989583701
2025-02-25,fixed,50914.974417697355
2025-02-25,mean14,50894.895476210266
2025-02-25,mean7,50927.02330835944
2025-02-26,blend25,50723.10220341113
2025-02-26,blend50,50734.52101338447
2025-02-26,blend75,50775.59148332901
2025-02-26,fixed,50757.042570281905
2025-02-26,mean14,50799.010923896065
2025-02-26,mean7,50924.05982000968
2025-02-27,blend25,49349.24863091117
2025-02-27,blend50,49349.24863091117
2025-02-27,blend75,49349.24863091117
2025-02-27,fixed,49372.88341832572
2025-02-27,mean14,49311.15477542952
2025-02-27,mean7,49418.38555069845
2025-02-28,blend25,14439.382773703786
2025-02-28,blend50,14367.133261199753
2025-02-28,blend75,14361.799927866421
2025-02-28,fixed,14435.132773703785
2025-02-28,mean14,14361.79992786642
2025-02-28,mean7,14448.837898628417
2025-03-01,blend25,14126.600732706918
2025-03-01,blend50,14121.219395609076
2025-03-01,blend75,14098.915732868043
2025-03-01,fixed,14183.24690510091
2025-03-01,mean14,14098.915732868043
2025-03-01,mean7,14114.350732706918
2025-03-02,blend25,64503.0157546425
2025-03-02,blend50,64363.41455152872
2025-03-02,blend75,64352.842718459295
2025-03-02,fixed,64491.84285962407
2025-03-02,mean14,63865.879264498784
2025-03-02,mean7,64031.34452265237
2025-03-03,blend25,59593.461391898534
2025-03-03,blend50,59492.46468886803
2025-03-03,blend75,59526.252135936724
2025-03-03,fixed,59605.6666003967
2025-03-03,mean14,59517.10565748444
2025-03-03,mean7,59582.2420281869
2025-03-04,blend25,50980.25706852895
2025-03-04,blend50,50968.623951699716
2025-03-04,blend75,50928.542540970724
2025-03-04,fixed,51008.49896311877
2025-03-04,mean14,50938.47952551735
2025-03-04,mean7,50880.688757141965
2025-03-05,blend25,50625.764932556536
2025-03-05,blend50,50625.764932556536
2025-03-05,blend75,50639.74436746879
2025-03-05,fixed,50656.742587913504
2025-03-05,mean14,50582.1288334314
2025-03-05,mean7,50679.36276429197
2025-03-06,blend25,51190.99585550448
2025-03-06,blend50,51190.99585550448
2025-03-06,blend75,51128.86138822057
2025-03-06,fixed,51222.488245569904
2025-03-06,mean14,51079.86778641279
2025-03-06,mean7,51001.77944676355
2025-03-07,blend25,13938.217219281547
2025-03-07,blend50,13938.217219281549
2025-03-07,blend75,13966.862953820884
2025-03-07,fixed,13903.05055261488
2025-03-07,mean14,13977.704715837763
2025-03-07,mean7,14012.775142940625
2025-03-08,blend25,13598.114579136984
2025-03-08,blend50,13597.526848745238
2025-03-08,blend75,13597.022009963997
2025-03-08,fixed,13569.75113906397
2025-03-08,mean14,13597.022009963997
2025-03-08,mean7,13621.858184240888
2025-03-09,blend25,48868.86546343875
2025-03-09,blend50,48879.46928443357
2025-03-09,blend75,48874.83256900638
2025-03-09,fixed,48834.18607186491
2025-03-09,mean14,48727.7367223778
2025-03-09,mean7,48719.47738473038
2025-03-10,blend25,49363.50463046961
2025-03-10,blend50,49363.50463046961
2025-03-10,blend75,49367.767192354346
2025-03-10,fixed,49353.08796380294
2025-03-10,mean14,49277.14824474004
2025-03-10,mean7,49221.178528877164
2025-03-11,blend25,48069.62666951531
2025-03-11,blend50,48049.547037686956
2025-03-11,blend75,48105.642781020775
2025-03-11,fixed,48050.12666951531
2025-03-11,mean14,47998.24715455168
2025-03-11,mean7,47993.831171023965
2025-03-12,blend25,47164.13635790778
2025-03-12,blend50,47172.21687702438
2025-03-12,blend75,47170.40171321991
2025-03-12,fixed,47172.058697138964
2025-03-12,mean14,47103.16432866339
2025-03-12,mean7,47133.87659737805
2025-03-13,blend25,48003.57257853687
2025-03-13,blend50,48001.79458269398
2025-03-13,blend75,48004.75614835654
2025-03-13,fixed,48053.8178769557
2025-03-13,mean14,47815.52790305157
2025-03-13,mean7,47868.46312182626
2025-03-14,blend25,12783.51984766959
2025-03-14,blend50,12809.671529068873
2025-03-14,blend75,12828.931978068944
2025-03-14,fixed,12798.004684670395
2025-03-14,mean14,12828.931978068944
2025-03-14,mean7,12904.672585617058
2025-03-15,blend25,13504.54038844368
2025-03-15,blend50,13484.682113837745
2025-03-15,blend75,13442.64754462457
2025-03-15,fixed,13486.657156756524
2025-03-15,mean14,13435.29105317526
2025-03-15,mean7,13440.44714578562
2025-03-16,blend25,45825.30886815551
2025-03-16,blend50,45831.11766739959
2025-03-16,blend75,45840.422404571436
2025-03-16,fixed,45821.47553482218
2025-03-16,mean14,45840.5720232838
2025-03-16,mean7,45847.32315944469
2025-03-17,blend25,44153.58284372356
2025-03-17,blend50,44155.48346728136
2025-03-17,blend75,44131.10494096766
2025-03-17,fixed,44210.39903595997
2025-03-17,mean14,44134.61746970221
2025-03-17,mean7,44141.8285077862
2025-03-18,blend25,43526.75695850836
2025-03-18,blend50,43531.62380438435
2025-03-18,blend75,43592.13878517754
2025-03-18,fixed,43517.15050284751
2025-03-18,mean14,43552.771326213544
2025-03-18,mean7,43673.787585291844
2025-03-19,blend25,42841.95883691878
2025-03-19,blend50,42876.536316770726
2025-03-19,blend75,42829.43346105045
2025-03-19,fixed,43020.041770988
2025-03-19,mean14,42711.04751706774
2025-03-19,mean7,42733.59249858439
2025-03-20,blend25,44012.64836922166
2025-03-20,blend50,43979.066394293455
2025-03-20,blend75,43931.50069043695
2025-03-20,fixed,44015.58583549697
2025-03-20,mean14,43878.100421411
2025-03-20,mean7,43955.92667866497
2025-03-21,blend25,12398.375067472463
2025-03-21,blend50,12395.985381074064
2025-03-21,blend75,12395.985381074062
2025-03-21,fixed,12418.985381074064
2025-03-21,mean14,12395.985381074062
2025-03-21,mean7,12399.875067472463
2025-03-22,blend25,12260.325710668621
2025-03-22,blend50,12261.68047472243
2025-03-22,blend75,12261.68047472243
2025-03-22,fixed,12135.847141389098
2025-03-22,mean14,12261.68047472243
2025-03-22,mean7,12211.753631281554
2025-03-23,blend25,41377.792845410484
2025-03-23,blend50,41346.5703246799
2025-03-23,blend75,41352.54618657545
2025-03-23,fixed,41430.99215040011
2025-03-23,mean14,41199.1754115229
2025-03-23,mean7,41314.7916075292
2025-03-24,blend25,40837.54208936568
2025-03-24,blend50,40826.79473142249
2025-03-24,blend75,40839.354789622776
2025-03-24,fixed,40872.91806420172
2025-03-24,mean14,40851.37253078361
2025-03-24,mean7,40844.80918865351
2025-03-25,blend25,41030.00420586217
2025-03-25,blend50,41017.17087252883
2025-03-25,blend75,40959.34999734924
2025-03-25,fixed,41100.26019015724
2025-03-25,mean14,40941.29326462533
2025-03-25,mean7,41017.55168226651
2025-03-26,blend25,40678.532030666196
2025-03-26,blend50,40692.834331808
2025-03-26,blend75,40693.58589427334
2025-03-26,fixed,40706.62631591031
2025-03-26,mean14,40643.228186508095
2025-03-26,mean7,40754.27678372506
2025-03-27,blend25,40543.135236414106
2025-03-27,blend50,40524.22606407949
2025-03-27,blend75,40524.22606407949
2025-03-27,fixed,40558.171097235936
2025-03-27,mean14,40525.91076917274
2025-03-27,mean7,40443.298349866214
2025-03-28,blend25,11813.108852732626
2025-03-28,blend50,11809.08127480686
2025-03-28,blend75,11809.08127480686
2025-03-28,fixed,11784.495468089968
2025-03-28,mean14,11809.08127480686
2025-03-28,mean7,11768.025519399293
2025-03-29,blend25,11847.320513900358
2025-03-29,blend50,11848.059338597192
2025-03-29,blend75,11854.327545873213
2025-03-29,fixed,11821.987180567026
2025-03-29,mean14,11882.57281654516
2025-03-29,mean7,11897.410879206545
2025-03-30,blend25,37679.61996812942
2025-03-30,blend50,37730.33460356835
2025-03-30,blend75,37724.85294203059
2025-03-30,fixed,37775.30359980477
2025-03-30,mean14,37701.87973688322
2025-03-30,mean7,37797.597617427266
2025-03-31,blend25,38358.41942509749
2025-03-31,blend50,38311.29913477159
2025-03-31,blend75,38355.67851198629
2025-03-31,fixed,38406.332321326925
2025-03-31,mean14,38290.96191405545
2025-03-31,mean7,38417.26192653534
2025-04-01,blend25,45782.274756214545
2025-04-01,blend50,45882.027888453464
2025-04-01,blend75,45893.35907018472
2025-04-01,fixed,45558.271589697826
2025-04-01,mean14,45898.42812746797
2025-04-01,mean7,45950.200470990545
2025-04-02,blend25,45443.33619233169
2025-04-02,blend50,45431.582892544684
2025-04-02,blend75,45485.07746074302
2025-04-02,fixed,45505.06080180258
2025-04-02,mean14,45498.325810219496
2025-04-02,mean7,45435.8319041077
2025-04-03,blend25,39524.868574956774
2025-04-03,blend50,39550.59631056449
2025-04-03,blend75,39591.78662952191
2025-04-03,fixed,39599.86400735823
2025-04-03,mean14,39500.40192115054
2025-04-03,mean7,39502.65220092721
2025-04-04,blend25,11174.069573692244
2025-04-04,blend50,11178.76731264846
2025-04-04,blend75,11179.68475024911
2025-04-04,fixed,11201.159738230674
2025-04-04,mean14,11179.68475024911
2025-04-04,mean7,11178.767312648459
2025-04-05,blend25,11527.98097509471
2025-04-05,blend50,11563.507479505262
2025-04-05,blend75,11563.507479505262
2025-04-05,fixed,11523.340812838596
2025-04-05,mean14,11563.507479505262
2025-04-05,mean7,11557.900616779125
2025-04-06,blend25,38762.428369590554
2025-04-06,blend50,38727.07137681252
2025-04-06,blend75,38590.56076973494
2025-04-06,fixed,38753.66930424498
2025-04-06,mean14,38604.84504790362
2025-04-06,mean7,38764.218141054305
2025-04-07,blend25,37910.0456890826
2025-04-07,blend50,37981.21930349099
2025-04-07,blend75,38013.28083765489
2025-04-07,fixed,37870.575250796515
2025-04-07,mean14,38014.90904632126
2025-04-07,mean7,38001.23235528877
2025-04-08,blend25,39004.22173237042
2025-04-08,blend50,38939.47173237042
2025-04-08,blend75,39305.82280508204
2025-04-08,fixed,39026.03923280266
2025-04-08,mean14,39348.760725562846
2025-04-08,mean7,39310.263978809526
2025-04-09,blend25,43660.34128558185
2025-04-09,blend50,43696.581881325976
2025-04-09,blend75,43707.383322984875
2025-04-09,fixed,43610.7472426692
2025-04-09,mean14,43849.956845112174
2025-04-09,mean7,43880.79939881725
2025-04-10,blend25,37868.670326042
2025-04-10,blend50,37761.33699270867
2025-04-10,blend75,37755.62922067245
2025-04-10,fixed,37830.622370813646
2025-04-10,mean14,37746.624431706994
2025-04-10,mean7,38006.19317061571
2025-04-11,blend25,11216.245391316832
2025-04-11,blend50,11200.385309982941
2025-04-11,blend75,11193.21684825612
2025-04-11,fixed,11216.245391316832
2025-04-11,mean14,11094.633514922787
2025-04-11,mean7,11133.40495091643
2025-04-12,blend25,10713.363616487315
2025-04-12,blend50,10748.504173438623
2025-04-12,blend75,10872.863616487315
2025-04-12,fixed,10713.363616487315
2025-04-12,mean14,10888.880698992667
2025-04-12,mean7,10861.464032326001
2025-04-13,blend25,37769.24455731065
2025-04-13,blend50,37767.70187138307
2025-04-13,blend75,37787.540895215476
2025-04-13,fixed,37887.12368501661
2025-04-13,mean14,37770.021354632525
2025-04-13,mean7,37886.4299611353
2025-04-14,blend25,37051.586334781074
2025-04-14,blend50,37132.4468507624
2025-04-14,blend75,37107.85408185804
2025-04-14,fixed,36952.691853464385
2025-04-14,mean14,37075.72921350431
2025-04-14,mean7,37144.85576479879
2025-04-15,blend25,36521.81538771674
2025-04-15,blend50,36483.88506324237
2025-04-15,blend75,36512.70751562739
2025-04-15,fixed,36665.926326033994
2025-04-15,mean14,36431.04617006451
2025-04-15,mean7,36457.67289033209
2025-04-16,blend25,36794.13786460788
2025-04-16,blend50,36823.5486685172
2025-04-16,blend75,36855.08620037978
2025-04-16,fixed,36793.36393356258
2025-04-16,mean14,36798.081655830436
2025-04-16,mean7,36834.23132260936
2025-04-17,blend25,35829.73649653208
2025-04-17,blend50,35810.621923950326
2025-04-17,blend75,35883.1023990196
2025-04-17,fixed,35826.09827932272
2025-04-17,mean14,35847.50655646526
2025-04-17,mean7,35866.54389701098
2025-04-18,blend25,10623.329989575157
2025-04-18,blend50,10623.329989575157
2025-04-18,blend75,10565.855219437024
2025-04-18,fixed,10641.481275253647
2025-04-18,mean14,10607.88982666042
2025-04-18,mean7,10565.855219437022
2025-04-19,blend25,10666.058529947872
2025-04-19,blend50,10666.058529947872
2025-04-19,blend75,10666.058529947872
2025-04-19,fixed,10685.224824750674
2025-04-19,mean14,10666.058529947872
2025-04-19,mean7,10666.058529947872
2025-04-20,blend25,35557.32867455099
2025-04-20,blend50,35630.71616634657
2025-04-20,blend75,35653.368914617415
2025-04-20,fixed,35618.26079367003
2025-04-20,mean14,35597.87037734511
2025-04-20,mean7,35633.51468328736
2025-04-21,blend25,35264.814705822195
2025-04-21,blend50,35274.39955897847
2025-04-21,blend75,35274.39955897847
2025-04-21,fixed,35357.39048308913
2025-04-21,mean14,35231.485049396
2025-04-21,mean7,35189.12374209015
2025-04-22,blend25,35433.81299637995
2025-04-22,blend50,35425.18147081004
2025-04-22,blend75,35431.60094237417
2025-04-22,fixed,35515.15801278941
2025-04-22,mean14,35363.2896360318
2025-04-22,mean7,35472.91951661231
2025-04-23,blend25,36145.54024480548
2025-04-23,blend50,36171.463847913496
2025-04-23,blend75,36175.018278953976
2025-04-23,fixed,36065.59924107169
2025-04-23,mean14,36097.725898440876
2025-04-23,mean7,35931.76571204203
2025-04-24,blend25,35120.62178271083
2025-04-24,blend50,35084.16446687287
2025-04-24,blend75,34977.94891375306
2025-04-24,fixed,35054.735348618684
2025-04-24,mean14,34996.248018932594
2025-04-24,mean7,35017.831522134744
2025-04-25,blend25,9976.53580910507
2025-04-25,blend50,9976.53580910507
2025-04-25,blend75,9976.53580910507
2025-04-25,fixed,9949.042439032011
2025-04-25,mean14,9976.53580910507
2025-04-25,mean7,9961.619142438403
2025-04-26,blend25,10200.068682892288
2025-04-26,blend50,10196.206872231645
2025-04-26,blend75,10199.233403620183
2025-04-26,fixed,10252.54020556498
2025-04-26,mean14,10199.233403620183
2025-04-26,mean7,10252.078971630595
2025-04-27,blend25,35516.07173650627
2025-04-27,blend50,35530.686058403946
2025-04-27,blend75,35473.25814352656
2025-04-27,fixed,35566.44507391581
2025-04-27,mean14,35529.68313118654
2025-04-27,mean7,35625.32946580373
2025-04-28,blend25,61348.29215394892
2025-04-28,blend50,61150.41694527604
2025-04-28,blend75,61162.10239630703
2025-04-28,fixed,63130.928069799236
2025-04-28,mean14,61151.89728907749
2025-04-28,mean7,61283.03353625311
2025-04-29,blend25,34229.94678522605
2025-04-29,blend50,34300.76157286629
2025-04-29,blend75,34301.291322313366
2025-04-29,fixed,34259.16804912937
2025-04-29,mean14,34338.523157934804
2025-04-29,mean7,34439.19380821819
2025-05-11,blend25,40512.61109276167
2025-05-11,blend50,40527.90428375114
2025-05-11,blend75,40527.90428375114
2025-05-11,fixed,40495.42916671923
2025-05-11,mean14,40570.80169506336
2025-05-11,mean7,40524.54002010766
2025-05-12,blend25,40517.10015022079
2025-05-12,blend50,40545.59842622833
2025-05-12,blend75,40603.439544663335
2025-05-12,fixed,40533.86909304368
2025-05-12,mean14,40611.610324788664
2025-05-12,mean7,40605.612608029754
2025-05-13,blend25,39656.20923619029
2025-05-13,blend50,39728.26556056718
2025-05-13,blend75,39745.76439784876
2025-05-13,fixed,39664.65850047506
2025-05-13,mean14,39794.23454511258
2025-05-13,mean7,39831.432960680526
2025-05-14,blend25,39639.954725743
2025-05-14,blend50,39587.959804735525
2025-05-14,blend75,39597.948250362584
2025-05-14,fixed,39637.371835368285
2025-05-14,mean14,39545.94795804141
2025-05-14,mean7,39527.579235374345
2025-05-15,blend25,39571.56627375276
2025-05-15,blend50,39529.5186514395
2025-05-15,blend75,39518.0776737212
2025-05-15,fixed,39700.31462470052
2025-05-15,mean14,39435.16496142507
2025-05-15,mean7,39723.73857987543
2025-05-16,blend25,12484.626028338493
2025-05-16,blend50,12468.218590208575
2025-05-16,blend75,12468.218590208575
2025-05-16,fixed,12484.626028338493
2025-05-16,mean14,12468.229375410241
2025-05-16,mean7,12468.229375410241
2025-05-17,blend25,12351.421441875362
2025-05-17,blend50,12343.656993770812
2025-05-17,blend75,12343.656993770812
2025-05-17,fixed,12351.421441875362
2025-05-17,mean14,12343.656993770812
2025-05-17,mean7,12334.831211791658
2025-05-18,blend25,38002.669343287016
2025-05-18,blend50,38067.526399301416
2025-05-18,blend75,38067.526399301416
2025-05-18,fixed,38013.53656013819
2025-05-18,mean14,38062.79079652361
2025-05-18,mean7,38111.44144213858
2025-05-19,blend25,38165.30510960718
2025-05-19,blend50,38208.10735251628
2025-05-19,blend75,38208.10735251628
2025-05-19,fixed,38140.355652509825
2025-05-19,mean14,38191.555079329395
2025-05-19,mean7,38138.47156008147
2025-05-20,blend25,37121.44707141377
2025-05-20,blend50,37117.672211966295
2025-05-20,blend75,37116.72037057097
2025-05-20,fixed,37242.57993078128
2025-05-20,mean14,37256.33566900611
2025-05-20,mean7,37359.279380718566
2025-05-21,blend25,37714.49825819684
2025-05-21,blend50,37691.69941392894
2025-05-21,blend75,37771.48713313996
2025-05-21,fixed,37706.66055299412
2025-05-21,mean14,37740.676578747494
2025-05-21,mean7,37749.620081044275
2025-05-22,blend25,36973.53540139485
2025-05-22,blend50,36984.24544591408
2025-05-22,blend75,36972.36314142599
2025-05-22,fixed,36945.33916090509
2025-05-22,mean14,37033.89204144489
2025-05-22,mean7,37001.97966121739
2025-05-23,blend25,11762.642277792129
2025-05-23,blend50,11718.28160144904
2025-05-23,blend75,11718.281601449038
2025-05-23,fixed,11786.871739353199
2025-05-23,mean14,11737.208817332228
2025-05-23,mean7,11721.255043972553
2025-05-24,blend25,12115.623502691504
2025-05-24,blend50,12091.589762005477
2025-05-24,blend75,12091.589762005477
2025-05-24,fixed,12144.849081006423
2025-05-24,mean14,12093.902750267343
2025-05-24,mean7,12092.202800236639
2025-05-25,blend25,36736.91683532331
2025-05-25,blend50,36762.39335406115
2025-05-25,blend75,36757.34039051249
2025-05-25,fixed,36758.202914444315
2025-05-25,mean14,36718.11389157885
2025-05-25,mean7,36589.331016810196
2025-05-26,blend25,36127.523048535724
2025-05-26,blend50,36079.38638573752
2025-05-26,blend75,36163.72818064059
2025-05-26,fixed,38070.66050645759
2025-05-26,mean14,36792.49035629584
2025-05-26,mean7,36373.49283410126
2025-05-27,blend25,36189.56760678652
2025-05-27,blend50,36206.52189300054
2025-05-27,blend75,36275.28854665626
2025-05-27,fixed,36157.667248759004
2025-05-27,mean14,36267.23296160381
2025-05-27,mean7,36309.360792804204
2025-05-28,blend25,36367.11886827013
2025-05-28,blend50,36389.586859632705
2025-05-28,blend75,36502.26236180772
2025-05-28,fixed,36370.75313950005
2025-05-28,mean14,36612.9044347346
2025-05-28,mean7,36606.125388529144
2025-05-29,blend25,36830.36917513867
2025-05-29,blend50,36832.81709112056
2025-05-29,blend75,36957.02745823389
2025-05-29,fixed,36846.857312713495
2025-05-29,mean14,38212.73128726481
2025-05-29,mean7,37765.886972544395
2025-05-30,blend25,11852.760067168163
2025-05-30,blend50,11852.760067168163
2025-05-30,blend75,11852.760067168163
2025-05-30,fixed,11874.444899985347
2025-05-30,mean14,11852.760067168163
2025-05-30,mean7,11852.760067168163
2025-05-31,blend25,11664.471058679645
2025-05-31,blend50,11664.471058679645
2025-05-31,blend75,11664.471058679645
2025-05-31,fixed,11702.884379356798
2025-05-31,mean14,11664.471058679645
2025-05-31,mean7,11664.424375435883
2025-06-01,blend25,112336.87097891259
2025-06-01,blend50,111861.5489458539
2025-06-01,blend75,111381.33317634763
2025-06-01,fixed,112171.42854426733
2025-06-01,mean14,111141.53489436461
2025-06-01,mean7,111133.9078962684
2025-06-02,blend25,88558.20059774122
2025-06-02,blend50,88592.5525332235
2025-06-02,blend75,88675.94656459142
2025-06-02,fixed,88516.27150129419
2025-06-02,mean14,88675.94656459142
2025-06-02,mean7,88581.5013816859
2025-06-03,blend25,66460.82668002832
2025-06-03,blend50,66491.99959793767
2025-06-03,blend75,66437.14633903914
2025-06-03,fixed,66465.36523104814
2025-06-03,mean14,66676.79092898993
2025-06-03,mean7,66261.87485161207
2025-06-04,blend25,57195.3761645963
2025-06-04,blend50,57135.69283126297
2025-06-04,blend75,57150.49079960839
2025-06-04,fixed,57279.14283126297
2025-06-04,mean14,57141.86549267401
2025-06-04,mean7,57223.452608652944
2025-06-05,blend25,54455.37931178156
2025-06-05,blend50,53779.72019717362
2025-06-05,blend75,53728.6743281277
2025-06-05,fixed,54542.19349609281
2025-06-05,mean14,53740.05385464453
2025-06-05,mean7,53642.01107687573
2025-06-06,blend25,26664.60048411583
2025-06-06,blend50,26803.77624887731
2025-06-06,blend75,27027.40662770007
2025-06-06,fixed,26742.54925458541
2025-06-06,mean14,27028.269054237993
2025-06-06,mean7,27027.05562828702
2025-06-07,blend25,18027.388234203012
2025-06-07,blend50,17983.686902203834
2025-06-07,blend75,17983.686902203834
2025-06-07,fixed,18075.041552927112
2025-06-07,mean14,17979.58240279869
2025-06-07,mean7,17984.774425393927
2025-06-08,blend25,59282.73536671387
2025-06-08,blend50,59392.66966330721
2025-06-08,blend75,59338.57962435935
2025-06-08,fixed,59326.82761029573
2025-06-08,mean14,59186.64691044532
2025-06-08,mean7,59183.22316408046
2025-06-09,blend25,59890.37775932176
2025-06-09,blend50,59719.77586874102
2025-06-09,blend75,59767.666911171305
2025-06-09,fixed,60003.72078910946
2025-06-09,mean14,59786.890553789315
2025-06-09,mean7,59751.30404034422
2025-06-10,blend25,59565.99873237141
2025-06-10,blend50,59550.53829544153
2025-06-10,blend75,59552.71816699068
2025-06-10,fixed,59643.41376025465
2025-06-10,mean14,59617.639108459276
2025-06-10,mean7,59504.58277520363
2025-06-11,blend25,60376.45193117748
2025-06-11,blend50,60242.1009008228
2025-06-11,blend75,60012.52006772363
2025-06-11,fixed,60426.973665934995
2025-06-11,mean14,60036.69404565126
2025-06-11,mean7,60018.42445701442
2025-06-12,blend25,61123.29628683764
2025-06-12,blend50,61008.71934665251
2025-06-12,blend75,60957.78910795563
2025-06-12,fixed,61225.22046328776
2025-06-12,mean14,60941.053446238955
2025-06-12,mean7,60988.07675685861
2025-06-13,blend25,20202.381625712416
2025-06-13,blend50,20212.532398211257
2025-06-13,blend75,20214.55255151454
2025-06-13,fixed,20164.782622141516
2025-06-13,mean14,20212.775081563046
2025-06-13,mean7,20198.46544874451
2025-06-14,blend25,20756.67132897352
2025-06-14,blend50,20749.499706769802
2025-06-14,blend75,20786.99227184552
2025-06-14,fixed,20842.416283858453
2025-06-14,mean14,20751.723129119906
2025-06-14,mean7,20734.658483902036
2025-06-15,blend25,61391.02824346129
2025-06-15,blend50,61245.98392064101
2025-06-15,blend75,61152.75900761223
2025-06-15,fixed,61339.65208761995
2025-06-15,mean14,61098.61080458328
2025-06-15,mean7,61221.31826056113
2025-06-16,blend25,61780.06775144082
2025-06-16,blend50,61700.57144050429
2025-06-16,blend75,61725.48864629044
2025-06-16,fixed,61777.01738002128
2025-06-16,mean14,61657.99211684286
2025-06-16,mean7,61476.35875530979
2025-06-17,blend25,61275.93605903942
2025-06-17,blend50,61000.58676988821
2025-06-17,blend75,60994.513815073245
2025-06-17,fixed,61331.83487436591
2025-06-17,mean14,60793.287764406945
2025-06-17,mean7,60876.57128456168
2025-06-18,blend25,60882.32964484247
2025-06-18,blend50,60860.42126930864
2025-06-18,blend75,60909.85672724727
2025-06-18,fixed,60915.473715630345
2025-06-18,mean14,60825.02734839564
2025-06-18,mean7,60800.36338807553
2025-06-19,blend25,59229.79716235771
2025-06-19,blend50,59106.37710140976
2025-06-19,blend75,59125.91189372236
2025-06-19,fixed,59357.296045216055
2025-06-19,mean14,59058.395343498596
2025-06-19,mean7,59101.29466624038
2025-06-20,blend25,18683.184966259993
2025-06-20,blend50,18683.184966259993
2025-06-20,blend75,18688.32398949587
2025-06-20,fixed,18611.987993533352
2025-06-20,mean14,18688.32398949587
2025-06-20,mean7,18691.850770147947
2025-07-21,blend25,62414.98445434617
2025-07-21,blend50,62308.61456528308
2025-07-21,blend75,62286.980719168445
2025-07-21,fixed,62611.5002510245
2025-07-21,mean14,62269.29581913272
2025-07-21,mean7,62269.29581913272
2025-07-22,blend25,64079.3875662389
2025-07-22,blend50,64063.26273596427
2025-07-22,blend75,64067.1600692976
2025-07-22,fixed,64395.52602241737
2025-07-22,mean14,64078.05018163778
2025-07-22,mean7,64068.53864999397
2025-07-23,blend25,63777.29512519015
2025-07-23,blend50,63754.79512519015
2025-07-23,blend75,63766.03536903504
2025-07-23,fixed,63884.707697947626
2025-07-23,mean14,63759.083369035034
2025-07-23,mean7,63729.50897259726
2025-07-24,blend25,64024.29199543302
2025-07-24,blend50,64083.93180527773
2025-07-24,blend75,64086.879631891876
2025-07-24,fixed,64407.308441511326
2025-07-24,mean14,64087.06444994228
2025-07-24,mean7,64119.66730931383
2025-07-25,blend25,25272.87305467413
2025-07-25,blend50,25272.87305467413
2025-07-25,blend75,25272.87305467413
2025-07-25,fixed,25289.301197606925
2025-07-25,mean14,25272.87305467413
2025-07-25,mean7,25322.02204645162
2025-07-26,blend25,25550.97338281081
2025-07-26,blend50,25550.97338281081
2025-07-26,blend75,25550.97338281081
2025-07-26,fixed,25551.707013579195
2025-07-26,mean14,25550.97338281081
2025-07-26,mean7,25550.97338281081
2025-07-27,blend25,62248.99545306929
2025-07-27,blend50,62205.97378968921
2025-07-27,blend75,62084.64041526502
2025-07-27,fixed,62394.83048464078
2025-07-27,mean14,62074.951425776315
2025-07-27,mean7,62090.93027637262
2025-07-28,blend25,63198.67662727698
2025-07-28,blend50,63145.048250328815
2025-07-28,blend75,63113.18881715961
2025-07-28,fixed,63315.12441408528
2025-07-28,mean14,63046.16317028282
2025-07-28,mean7,63227.57930231751
2025-07-29,blend25,65770.17565908421
2025-07-29,blend50,65591.46213880654
2025-07-29,blend75,65502.120761172126
2025-07-29,fixed,65741.64373212898
2025-07-29,mean14,65511.600718493464
2025-07-29,mean7,65533.8525504293
2025-07-30,blend25,66089.85166633698
2025-07-30,blend50,65928.97117617034
2025-07-30,blend75,65865.18413861295
2025-07-30,fixed,66177.2431968526
2025-07-30,mean14,65865.18413861295
2025-07-30,mean7,66000.74877775469
2025-07-31,blend25,64989.20502959252
2025-07-31,blend50,64951.15869891693
2025-07-31,blend75,64951.15869891693
2025-07-31,fixed,65160.11675590092
2025-07-31,mean14,64949.85636964408
2025-07-31,mean7,64976.78371090268
2025-08-01,blend25,25049.593061043775
2025-08-01,blend50,25049.59306104378
2025-08-01,blend75,25049.593061043775
2025-08-01,fixed,25100.745070289875
2025-08-01,mean14,25049.593061043775
2025-08-01,mean7,25049.869548029048
2025-08-02,blend25,24686.245206059262
2025-08-02,blend50,24686.245206059262
2025-08-02,blend75,24686.245206059262
2025-08-02,fixed,24717.65725367889
2025-08-02,mean14,24686.245206059262
2025-08-02,mean7,24686.245206059262
2025-08-03,blend25,61016.13270916088
2025-08-03,blend50,60998.4768744279
2025-08-03,blend75,60998.4768744279
2025-08-03,fixed,60924.95967654052
2025-08-03,mean14,60998.4768744279
2025-08-03,mean7,60961.703146104584
2025-08-04,blend25,58917.50925806953
2025-08-04,blend50,58961.953036366205
2025-08-04,blend75,58966.0510851268
2025-08-04,fixed,59041.42592473619
2025-08-04,mean14,58980.17714420738
2025-08-04,mean7,58993.104067259075
2025-08-05,blend25,59080.34540319121
2025-08-05,blend50,58933.48775180021
2025-08-05,blend75,58914.99496738355
2025-08-05,fixed,59172.17363405022
2025-08-05,mean14,58901.046487930755
2025-08-05,mean7,58896.0846194707
2025-08-06,blend25,58969.2879545123
2025-08-06,blend50,58784.69403716516
2025-08-06,blend75,58763.05997700873
2025-08-06,fixed,58929.998828942946
2025-08-06,mean14,58715.570900446764
2025-08-06,mean7,58793.01703052289
2025-08-07,blend25,57212.973587411194
2025-08-07,blend50,56984.48285438127
2025-08-07,blend75,56960.88422899931
2025-08-07,fixed,57391.392664163875
2025-08-07,mean14,56959.586053570085
2025-08-07,mean7,56983.504186491315
2025-08-08,blend25,23355.31510662145
2025-08-08,blend50,23355.31510662145
2025-08-08,blend75,23355.31510662145
2025-08-08,fixed,23374.46650762899
2025-08-08,mean14,23355.31510662145
2025-08-08,mean7,23355.31510662145
2025-08-09,blend25,23847.950677895595
2025-08-09,blend50,23841.805980583165
2025-08-09,blend75,23841.805980583165
2025-08-09,fixed,23847.950677895595
2025-08-09,mean14,23841.805980583165
2025-08-09,mean7,23841.805980583165
2025-08-10,blend25,55598.949509252285
2025-08-10,blend50,55343.09902598038
2025-08-10,blend75,55319.712960156176
2025-08-10,fixed,55711.51656876604
2025-08-10,mean14,55319.712960156176
2025-08-10,mean7,55389.86897008414
2025-08-11,blend25,54313.129328497926
2025-08-11,blend50,54192.788321620385
2025-08-11,blend75,54203.20079222743
2025-08-11,fixed,54658.20830797177
2025-08-11,mean14,54203.20079222743
2025-08-11,mean7,54215.69986184282
2025-08-12,blend25,55564.57457266683
2025-08-12,blend50,55557.89990502932
2025-08-12,blend75,55533.15948019686
2025-08-12,fixed,55528.32774009961
2025-08-12,mean14,55533.15948019686
2025-08-12,mean7,55536.72290861125
2025-08-13,blend25,53972.23035439829
2025-08-13,blend50,53653.77107063818
2025-08-13,blend75,53654.235628752176
2025-08-13,fixed,54032.00348071116
2025-08-13,mean14,53654.235628752176
2025-08-13,mean7,53743.27665795186
2025-08-14,blend25,53783.519281919034
2025-08-14,blend50,54708.113059543466
2025-08-14,blend75,54726.2303928768
2025-08-14,fixed,53848.795560835744
2025-08-14,mean14,54726.2303928768
2025-08-14,mean7,54871.22700435094
2025-08-15,blend25,22733.784227762015
2025-08-15,blend50,22759.032206876705
2025-08-15,blend75,22762.218386269127
2025-08-15,fixed,22669.69278615356
2025-08-15,mean14,22762.218386269127
2025-08-15,mean7,22754.409453481487
2025-08-16,blend25,22922.329326910647
2025-08-16,blend50,22911.019935593635
2025-08-16,blend75,22911.019935593635
2025-08-16,fixed,22956.34242241546
2025-08-16,mean14,22911.019935593635
2025-08-16,mean7,22954.8042582599
2025-08-17,blend25,53488.71386536615
2025-08-17,blend50,53238.20890272013
2025-08-17,blend75,53126.15952900851
2025-08-17,fixed,53819.24185167447
2025-08-17,mean14,53105.33392375354
2025-08-17,mean7,53370.05425656329
2025-08-18,blend25,54334.31872528672
2025-08-18,blend50,53964.4569845089
2025-08-18,blend75,53846.17140488742
2025-08-18,fixed,54518.18319845576
2025-08-18,mean14,53837.102466610326
2025-08-18,mean7,54210.327486475784
2025-08-19,blend25,54200.99633806337
2025-08-19,blend50,54095.07135208574
2025-08-19,blend75,54101.60636252437
2025-08-19,fixed,54421.140962472105
2025-08-19,mean14,54119.3869246294
2025-08-19,mean7,54215.54836382919
2025-08-20,blend25,68391.10742832224
2025-08-20,blend50,65452.39923478883
2025-08-20,blend75,65450.8074496864
2025-08-20,fixed,70432.41239032579
2025-08-20,mean14,65063.072625321925
2025-08-20,mean7,65409.71791900481
2025-08-21,blend25,53646.00373908008
2025-08-21,blend50,53703.43835049076
2025-08-21,blend75,53683.46336237158
2025-08-21,fixed,53808.84045674491
2025-08-21,mean14,53712.430029038245
2025-08-21,mean7,53605.73126276346
2025-08-22,blend25,23039.592979293826
2025-08-22,blend50,23041.025469846412
2025-08-22,blend75,23041.025469846412
2025-08-22,fixed,23183.283190149043
2025-08-22,mean14,23037.665879588687
2025-08-22,mean7,23048.254627512575
2025-08-23,blend25,22441.535423854148
2025-08-23,blend50,22462.681505591052
2025-08-23,blend75,22462.681505591052
2025-08-23,fixed,22581.724250941155
2025-08-23,mean14,22466.548514586484
2025-08-23,mean7,22534.514838924384
2025-08-24,blend25,54947.810230706775
2025-08-24,blend50,54767.590623067226
2025-08-24,blend75,54696.17814076155
2025-08-24,fixed,55116.96344607631
2025-08-24,mean14,54709.73993064156
2025-08-24,mean7,54694.49059730823
2025-08-25,blend25,57597.15276632908
2025-08-25,blend50,57381.949937773155
2025-08-25,blend75,57316.89286378153
2025-08-25,fixed,57686.86346393614
2025-08-25,mean14,57316.89286378153
2025-08-25,mean7,57274.052450694406
2025-08-26,blend25,55128.97307676285
2025-08-26,blend50,55206.43620694689
2025-08-26,blend75,55185.10172496326
2025-08-26,fixed,55158.236208261726
2025-08-26,mean14,55158.14656129526
2025-08-26,mean7,55149.310345313475
2025-08-27,blend25,55853.96310266976
2025-08-27,blend50,55777.6758140345
2025-08-27,blend75,55874.95672941042
2025-08-27,fixed,56200.548850022176
2025-08-27,mean14,55885.81144658826
2025-08-27,mean7,55865.747561529744
2025-08-28,blend25,55912.23932809542
2025-08-28,blend50,55861.22882557244
2025-08-28,blend75,55831.39215489172
2025-08-28,fixed,55871.1471497353
2025-08-28,mean14,55847.811777843344
2025-08-28,mean7,55941.73473729813
2025-08-29,blend25,23157.77646634647
2025-08-29,blend50,23204.639052599912
2025-08-29,blend75,23204.639052599912
2025-08-29,fixed,23161.505712433875
2025-08-29,mean14,23213.642220327478
2025-08-29,mean7,23287.491440250484
2025-08-30,blend25,23716.045323989114
2025-08-30,blend50,23654.404254182144
2025-08-30,blend75,23654.404254182144
2025-08-30,fixed,23748.99092058354
2025-08-30,mean14,23656.916842878585
2025-08-30,mean7,23702.64244803951
2025-08-31,blend25,55678.760813728826
2025-08-31,blend50,55660.20251154184
2025-08-31,blend75,55633.3261304708
2025-08-31,fixed,55700.80999047304
2025-08-31,mean14,55633.3261304708
2025-08-31,mean7,55790.26498558655
2025-09-01,blend25,48175.235827722194
2025-09-01,blend50,48122.48752536338
2025-09-01,blend75,48105.84466103023
2025-09-01,fixed,48260.81131725604
2025-09-01,mean14,48123.15286255811
2025-09-01,mean7,48155.09727451275
2025-09-02,blend25,48072.85049779214
2025-09-02,blend50,48024.46153842355
2025-09-02,blend75,48046.47438372336
2025-09-02,fixed,48003.669819594244
2025-09-02,mean14,48046.47438372336
2025-09-02,mean7,47972.46221329171
2025-09-03,blend25,49727.38566127852
2025-09-03,blend50,49597.16853031807
2025-09-03,blend75,49575.656903638956
2025-09-03,fixed,49714.079397472524
2025-09-03,mean14,49613.82357030563
2025-09-03,mean7,49483.264903638956
2025-09-04,blend25,47851.84223169431
2025-09-04,blend50,47836.98267014819
2025-09-04,blend75,47824.0749538787
2025-09-04,fixed,47803.258520128235
2025-09-04,mean14,47859.593570973186
2025-09-04,mean7,47987.48453219764
2025-09-05,blend25,18733.93011832298
2025-09-05,blend50,18715.46929956908
2025-09-05,blend75,18897.387971710326
2025-09-05,fixed,18580.021178885614
2025-09-05,mean14,18927.95764401577
2025-09-05,mean7,18556.978300321312
2025-09-06,blend25,18361.94047515877
2025-09-06,blend50,18374.683222316275
2025-09-06,blend75,18669.354254097445
2025-09-06,fixed,18357.09130111312
2025-09-06,mean14,18669.354254097445
2025-09-06,mean7,18387.880342400975
2025-09-07,blend25,46272.44313289672
2025-09-07,blend50,46264.29047446608
2025-09-07,blend75,46170.39049444837
2025-09-07,fixed,46109.51095596487
2025-09-07,mean14,46170.39049444837
2025-09-07,mean7,46071.77319465424
2025-09-08,blend25,45709.23197684168
2025-09-08,blend50,45677.84221110354
2025-09-08,blend75,45677.84221110354
2025-09-08,fixed,45655.90401764875
2025-09-08,mean14,45713.36061820873
2025-09-08,mean7,45320.28842664538
2025-09-09,blend25,45074.459587288446
2025-09-09,blend50,45058.56377580955
2025-09-09,blend75,45095.474142485706
2025-09-09,fixed,45089.58964844843
2025-09-09,mean14,45144.94641701289
2025-09-09,mean7,44793.00198924257
2025-09-10,blend25,50837.90365725827
2025-09-10,blend50,50959.50652186696
2025-09-10,blend75,50962.536679538964
2025-09-10,fixed,47510.85025577729
2025-09-10,mean14,50962.35855369256
2025-09-10,mean7,50591.370976542516
2025-09-11,blend25,45561.36201847165
2025-09-11,blend50,45534.660715525475
2025-09-11,blend75,45429.50248263842
2025-09-11,fixed,45481.46737043639
2025-09-11,mean14,45406.387858216054
2025-09-11,mean7,45051.86610150253
2025-09-12,blend25,17428.712640686383
2025-09-12,blend50,17426.663745589336
2025-09-12,blend75,17423.83603172712
2025-09-12,fixed,17428.712640686383
2025-09-12,mean14,17423.83603172712
2025-09-12,mean7,17420.78234346577
2025-09-13,blend25,17388.341585455153
2025-09-13,blend50,17374.79976883215
2025-09-13,blend75,17383.475002957563
2025-09-13,fixed,17388.341585455153
2025-09-13,mean14,17383.475002957563
2025-09-13,mean7,17352.41668947544
2025-09-14,blend25,46549.839467419704
2025-09-14,blend50,46557.49440138329
2025-09-14,blend75,46535.22564931544
2025-09-14,fixed,46553.07773471662
2025-09-14,mean14,46189.81947717787
2025-09-14,mean7,46279.35213747397
2025-09-15,blend25,45056.96558101042
2025-09-15,blend50,45010.51021351173
2025-09-15,blend75,45007.78702486193
2025-09-15,fixed,45066.730337580244
2025-09-15,mean14,44770.06119678247
2025-09-15,mean7,44841.85494654302
2025-09-16,blend25,45737.19249526349
2025-09-16,blend50,45567.025828596816
2025-09-16,blend75,45562.0383703201
2025-09-16,fixed,45705.417954736775
2025-09-16,mean14,45305.83121007725
2025-09-16,mean7,45467.51062499258
2025-09-17,blend25,45717.986766668575
2025-09-17,blend50,45789.40343333524
2025-09-17,blend75,45781.49337036146
2025-09-17,fixed,45712.33450419761
2025-09-17,mean14,45478.56979521483
2025-09-17,mean7,45312.92924329717
2025-09-18,blend25,45169.136128580416
2025-09-18,blend50,45207.00246876383
2025-09-18,blend75,45260.35057600992
2025-09-18,fixed,45173.93535599125
2025-09-18,mean14,45009.173521328434
2025-09-18,mean7,44908.41635795968
2025-09-19,blend25,16874.191354921477
2025-09-19,blend50,16880.321628783346
2025-09-19,blend75,16880.321628783346
2025-09-19,fixed,16913.02446446428
2025-09-19,mean14,16803.121007778427
2025-09-19,mean7,16852.555246547254
2025-09-20,blend25,16637.415754585872
2025-09-20,blend50,16656.424619443085
2025-09-20,blend75,16656.424619443085
2025-09-20,fixed,16637.415754585872
2025-09-20,mean14,16697.32473168731
2025-09-20,mean7,16630.278106799306
2025-09-21,blend25,48196.844328528176
2025-09-21,blend50,48252.80740898266
2025-09-21,blend75,47971.904347221294
2025-09-21,fixed,48136.59538248837
2025-09-21,mean14,47843.268924109834
2025-09-21,mean7,47958.19441092119
2025-09-22,blend25,46718.07653935045
2025-09-22,blend50,46718.22203833334
2025-09-22,blend75,46584.74836198625
2025-09-22,fixed,46660.75071354168
2025-09-22,mean14,46527.913358628284
2025-09-22,mean7,46464.61061190423
2025-11-10,blend25,55054.15096807759
2025-11-10,blend50,55130.10481569985
2025-11-10,blend75,55185.40125671166
2025-11-10,fixed,54984.240310757334
2025-11-10,mean14,55165.93842452928
2025-11-10,mean7,55161.505984496725
2025-11-11,blend25,53632.55590162599
2025-11-11,blend50,53651.06000118009
2025-11-11,blend75,53604.474067069925
2025-11-11,fixed,53569.15536389917
2025-11-11,mean14,53660.33573842536
2025-11-11,mean7,53810.738316642
2025-11-12,blend25,54176.057124552135
2025-11-12,blend50,54166.8743726181
2025-11-12,blend75,54085.77952964469
2025-11-12,fixed,54236.87177293138
2025-11-12,mean14,53957.40272048
2025-11-12,mean7,54094.865435637155
2025-11-13,blend25,55235.8867705448
2025-11-13,blend50,55250.3189334391
2025-11-13,blend75,54976.47697761863
2025-11-13,fixed,55157.85955139975
2025-11-13,mean14,54871.858926551104
2025-11-13,mean7,54881.70499606743
2025-11-14,blend25,15067.850976037083
2025-11-14,blend50,15067.881979535801
2025-11-14,blend75,15070.790548273697
2025-11-14,fixed,15103.320857664236
2025-11-14,mean14,15070.734325511097
2025-11-14,mean7,15139.003181631742
2025-11-15,blend25,15632.409238319062
2025-11-15,blend50,15598.667363199382
2025-11-15,blend75,15603.175649858773
2025-11-15,fixed,15631.23436588254
2025-11-15,mean14,15604.726788631177
2025-11-15,mean7,15605.161894446297
2025-11-16,blend25,56178.687597722535
2025-11-16,blend50,56197.039818940946
2025-11-16,blend75,56147.760758895995
2025-11-16,fixed,56179.41995238589
2025-11-16,mean14,56180.25832299923
2025-11-16,mean7,56226.51804158615
2025-11-17,blend25,56370.83633947343
2025-11-17,blend50,56396.81811514936
2025-11-17,blend75,56288.9243835054
2025-11-17,fixed,56453.038609567826
2025-11-17,mean14,56163.84188499142
2025-11-17,mean7,56294.9150941863
2025-11-18,blend25,56517.69402226986
2025-11-18,blend50,56627.57247963752
2025-11-18,blend75,56641.240738823166
2025-11-18,fixed,56565.34346415648
2025-11-18,mean14,56636.38791411248
2025-11-18,mean7,56551.899097932706
2025-11-19,blend25,57981.347307640535
2025-11-19,blend50,58001.93064097387
2025-11-19,blend75,57884.23556561817
2025-11-19,fixed,58001.96326215378
2025-11-19,mean14,57756.232141492044
2025-11-19,mean7,57842.834094463644
2025-11-20,blend25,57228.36176013615
2025-11-20,blend50,57229.920307155495
2025-11-20,blend75,57162.3095742144
2025-11-20,fixed,57247.83995299392
2025-11-20,mean14,57272.07755254529
2025-11-20,mean7,57222.330435541684
2025-11-21,blend25,15852.581352620233
2025-11-21,blend50,15852.012797654377
2025-11-21,blend75,15859.307222484273
2025-11-21,fixed,15752.43608975094
2025-11-21,mean14,15864.560546788372
2025-11-21,mean7,15859.872540085002
2025-11-22,blend25,16091.79876205215
2025-11-22,blend50,16094.09652744638
2025-11-22,blend75,16049.013194113048
2025-11-22,fixed,16067.04876205215
2025-11-22,mean14,16049.013194113048
2025-11-22,mean7,16034.640444234234
2025-11-23,blend25,58211.60607885076
2025-11-23,blend50,58237.2749759408
2025-11-23,blend75,58211.158144484674
2025-11-23,fixed,58294.26261083413
2025-11-23,mean14,58139.70994180288
2025-11-23,mean7,58212.84984753301
2025-11-24,blend25,58396.24158920215
2025-11-24,blend50,58392.99323436271
2025-11-24,blend75,58371.193513075224
2025-11-24,fixed,58481.4034500046
2025-11-24,mean14,58466.435970564045
2025-11-24,mean7,58434.33493008905
2025-11-25,blend25,57812.29986094885
2025-11-25,blend50,57753.06318952415
2025-11-25,blend75,57565.36092174202
2025-11-25,fixed,57845.50949167063
2025-11-25,mean14,57500.7732586149
2025-11-25,mean7,57525.923215802315
2025-11-26,blend25,58765.35161679071
2025-11-26,blend50,58747.601978853476
2025-11-26,blend75,58699.00721832112
2025-11-26,fixed,58798.65950185586
2025-11-26,mean14,58593.21526193611
2025-11-26,mean7,58770.03790531588
2025-11-27,blend25,58862.77408404595
2025-11-27,blend50,58888.93689658397
2025-11-27,blend75,58825.34087537477
2025-11-27,fixed,58879.4671969998
2025-11-27,mean14,58821.535941427326
2025-11-27,mean7,58865.99716080712
2025-11-28,blend25,15818.677644983016
2025-11-28,blend50,15833.506724973882
2025-11-28,blend75,15833.506724973882
2025-11-28,fixed,15834.07447029756
2025-11-28,mean14,15833.506724973882
2025-11-28,mean7,15875.011966054131
2025-11-29,blend25,17257.300496207805
2025-11-29,blend50,17450.888570496478
2025-11-29,blend75,17437.133506583898
2025-11-29,fixed,17397.908231110836
2025-11-29,mean14,17437.133506583898
2025-11-29,mean7,17335.732427592844
2025-11-30,blend25,60432.870672747034
2025-11-30,blend50,60408.192219551405
2025-11-30,blend75,60280.60416379981
2025-11-30,fixed,60452.6698025258
2025-11-30,mean14,60418.88264693074
2025-11-30,mean7,60401.78002991399
2025-12-01,blend25,93166.1550670024
2025-12-01,blend50,93105.48458759027
2025-12-01,blend75,93232.88837220533
2025-12-01,fixed,92416.60645825551
2025-12-01,mean14,93865.74472649714
2025-12-01,mean7,93796.44811930381
2025-12-02,blend25,98112.48792747034
2025-12-02,blend50,98118.61091132129
2025-12-02,blend75,98424.66441890346
2025-12-02,fixed,97793.52489236122
2025-12-02,mean14,98663.2891576403
2025-12-02,mean7,98702.11417120672
2025-12-03,blend25,79815.41487023806
2025-12-03,blend50,79815.41487023806
2025-12-03,blend75,80214.4389908839
2025-12-03,fixed,79892.36734297706
2025-12-03,mean14,80571.27507540227
2025-12-03,mean7,80210.67580514254
2025-12-04,blend25,82295.63938001089
2025-12-04,blend50,82273.19525684929
2025-12-04,blend75,82376.2366145873
2025-12-04,fixed,82452.63021324053
2025-12-04,mean14,80578.43348811829
2025-12-04,mean7,82541.62904258513
2025-12-05,blend25,20873.295425697564
2025-12-05,blend50,20873.295425697564
2025-12-05,blend75,20873.295425697564
2025-12-05,fixed,20937.611846394237
2025-12-05,mean14,20882.507189618114
2025-12-05,mean7,20821.344031778157
2025-12-06,blend25,22090.985414404484
2025-12-06,blend50,22081.10375415487
2025-12-06,blend75,22081.10375415487
2025-12-06,fixed,22148.874935730975
2025-12-06,mean14,22081.10375415487
2025-12-06,mean7,22312.367528265742
2025-12-07,blend25,71771.22580573175
2025-12-07,blend50,71766.70440423748
2025-12-07,blend75,71774.68508454293
2025-12-07,fixed,71693.06836733496
2025-12-07,mean14,71802.93754297857
2025-12-07,mean7,71782.53919283868
2025-12-08,blend25,73212.79688023697
2025-12-08,blend50,73212.79688023697
2025-12-08,blend75,73193.17714665197
2025-12-08,fixed,73235.9205425033
2025-12-08,mean14,73092.82836129196
2025-12-08,mean7,73111.28665907933
2025-12-09,blend25,73076.7265595451
2025-12-09,blend50,73073.26994134509
2025-12-09,blend75,72955.44880699989
2025-12-09,fixed,73129.85945074532
2025-12-09,mean14,72962.76684605089
2025-12-09,mean7,72970.68522164943
2025-12-10,blend25,73943.70669916543
2025-12-10,blend50,73872.51481064498
2025-12-10,blend75,73837.3020152158
2025-12-10,fixed,73986.62503167953
2025-12-10,mean14,73833.13721661389
2025-12-10,mean7,73971.18309352333
2025-12-11,blend25,72475.13331740891
2025-12-11,blend50,72475.13331740891
2025-12-11,blend75,72384.75581740892
2025-12-11,fixed,72610.6889158494
2025-12-11,mean14,72376.3585797028
2025-12-11,mean7,72517.30367445883
2025-12-12,blend25,23395.98760172039
2025-12-12,blend50,23463.468462987268
2025-12-12,blend75,23466.48286670786
2025-12-12,fixed,23462.46307536736
2025-12-12,mean14,23466.48286670786
2025-12-12,mean7,23471.278828966562
2025-12-13,blend25,24269.367360555454
2025-12-13,blend50,24246.625475651075
2025-12-13,blend75,24227.232089137524
2025-12-13,fixed,24227.974506608774
2025-12-13,mean14,24213.29214231774
2025-12-13,mean7,24233.28281312259
2025-12-14,blend25,75259.23652139776
2025-12-14,blend50,75254.73436737871
2025-12-14,blend75,75303.11622163733
2025-12-14,fixed,75306.42744599238
2025-12-14,mean14,75298.08006313
2025-12-14,mean7,75273.91704286823
2025-12-15,blend25,76435.66383138158
2025-12-15,blend50,76439.58802414365
2025-12-15,blend75,76394.21347652932
2025-12-15,fixed,76568.29170367276
2025-12-15,mean14,76424.23416077504
2025-12-15,mean7,76482.90289519915
2025-12-16,blend25,76005.4517748574
2025-12-16,blend50,76002.03785184535
2025-12-16,blend75,75951.18411154559
2025-12-16,fixed,76233.83218227423
2025-12-16,mean14,75951.18411154559
2025-12-16,mean7,75992.77834755859
2025-12-17,blend25,75692.43286444918
2025-12-17,blend50,75781.16447378836
2025-12-17,blend75,75732.03414768934
2025-12-17,fixed,75681.92048678479
2025-12-17,mean14,75761.31893649412
2025-12-17,mean7,75800.32881557006
2025-12-18,blend25,74739.09307044228
2025-12-18,blend50,74706.36646020765
2025-12-18,blend75,74524.79519740261
2025-12-18,fixed,74876.29045383671
2025-12-18,mean14,74624.36850627384
2025-12-18,mean7,74656.6578760956
2025-12-19,blend25,24247.254425419138
2025-12-19,blend50,24252.004425419138
2025-12-19,blend75,24233.64773411624
2025-12-19,fixed,24430.66120022676
2025-12-19,mean14,24235.073125573846
2025-12-19,mean7,24234.89484881769
2025-12-20,blend25,23966.78223983218
2025-12-20,blend50,24022.75275331631
2025-12-20,blend75,24032.972716138018
2025-12-20,fixed,24026.35619090875
2025-12-20,mean14,24085.80336836512
2025-12-20,mean7,24104.365809163693
