method,period,windows,days,plan_kwh,emergency_kwh,plan_cost,emergency_cost,total_cost,paid_grid_spill_kwh,pv_spill_kwh,charge_kwh,discharge_kwh,preserved_emergency_kwh,inventory_adjusted_cost,total_window_start_energy,total_window_end_energy,emergency_slots,reserve_solves,reserve_failures,max_audit
fixed_greedy,development,2,28,1551890.310781276,5350.602847455227,903173.2120824587,34051.217471222444,937224.4295536813,73659.046717639,161866.81795605292,502531.2625604385,407141.23150539905,0.0,937289.1283088902,3225.7401396730165,3124.730326957675,14,0,0,7.16227077646181e-11
fixed_greedy,validation,2,28,1937897.733262314,2758.770674650464,1324247.3933990519,21358.587987657993,1345605.98138671,150391.8160927678,129106.82096874075,497553.0824346149,401487.5074758257,0.0,1344430.943123603,3959.5157250529114,5660.0593875111135,40,0,0,3.9449332689400766e-12
fixed_greedy,evaluation,2,28,2018921.0140286905,338.4003679999983,1369985.812559419,1839.9267120493244,1371825.7392714685,119189.48964285711,99132.5201810523,559788.682066829,454685.81946071424,0.0,1372676.9686900019,6237.627060207406,4840.974852893127,8,0,0,2.595470505184494e-10
mean7_greedy,development,2,28,1552925.1643495236,5009.490145732369,903114.0342114887,31800.17924191044,934914.2134533991,72285.0070936061,162299.7893333098,510831.7488140058,413806.90864566574,0.0,934939.261780394,3225.7401396730165,3188.860021538627,17,0,0,7.044320682325633e-11
mean7_greedy,validation,2,28,1935944.158871465,2427.455443260931,1319885.5821207669,16470.859840815134,1336356.4419615818,146834.16311770494,132799.99988399766,485509.7517116107,391864.59231525427,0.0,1335282.0834708852,3959.5157250529114,5513.189692997885,40,0,0,8.736833478906192e-11
mean7_greedy,evaluation,2,28,2012888.3946760378,1004.1527346666652,1367175.2922501243,5412.790594357659,1372588.082844482,115123.82428724633,99260.03625428793,552074.3842973227,448400.239394819,0.0,1373412.7300816406,6237.627060207406,4882.08471133228,10,0,0,4.663595626671179e-12
netload_shape_greedy,development,2,28,1551904.3579831475,5015.469873362849,902861.8582101488,31812.126799907674,934673.9850100565,71949.57714056433,162338.15824936156,507086.5703463644,410779.49577978,0.0,934703.2800570481,3225.7401396730165,3181.9914738677257,16,0,0,1.5575096767861396e-11
netload_shape_greedy,validation,2,28,1939011.5692820314,2391.281036394264,1320233.3588682264,16216.24529040173,1336449.6041586283,152238.52300406122,128513.49567945916,495580.1744583597,400021.63474012096,0.0,1335375.2456679316,3959.5157250529114,5513.189692997885,37,0,0,8.355982572538778e-12
netload_shape_greedy,evaluation,2,28,2017077.892725841,1004.1527346666652,1369573.9207621976,5412.790594357659,1374986.7113565553,119843.85361390829,99328.42822259493,549150.4402311615,446075.2185738238,0.0,1375842.5209526557,6237.627060207406,4833.891519559793,10,0,0,2.0463630789890885e-11
mean7_value_update,development,2,28,1551586.3922613636,7748.794542947611,902528.5041977429,40384.30215624814,942912.806353991,73722.63110055964,162690.18481996472,507664.9572322375,411067.6042484505,7716.170872947611,942810.5750108962,3225.7401396730165,3382.4191504084706,203,112,0,7.044320682325633e-11
mean7_value_update,validation,2,28,1935167.4096744535,5935.007202779994,1319522.809941582,31007.68036436411,1350530.490305946,149689.7929691041,133484.08623432805,481252.3115051816,388416.0657480466,5461.954341351423,1349456.1318152493,3959.5157250529114,5513.189692997885,185,112,0,8.736833478906192e-11
mean7_value_update,evaluation,2,28,2012693.8393649457,2922.232269915238,1367088.0785142435,14180.706016935168,1381268.7845311787,116720.60870318046,99611.50735493461,549931.5734696495,446482.15985957044,2768.457576486673,1381961.8079405478,6237.627060207406,5084.7544500359845,126,112,0,4.663595626671179e-12
netload_shape_value_update,development,2,28,1550498.0398637601,7627.329371045712,902277.5452740253,40050.22184804526,942327.7671220705,73295.14385815868,162634.22113330394,504068.66364410694,408197.6773007638,7627.329371045712,942256.7351635706,3225.7401396730165,3334.5626407428585,187,112,0,1.5575096767861396e-11
netload_shape_value_update,validation,2,28,1938220.812311974,5884.5282153857115,1319860.6679216893,30627.44349732662,1350488.1114190158,155043.72671020817,129230.1858415156,491267.52362009865,396528.3875611295,5447.518251195235,1349413.7529283192,3959.5157250529114,5513.189692997885,179,112,0,8.355982572538778e-12
netload_shape_value_update,evaluation,2,28,2016917.1335486863,2810.4182181904753,1369504.195731908,13774.687925886956,1383278.8836577951,121556.46334668898,99679.8993232416,546925.6002205797,444268.95309029997,2656.643524761911,1384131.1403080402,6237.627060207406,4838.497158395772,118,112,0,2.0463630789890885e-11
mean7_value_shift6h,development,2,28,1548509.709314885,10240.907729595234,901370.1505905144,52140.455998833335,953510.6065893478,73665.09316789298,162747.72275263138,504588.27428575896,408575.49106180284,10240.907729595234,953408.375246253,3225.7401396730165,3382.4191504084706,208,112,0,1.1095835361629725e-10
mean7_value_shift6h,validation,2,28,1935153.4157261634,5946.3423008952195,1319516.038270004,31099.953730571106,1350615.9920005752,149689.7929691041,133484.08623432805,481238.3175568912,388404.7306499314,5473.289439466649,1349541.6335098785,3959.5157250529114,5513.189692997885,186,112,0,8.736833478906192e-11
mean7_value_shift6h,evaluation,2,28,2004908.4860216668,10070.868900922855,1363879.6876473818,60098.40941022996,1423978.097057612,116720.60870318045,99629.73167563419,542579.2734214332,439784.80084432475,9917.09420749429,1424138.0266120909,6237.627060207406,5909.194423580958,137,112,0,4.234834705130197e-11
oracle_greedy,development,2,28,1558446.9845693759,5330.428530296178,893436.273496269,34295.87823181177,927732.1517280808,75064.5592239243,159696.18520717695,540875.0800417471,438183.4292731762,0.0,927785.7095043131,3225.7401396730165,3142.8352070497376,14,0,0,1.2656897752094665e-10
oracle_greedy,validation,2,28,1941121.7000318798,2764.4547286476036,1311349.335345617,20821.830085299305,1332171.1654309165,150975.66567143568,128454.85040947562,515309.46323345316,415946.1164705038,0.0,1331053.8531098529,3959.5157250529114,5575.681001267728,40,0,0,2.546585164964199e-11
oracle_greedy,evaluation,2,28,2021840.1521015938,1010.5277346666652,1358135.467927881,5456.870531857659,1363592.3384597385,118237.85848548499,98093.36757124985,589040.7955859506,478355.88377309137,0.0,1364425.392659082,6237.627060207406,4867.805561905823,11,0,0,7.617018127348274e-12
oracle_value_update,development,2,28,1557104.0153785837,8213.415395964756,892885.762340363,42473.94316836232,935359.7055087253,76591.59849752922,160226.89354399766,537486.219441291,435312.29860826954,8213.415395964756,935321.0905557331,3225.7401396730165,3283.0058498687868,219,112,0,1.2656897752094665e-10
oracle_value_update,validation,2,28,1940324.0341861346,6494.566965339989,1310977.0095181898,34856.17088387342,1345833.1804020633,154106.0234970465,129106.9751637378,510835.58855489705,412322.27798087336,6006.778286101893,1344715.8680809997,3959.5157250529114,5575.681001267728,198,112,0,7.394697200248225e-11
oracle_value_update,evaluation,2,28,2021666.805634511,2992.2223208476194,1358058.7281230376,14505.39951725737,1372564.1276402948,120029.56735162018,98423.078481465,586746.0293425173,476374.18918691046,2839.1182502761976,1373308.283945624,6237.627060207406,5004.398816350268,139,112,0,7.617018127348274e-12
