method,window,period,date,mae,mse,rank_correlation,high_quartile_overlap,low_quartile_overlap
fixed_attachment1,dev_march,development,2025-03-07,0.1576958333333333,0.029707297361111114,0.9011697305021121,0.8333333333333334,0.5555555555555556
fixed_attachment1,dev_march,development,2025-03-08,0.16893402777777777,0.03491588048611111,0.9037096429126842,0.8055555555555556,0.6388888888888888
fixed_attachment1,dev_march,development,2025-03-09,0.0432201388888889,0.002934583263888889,0.9701136975797019,0.8888888888888888,0.75
fixed_attachment1,dev_march,development,2025-03-10,0.05545833333333334,0.0053793306944444445,0.9594452979470136,0.8333333333333334,0.7777777777777778
fixed_attachment1,dev_march,development,2025-03-11,0.04992083333333334,0.0038564801388888906,0.9531273862996626,0.8611111111111112,0.8055555555555556
fixed_attachment1,dev_march,development,2025-03-12,0.04352777777777778,0.0029349755555555562,0.9481327196431003,0.8611111111111112,0.7222222222222222
fixed_attachment1,dev_march,development,2025-03-13,0.05578611111111112,0.005091784305555556,0.9566922844521557,0.8333333333333334,0.75
fixed_attachment1,dev_march,development,2025-03-14,0.17515625,0.036772298263888885,0.894538271497145,0.8888888888888888,0.5833333333333334
fixed_attachment1,dev_march,development,2025-03-15,0.1622222222222222,0.03219771166666666,0.9288616579355182,0.8055555555555556,0.6666666666666666
fixed_attachment1,dev_march,development,2025-03-16,0.045496527777777775,0.0032422210416666666,0.9469984617520134,0.8611111111111112,0.7777777777777778
fixed_attachment1,dev_march,development,2025-03-17,0.038602083333333335,0.002484709097222223,0.9343454540049538,0.8611111111111112,0.6666666666666666
fixed_attachment1,dev_march,development,2025-03-18,0.03935555555555556,0.002611493194444445,0.9630612798614862,0.8888888888888888,0.8611111111111112
fixed_attachment1,dev_march,development,2025-03-19,0.04047986111111111,0.002789232986111112,0.9615843323196165,0.8611111111111112,0.7777777777777778
fixed_attachment1,dev_march,development,2025-03-20,0.04234652777777778,0.002790599375000001,0.9609393211276707,0.8611111111111112,0.7777777777777778
fixed_attachment1,dev_april,development,2025-04-17,0.03655069444444445,0.0022170479861111114,0.9475188164951057,0.8333333333333334,0.75
fixed_attachment1,dev_april,development,2025-04-18,0.20677708333333333,0.053204660347222224,0.9012618699106221,0.8333333333333334,0.6388888888888888
fixed_attachment1,dev_april,development,2025-04-19,0.20822083333333333,0.05416405763888889,0.8940729651322622,0.8055555555555556,0.6111111111111112
fixed_attachment1,dev_april,development,2025-04-20,0.036536111111111116,0.0027636600000000002,0.9556974489411738,0.8888888888888888,0.75
fixed_attachment1,dev_april,development,2025-04-21,0.04619652777777777,0.0037188320138888883,0.9410563142708923,0.8611111111111112,0.6944444444444444
fixed_attachment1,dev_april,development,2025-04-22,0.035166666666666666,0.0019643704166666673,0.9445206381094825,0.8888888888888888,0.6944444444444444
fixed_attachment1,dev_april,development,2025-04-23,0.04229305555555555,0.003123388888888889,0.9515991608497076,0.8333333333333334,0.6944444444444444
fixed_attachment1,dev_april,development,2025-04-24,0.04908611111111111,0.004037985138888888,0.9443477090156226,0.7777777777777778,0.6666666666666666
fixed_attachment1,dev_april,development,2025-04-25,0.22550555555555554,0.06356471749999999,0.8758380866571885,0.7777777777777778,0.5833333333333334
fixed_attachment1,dev_april,development,2025-04-26,0.2283923611111111,0.06763684770833334,0.8718195784294918,0.7777777777777778,0.5
fixed_attachment1,dev_april,development,2025-04-27,0.046647916666666664,0.0037864914583333334,0.9321100843918656,0.8333333333333334,0.6666666666666666
fixed_attachment1,dev_april,development,2025-04-28,0.03850208333333333,0.002429676458333333,0.9636551981453548,0.8611111111111112,0.8055555555555556
fixed_attachment1,dev_april,development,2025-04-29,0.047528472222222215,0.0037890753472222213,0.931983349270405,0.8055555555555556,0.6666666666666666
fixed_attachment1,dev_april,development,2025-04-30,0.05037986111111111,0.004750564791666666,0.960199704807787,0.8055555555555556,0.7777777777777778
fixed_attachment1,val_june,validation,2025-06-08,0.05314305555555555,0.0039358127777777765,0.9214778257047901,0.8055555555555556,0.6666666666666666
fixed_attachment1,val_june,validation,2025-06-09,0.06280208333333334,0.005899641875000002,0.935437619949882,0.8333333333333334,0.6944444444444444
fixed_attachment1,val_june,validation,2025-06-10,0.05989861111111112,0.005287879166666667,0.9406543544540272,0.9166666666666666,0.6944444444444444
fixed_attachment1,val_june,validation,2025-06-11,0.07042847222222222,0.007368460902777778,0.9377125047393668,0.9166666666666666,0.6666666666666666
fixed_attachment1,val_june,validation,2025-06-12,0.06978749999999999,0.00712237375,0.9322164516113783,0.8333333333333334,0.6944444444444444
fixed_attachment1,val_june,validation,2025-06-13,0.12652916666666666,0.021202967638888886,0.9136527502195619,0.8333333333333334,0.6388888888888888
fixed_attachment1,val_june,validation,2025-06-14,0.13436319444444444,0.025383624652777777,0.8844565952500458,0.8055555555555556,0.5833333333333334
fixed_attachment1,val_june,validation,2025-06-15,0.06550069444444445,0.006211368680555556,0.9349805882380995,0.8888888888888888,0.7222222222222222
fixed_attachment1,val_june,validation,2025-06-16,0.06272222222222222,0.0062288351388888885,0.9404121494745739,0.8888888888888888,0.7222222222222222
fixed_attachment1,val_june,validation,2025-06-17,0.06915972222222222,0.00866521111111111,0.9211522868827703,0.8333333333333334,0.6944444444444444
fixed_attachment1,val_june,validation,2025-06-18,0.05979999999999999,0.0061730440277777765,0.9346851916028023,0.8611111111111112,0.6944444444444444
fixed_attachment1,val_june,validation,2025-06-19,0.052984027777777776,0.004009196180555555,0.9277723632857995,0.8888888888888888,0.6388888888888888
fixed_attachment1,val_june,validation,2025-06-20,0.14580416666666668,0.028883490694444444,0.8885108794541283,0.8055555555555556,0.5277777777777778
fixed_attachment1,val_june,validation,2025-06-21,0.15869375,0.034186860624999996,0.876699033044088,0.8333333333333334,0.4166666666666667
fixed_attachment1,val_august,validation,2025-08-18,0.09947083333333334,0.01614281513888889,0.8925226320568029,0.8888888888888888,0.5
fixed_attachment1,val_august,validation,2025-08-19,0.09129166666666666,0.01467463361111111,0.8958625339342265,0.8333333333333334,0.5555555555555556
fixed_attachment1,val_august,validation,2025-08-20,0.10457777777777778,0.018166311805555557,0.9184745476780328,0.8333333333333334,0.5833333333333334
fixed_attachment1,val_august,validation,2025-08-21,0.09622638888888889,0.014839116805555552,0.9092147674368851,0.8055555555555556,0.5555555555555556
fixed_attachment1,val_august,validation,2025-08-22,0.1323888888888889,0.02994980083333333,0.8709163050430966,0.7777777777777778,0.4444444444444444
fixed_attachment1,val_august,validation,2025-08-23,0.13375208333333333,0.028307196458333326,0.857522365760826,0.7777777777777778,0.4444444444444444
fixed_attachment1,val_august,validation,2025-08-24,0.09543958333333331,0.01505560923611111,0.8892222427799457,0.8611111111111112,0.4722222222222222
fixed_attachment1,val_august,validation,2025-08-25,0.1024986111111111,0.017056627916666664,0.899205443352433,0.7777777777777778,0.5555555555555556
fixed_attachment1,val_august,validation,2025-08-26,0.09539583333333333,0.014952134999999998,0.896833227515915,0.8333333333333334,0.5
fixed_attachment1,val_august,validation,2025-08-27,0.10050833333333335,0.017080030416666666,0.9033519513894663,0.8888888888888888,0.5833333333333334
fixed_attachment1,val_august,validation,2025-08-28,0.10365069444444443,0.01790710631944444,0.9293659716918029,0.8333333333333334,0.6111111111111112
fixed_attachment1,val_august,validation,2025-08-29,0.1278784722222222,0.02487071020833333,0.8753718829120739,0.8055555555555556,0.5277777777777778
fixed_attachment1,val_august,validation,2025-08-30,0.14412083333333334,0.03425894958333333,0.8612218569552601,0.75,0.4166666666666667
fixed_attachment1,val_august,validation,2025-08-31,0.0870125,0.014044215416666665,0.9153327780644429,0.8611111111111112,0.6666666666666666
fixed_attachment1,eval_september,evaluation,2025-09-10,0.04230555555555556,0.002772146666666667,0.9354840330472427,0.8611111111111112,0.6666666666666666
fixed_attachment1,eval_september,evaluation,2025-09-11,0.050043055555555556,0.004122158194444445,0.8888223520967883,0.8055555555555556,0.5
fixed_attachment1,eval_september,evaluation,2025-09-12,0.19125208333333332,0.04830604729166666,0.8634773845624407,0.75,0.5555555555555556
fixed_attachment1,eval_september,evaluation,2025-09-13,0.19968402777777777,0.053551888680555555,0.8665961331244294,0.7777777777777778,0.6111111111111112
fixed_attachment1,eval_september,evaluation,2025-09-14,0.03804236111111112,0.002161632708333334,0.9489262680270488,0.8611111111111112,0.75
fixed_attachment1,eval_september,evaluation,2025-09-15,0.04946666666666666,0.004327308888888889,0.8889259530017214,0.8333333333333334,0.4722222222222222
fixed_attachment1,eval_september,evaluation,2025-09-16,0.03926180555555556,0.002474594375,0.9342771308363659,0.7777777777777778,0.7222222222222222
fixed_attachment1,eval_september,evaluation,2025-09-17,0.04101875000000001,0.002447215208333334,0.9319772524113972,0.8611111111111112,0.6944444444444444
fixed_attachment1,eval_september,evaluation,2025-09-18,0.03609097222222222,0.002190749930555555,0.9332985689442592,0.8333333333333334,0.6666666666666666
fixed_attachment1,eval_september,evaluation,2025-09-19,0.17349097222222223,0.03875582340277777,0.8755969467890258,0.7777777777777778,0.5
fixed_attachment1,eval_september,evaluation,2025-09-20,0.1790972222222222,0.04000103486111111,0.8755627853077027,0.7777777777777778,0.5555555555555556
fixed_attachment1,eval_september,evaluation,2025-09-21,0.044496527777777774,0.003221622430555555,0.9415244692267987,0.7777777777777778,0.6944444444444444
fixed_attachment1,eval_september,evaluation,2025-09-22,0.04074652777777778,0.0029316604861111114,0.9255609778760003,0.8333333333333334,0.6666666666666666
fixed_attachment1,eval_september,evaluation,2025-09-23,0.04276041666666667,0.003177416180555556,0.9191967196849858,0.8333333333333334,0.6388888888888888
fixed_attachment1,eval_december,evaluation,2025-12-08,0.14518333333333333,0.03280643569444445,0.9644810308067988,0.8333333333333334,0.8611111111111112
fixed_attachment1,eval_december,evaluation,2025-12-09,0.14584652777777776,0.033376607291666666,0.9631698301388234,0.8333333333333334,0.8333333333333334
fixed_attachment1,eval_december,evaluation,2025-12-10,0.15526319444444445,0.03770214951388889,0.9582485574401697,0.8611111111111112,0.8888888888888888
fixed_attachment1,eval_december,evaluation,2025-12-11,0.1385826388888889,0.030418234513888896,0.9563616780310271,0.8333333333333334,0.8333333333333334
fixed_attachment1,eval_december,evaluation,2025-12-12,0.07241319444444444,0.008013442986111112,0.9507381392074374,0.8888888888888888,0.9166666666666666
fixed_attachment1,eval_december,evaluation,2025-12-13,0.06879652777777777,0.00713081659722222,0.9400425210565566,0.8333333333333334,0.75
fixed_attachment1,eval_december,evaluation,2025-12-14,0.158225,0.03943123513888889,0.9604821199573415,0.8333333333333334,0.9166666666666666
fixed_attachment1,eval_december,evaluation,2025-12-15,0.15291527777777777,0.03798222416666667,0.946435802059634,0.8055555555555556,0.7777777777777778
fixed_attachment1,eval_december,evaluation,2025-12-16,0.1485388888888889,0.03506146680555555,0.9589208187337598,0.8611111111111112,0.8333333333333334
fixed_attachment1,eval_december,evaluation,2025-12-17,0.14640833333333333,0.03384105597222223,0.9552715687288968,0.8333333333333334,0.7777777777777778
fixed_attachment1,eval_december,evaluation,2025-12-18,0.14816527777777777,0.03519287027777778,0.9567213786957766,0.8333333333333334,0.9166666666666666
fixed_attachment1,eval_december,evaluation,2025-12-19,0.07286527777777776,0.007486402083333331,0.9493113949874743,0.8888888888888888,0.8333333333333334
fixed_attachment1,eval_december,evaluation,2025-12-20,0.06745972222222223,0.0073566040277777784,0.9593046330239187,0.8611111111111112,0.8055555555555556
fixed_attachment1,eval_december,evaluation,2025-12-21,0.14804027777777776,0.03523835194444445,0.9597175040888899,0.8333333333333334,0.8611111111111112
lag1,dev_march,development,2025-03-07,0.18352777777777782,0.04249256597222222,0.8884269288135003,0.8611111111111112,0.6111111111111112
lag1,dev_march,development,2025-03-08,0.04015763888888888,0.0026227113194444438,0.9518495855932351,0.8611111111111112,0.6944444444444444
lag1,dev_march,development,2025-03-09,0.18717361111111108,0.04435963291666666,0.9031716798443586,0.8611111111111112,0.6666666666666666
lag1,dev_march,development,2025-03-10,0.039820138888888884,0.002970275208333333,0.9554165213979999,0.9166666666666666,0.7777777777777778
lag1,dev_march,development,2025-03-11,0.0403125,0.002846176388888889,0.9530352795552591,0.8888888888888888,0.8333333333333334
lag1,dev_march,development,2025-03-12,0.04006805555555555,0.002401139027777778,0.9413901858482341,0.8888888888888888,0.75
lag1,dev_march,development,2025-03-13,0.051387499999999996,0.004654053611111111,0.9372979207838247,0.8055555555555556,0.7222222222222222
lag1,dev_march,development,2025-03-14,0.2091159722222222,0.057377197291666654,0.8550957621907832,0.7777777777777778,0.5
lag1,dev_march,development,2025-03-15,0.05191319444444445,0.004893727430555555,0.9000127602671941,0.8055555555555556,0.6111111111111112
lag1,dev_march,development,2025-03-16,0.18114097222222222,0.042506600902777775,0.8892099602226579,0.75,0.6388888888888888
lag1,dev_march,development,2025-03-17,0.037962499999999996,0.002349090277777778,0.9339068420190787,0.9444444444444444,0.6388888888888888
lag1,dev_march,development,2025-03-18,0.03845625,0.002554591736111111,0.9274672100346237,0.9722222222222222,0.6111111111111112
lag1,dev_march,development,2025-03-19,0.035928472222222216,0.0020981543749999994,0.9446806159106526,0.9166666666666666,0.7222222222222222
lag1,dev_march,development,2025-03-20,0.037713888888888894,0.0025567747222222225,0.9534431118175936,0.9722222222222222,0.7222222222222222
lag1,dev_april,development,2025-04-17,0.04048263888888889,0.002764109652777778,0.9349535906713917,0.8611111111111112,0.6944444444444444
lag1,dev_april,development,2025-04-18,0.18887916666666665,0.04485999319444445,0.9209504116472956,0.8333333333333334,0.6666666666666666
lag1,dev_april,development,2025-04-19,0.03521875,0.002023590486111111,0.9566802274355686,0.9166666666666666,0.6666666666666666
lag1,dev_april,development,2025-04-20,0.18746249999999998,0.04444019333333334,0.9072014339769752,0.8333333333333334,0.6666666666666666
lag1,dev_april,development,2025-04-21,0.037840972222222234,0.0025737917361111115,0.9382101045357121,0.8611111111111112,0.6666666666666666
lag1,dev_april,development,2025-04-22,0.044215972222222226,0.0032001864583333334,0.9241588020224162,0.8888888888888888,0.5833333333333334
lag1,dev_april,development,2025-04-23,0.041425,0.0025814513888888888,0.9346403061664939,0.8888888888888888,0.7222222222222222
lag1,dev_april,development,2025-04-24,0.039933333333333335,0.0027128040277777784,0.9488171610904421,0.8611111111111112,0.6944444444444444
lag1,dev_april,development,2025-04-25,0.19671249999999998,0.04770755305555555,0.9056904818435086,0.8888888888888888,0.6111111111111112
lag1,dev_april,development,2025-04-26,0.050213194444444435,0.00422071548611111,0.9365904533089597,0.8888888888888888,0.6666666666666666
lag1,dev_april,development,2025-04-27,0.19702083333333334,0.05110878333333334,0.9149622818267037,0.7777777777777778,0.6111111111111112
lag1,dev_april,development,2025-04-28,0.055799999999999995,0.00582820125,0.9061249095731855,0.8333333333333334,0.6111111111111112
lag1,dev_april,development,2025-04-29,0.05727222222222222,0.00568683236111111,0.9188126332560816,0.8611111111111112,0.6944444444444444
lag1,dev_april,development,2025-04-30,0.04874444444444445,0.004161259444444444,0.9227569493444561,0.8888888888888888,0.6111111111111112
lag1,val_june,validation,2025-06-08,0.14720208333333332,0.026762182847222222,0.9314552632123634,0.8055555555555556,0.7222222222222222
lag1,val_june,validation,2025-06-09,0.04471319444444444,0.0034114890972222218,0.9495246047123495,0.8611111111111112,0.6944444444444444
lag1,val_june,validation,2025-06-10,0.03947708333333334,0.002553218819444445,0.9492863781371751,0.8611111111111112,0.6944444444444444
lag1,val_june,validation,2025-06-11,0.04289791666666667,0.002866843263888889,0.9537807062762218,0.8888888888888888,0.75
lag1,val_june,validation,2025-06-12,0.04488125,0.0031726115972222214,0.9502761542771282,0.8055555555555556,0.75
lag1,val_june,validation,2025-06-13,0.18267222222222224,0.042826812222222226,0.918268984413848,0.7777777777777778,0.6666666666666666
lag1,val_june,validation,2025-06-14,0.04363402777777778,0.0033453163194444454,0.9452946265215361,0.8611111111111112,0.75
lag1,val_june,validation,2025-06-15,0.18104166666666668,0.04343347625,0.925053025439616,0.8055555555555556,0.7222222222222222
lag1,val_june,validation,2025-06-16,0.040543749999999996,0.0026859268749999995,0.9597227301792955,0.8888888888888888,0.8611111111111112
lag1,val_june,validation,2025-06-17,0.04537638888888889,0.003322662083333333,0.9459376635894098,0.7777777777777778,0.8055555555555556
lag1,val_june,validation,2025-06-18,0.04109305555555556,0.002917737083333334,0.9643888799025042,0.8611111111111112,0.8055555555555556
lag1,val_june,validation,2025-06-19,0.040307638888888886,0.0028378349305555554,0.9581844634070605,0.9166666666666666,0.8055555555555556
lag1,val_june,validation,2025-06-20,0.18673958333333335,0.04344099770833333,0.9060662569998883,0.8888888888888888,0.5833333333333334
lag1,val_june,validation,2025-06-21,0.04300902777777778,0.003200408402777778,0.9497004856934443,0.8611111111111112,0.6944444444444444
lag1,val_august,validation,2025-08-18,0.04125833333333333,0.0026969897222222216,0.9679968169652892,0.8888888888888888,0.7777777777777778
lag1,val_august,validation,2025-08-19,0.042669444444444454,0.002718963888888889,0.959075632363399,0.8888888888888888,0.6388888888888888
lag1,val_august,validation,2025-08-20,0.046922222222222226,0.003303904444444445,0.9455317464389059,0.8611111111111112,0.6666666666666666
lag1,val_august,validation,2025-08-21,0.04284444444444445,0.002937886666666667,0.9547402836192501,0.9166666666666666,0.75
lag1,val_august,validation,2025-08-22,0.18720416666666667,0.04396571180555556,0.9323232272529858,0.9166666666666666,0.7222222222222222
lag1,val_august,validation,2025-08-23,0.04431736111111109,0.003317003402777776,0.9601105222218391,0.9722222222222222,0.75
lag1,val_august,validation,2025-08-24,0.18182500000000001,0.04070609152777779,0.9521219197048463,0.8611111111111112,0.7222222222222222
lag1,val_august,validation,2025-08-25,0.04449374999999999,0.0037002207638888885,0.9527629466340058,0.8888888888888888,0.6944444444444444
lag1,val_august,validation,2025-08-26,0.03935277777777778,0.0026376936111111113,0.9478738603686607,0.8888888888888888,0.6666666666666666
lag1,val_august,validation,2025-08-27,0.045841666666666656,0.0032026543055555553,0.94790897408508,0.9444444444444444,0.6666666666666666
lag1,val_august,validation,2025-08-28,0.05223680555555556,0.0051339354861111115,0.9395403887966756,0.9166666666666666,0.6388888888888888
lag1,val_august,validation,2025-08-29,0.1997875,0.053171871527777775,0.902129857187452,0.8888888888888888,0.5555555555555556
lag1,val_august,validation,2025-08-30,0.05040902777777778,0.003985061736111111,0.9483893461034307,0.9166666666666666,0.6388888888888888
lag1,val_august,validation,2025-08-31,0.19464722222222225,0.05007996972222222,0.920298730306238,0.8888888888888888,0.6111111111111112
lag1,eval_september,evaluation,2025-09-10,0.0509875,0.0046434522222222226,0.9326649766891196,0.8888888888888888,0.6388888888888888
lag1,eval_september,evaluation,2025-09-11,0.05063611111111112,0.0046856725,0.9037606540482156,0.8888888888888888,0.5277777777777778
lag1,eval_september,evaluation,2025-09-12,0.17841875,0.03974021090277777,0.9390431005644377,0.8333333333333334,0.6944444444444444
lag1,eval_september,evaluation,2025-09-13,0.04193194444444445,0.002942564722222222,0.9538781202400138,0.8611111111111112,0.6944444444444444
lag1,eval_september,evaluation,2025-09-14,0.20954305555555558,0.05748504805555556,0.8784694033460814,0.8611111111111112,0.5
lag1,eval_september,evaluation,2025-09-15,0.04173125,0.0031944302083333335,0.9265649459513231,0.9166666666666666,0.5833333333333334
lag1,eval_september,evaluation,2025-09-16,0.04317291666666667,0.0031464604861111112,0.9161087817804913,0.9166666666666666,0.5555555555555556
lag1,eval_september,evaluation,2025-09-17,0.041100000000000005,0.002703143194444445,0.937193174944789,0.8888888888888888,0.6388888888888888
lag1,eval_september,evaluation,2025-09-18,0.03873472222222222,0.0024029222222222224,0.9417196252296834,0.8888888888888888,0.6666666666666666
lag1,eval_september,evaluation,2025-09-19,0.17686805555555557,0.03956521986111111,0.9097739526060339,0.8333333333333334,0.5555555555555556
lag1,eval_september,evaluation,2025-09-20,0.04349930555555555,0.002824669930555555,0.955011655011655,0.8611111111111112,0.75
lag1,eval_september,evaluation,2025-09-21,0.18665486111111113,0.04248276909722223,0.8953156806458087,0.8611111111111112,0.5277777777777778
lag1,eval_september,evaluation,2025-09-22,0.03405833333333332,0.0017353011111111106,0.952228326614929,0.8611111111111112,0.75
lag1,eval_september,evaluation,2025-09-23,0.03880416666666667,0.0025316362499999997,0.9492913509263857,0.8888888888888888,0.7222222222222222
lag1,eval_december,evaluation,2025-12-08,0.039718055555555555,0.0022823206944444447,0.9731692515442953,0.9166666666666666,0.8611111111111112
lag1,eval_december,evaluation,2025-12-09,0.03641597222222223,0.002264867430555556,0.9840787881954352,0.9166666666666666,0.8611111111111112
lag1,eval_december,evaluation,2025-12-10,0.03925138888888889,0.0023651584722222236,0.9796840273451787,0.9444444444444444,0.8611111111111112
lag1,eval_december,evaluation,2025-12-11,0.0363263888888889,0.0023345868055555563,0.9801050360859263,0.9166666666666666,0.8888888888888888
lag1,eval_december,evaluation,2025-12-12,0.1749513888888889,0.03794935888888889,0.9569437313562135,0.9444444444444444,0.8333333333333334
lag1,eval_december,evaluation,2025-12-13,0.03670277777777778,0.002243254305555555,0.9579565126969234,0.9444444444444444,0.75
lag1,eval_december,evaluation,2025-12-14,0.19104097222222224,0.046851183263888894,0.96050647206806,0.9722222222222222,0.8055555555555556
lag1,eval_december,evaluation,2025-12-15,0.034593055555555564,0.001897376527777778,0.9761755007163442,0.9166666666666666,0.8055555555555556
lag1,eval_december,evaluation,2025-12-16,0.03175416666666667,0.001587213333333333,0.9733783457921389,0.9166666666666666,0.8055555555555556
lag1,eval_december,evaluation,2025-12-17,0.033590277777777774,0.0016693859722222222,0.973245719797444,0.9444444444444444,0.75
lag1,eval_december,evaluation,2025-12-18,0.037243055555555564,0.002247653611111111,0.9706122604822242,0.9722222222222222,0.7777777777777778
lag1,eval_december,evaluation,2025-12-19,0.18495138888888887,0.04329266125,0.9612098718052756,0.9166666666666666,0.8888888888888888
lag1,eval_december,evaluation,2025-12-20,0.03340555555555554,0.0018993683333333325,0.9733863837312113,0.9444444444444444,0.8055555555555556
lag1,eval_december,evaluation,2025-12-21,0.19136805555555556,0.046474552361111116,0.9613695871926556,0.8888888888888888,0.8888888888888888
mean7,dev_march,development,2025-03-07,0.1406079365079365,0.025812069433106582,0.9004530387966112,0.8611111111111112,0.5277777777777778
mean7,dev_march,development,2025-03-08,0.15116150793650796,0.029660804790249438,0.9012034828478184,0.8333333333333334,0.5833333333333334
mean7,dev_march,development,2025-03-09,0.04534335317460317,0.002935350936791382,0.9674553567396539,0.9444444444444444,0.7777777777777778
mean7,dev_march,development,2025-03-10,0.06240009920634922,0.005933916778628118,0.9704485170002412,0.9444444444444444,0.7777777777777778
mean7,dev_march,development,2025-03-11,0.05405089285714286,0.004426625905612246,0.9549452514774767,0.9166666666666666,0.8333333333333334
mean7,dev_march,development,2025-03-12,0.048841567460317474,0.0034835145734126993,0.9494854703931044,0.8611111111111112,0.7222222222222222
mean7,dev_march,development,2025-03-13,0.0678621031746032,0.007296072604875285,0.9513061650992686,0.8611111111111112,0.7222222222222222
mean7,dev_march,development,2025-03-14,0.14629573412698413,0.02758656129960317,0.8839480024694369,0.8611111111111112,0.4722222222222222
mean7,dev_march,development,2025-03-15,0.13138422619047618,0.022313922813208615,0.9237249052782829,0.8055555555555556,0.6666666666666666
mean7,dev_march,development,2025-03-16,0.0531282738095238,0.004252353218537414,0.9561962022714037,0.8888888888888888,0.75
mean7,dev_march,development,2025-03-17,0.03631359126984128,0.0018954247548185952,0.9447038362227514,0.9444444444444444,0.7222222222222222
mean7,dev_march,development,2025-03-18,0.048267757936507935,0.003697788533163265,0.9574259226369431,0.9722222222222222,0.75
mean7,dev_march,development,2025-03-19,0.04881170634920636,0.0036881068537414977,0.9667248748610364,0.9444444444444444,0.7777777777777778
mean7,dev_march,development,2025-03-20,0.056766964285714275,0.004485051909013604,0.9592827739764247,0.9444444444444444,0.7777777777777778
mean7,dev_april,development,2025-04-17,0.05517619047619049,0.004431555816326532,0.951180425148454,0.9166666666666666,0.7222222222222222
mean7,dev_april,development,2025-04-18,0.13584444444444443,0.023298545683106575,0.9565125653664797,0.8611111111111112,0.7222222222222222
mean7,dev_april,development,2025-04-19,0.13859573412698412,0.02475537533871882,0.9287746024515782,0.8333333333333334,0.6111111111111112
mean7,dev_april,development,2025-04-20,0.053529960317460316,0.004229155464852606,0.9417217518381895,0.9166666666666666,0.6944444444444444
mean7,dev_april,development,2025-04-21,0.04580932539682539,0.003034478191609977,0.9717154687283549,0.9166666666666666,0.8055555555555556
mean7,dev_april,development,2025-04-22,0.060242261904761896,0.005172155977891156,0.9377641221868509,0.8333333333333334,0.6666666666666666
mean7,dev_april,development,2025-04-23,0.05768124999999999,0.004809073907312924,0.9413802561899456,0.8888888888888888,0.6666666666666666
mean7,dev_april,development,2025-04-24,0.0493328373015873,0.00366308536989796,0.9503032324778637,0.8611111111111112,0.6388888888888888
mean7,dev_april,development,2025-04-25,0.15006011904761907,0.02804857521258504,0.9428864239209066,0.9166666666666666,0.6944444444444444
mean7,dev_april,development,2025-04-26,0.15092718253968254,0.030297789512471654,0.9330236035104831,0.8611111111111112,0.6388888888888888
mean7,dev_april,development,2025-04-27,0.05493998015873017,0.0047639669401927445,0.952306888513785,0.8611111111111112,0.6388888888888888
mean7,dev_april,development,2025-04-28,0.08564384920634921,0.011570952406462585,0.9080830601273171,0.8333333333333334,0.6111111111111112
mean7,dev_april,development,2025-04-29,0.04940337301587302,0.003729308724489795,0.9424341741723355,0.9166666666666666,0.6388888888888888
mean7,dev_april,development,2025-04-30,0.05083402777777778,0.0042909022945011345,0.9241798255031051,0.9166666666666666,0.5833333333333334
mean7,val_june,validation,2025-06-08,0.041805952380952374,0.002405002766439909,0.9684792219274979,0.8333333333333334,0.8333333333333334
mean7,val_june,validation,2025-06-09,0.059196924603174605,0.005445977705498866,0.9546548347890249,0.8055555555555556,0.7222222222222222
mean7,val_june,validation,2025-06-10,0.054851289682539675,0.004643923932823129,0.9685032724544763,0.8611111111111112,0.8333333333333334
mean7,val_june,validation,2025-06-11,0.07027430555555556,0.0073644145734127016,0.958681937427075,0.8333333333333334,0.6944444444444444
mean7,val_june,validation,2025-06-12,0.06014662698412698,0.005016969742063492,0.9725503829100557,0.8333333333333334,0.7777777777777778
mean7,val_june,validation,2025-06-13,0.12945714285714283,0.02129744157596371,0.9254611018623572,0.8611111111111112,0.6388888888888888
mean7,val_june,validation,2025-06-14,0.133205753968254,0.023121778259637193,0.9360359618135647,0.8055555555555556,0.6388888888888888
mean7,val_june,validation,2025-06-15,0.05559444444444445,0.004814738007369614,0.9722801345155363,0.8888888888888888,0.8333333333333334
mean7,val_june,validation,2025-06-16,0.05662182539682539,0.004531992035147391,0.9707146854638347,0.8888888888888888,0.8333333333333334
mean7,val_june,validation,2025-06-17,0.060974305555555545,0.00627256188066893,0.9641387348283901,0.7777777777777778,0.8333333333333334
mean7,val_june,validation,2025-06-18,0.05118859126984127,0.0039033341142290265,0.9738575816434278,0.8611111111111112,0.8888888888888888
mean7,val_june,validation,2025-06-19,0.045914384920634904,0.003089191934523808,0.9685424258818189,0.8888888888888888,0.8333333333333334
mean7,val_june,validation,2025-06-20,0.14658918650793654,0.026588349678287982,0.9264034032741292,0.8888888888888888,0.6388888888888888
mean7,val_june,validation,2025-06-21,0.15586805555555555,0.03225611370748299,0.8999908568355729,0.8888888888888888,0.5
mean7,val_august,validation,2025-08-18,0.059799702380952384,0.005162303062641723,0.9721173100598077,0.8888888888888888,0.7777777777777778
mean7,val_august,validation,2025-08-19,0.053927380952380956,0.004113619761904762,0.9718772041599965,0.8888888888888888,0.6944444444444444
mean7,val_august,validation,2025-08-20,0.07831785714285716,0.008954767735260771,0.9562906481503984,0.8888888888888888,0.8055555555555556
mean7,val_august,validation,2025-08-21,0.05832400793650795,0.005429714937641723,0.9560012820530527,0.9444444444444444,0.75
mean7,val_august,validation,2025-08-22,0.13174890873015874,0.021711866951530615,0.961904034667501,0.9444444444444444,0.75
mean7,val_august,validation,2025-08-23,0.13412797619047623,0.021802774095804993,0.9589934078790788,0.9444444444444444,0.75
mean7,val_august,validation,2025-08-24,0.05130654761904762,0.003998993214285715,0.9772375384193688,0.9166666666666666,0.7777777777777778
mean7,val_august,validation,2025-08-25,0.06873551587301588,0.006953463526077098,0.9520646974370787,0.9444444444444444,0.6666666666666666
mean7,val_august,validation,2025-08-26,0.0552484126984127,0.004510137774943311,0.9712864144490283,0.8611111111111112,0.8055555555555556
mean7,val_august,validation,2025-08-27,0.06640932539682538,0.0065826961961451234,0.9556505820503622,0.8611111111111112,0.75
mean7,val_august,validation,2025-08-28,0.07400505952380951,0.009359691568877547,0.9316813995706448,0.8611111111111112,0.6388888888888888
mean7,val_august,validation,2025-08-29,0.13391428571428574,0.022878937020975057,0.9551000723414517,0.9444444444444444,0.6666666666666666
mean7,val_august,validation,2025-08-30,0.1447313492063492,0.028693702777777774,0.96004035049517,0.9166666666666666,0.7222222222222222
mean7,val_august,validation,2025-08-31,0.05793521825396827,0.00448783386479592,0.9474328303927602,0.9166666666666666,0.7222222222222222
mean7,eval_september,evaluation,2025-09-10,0.08075823412698412,0.00962936953089569,0.9176312193553573,0.8611111111111112,0.6388888888888888
mean7,eval_september,evaluation,2025-09-11,0.05342291666666665,0.003983710712868478,0.9372447323820464,0.8888888888888888,0.6111111111111112
mean7,eval_september,evaluation,2025-09-12,0.13119454365079364,0.021942914981575964,0.9459919198378696,0.8611111111111112,0.6111111111111112
mean7,eval_september,evaluation,2025-09-13,0.1423347222222222,0.0261781421201814,0.9513201336731162,0.9166666666666666,0.6944444444444444
mean7,eval_september,evaluation,2025-09-14,0.06920803571428571,0.007160951310941043,0.9190112471707496,0.9166666666666666,0.5277777777777778
mean7,eval_september,evaluation,2025-09-15,0.053628869047619064,0.004093989125566895,0.9696889317578974,0.8888888888888888,0.6944444444444444
mean7,eval_september,evaluation,2025-09-16,0.07089543650793652,0.00671652106292517,0.9268374532961081,0.9444444444444444,0.6111111111111112
mean7,eval_september,evaluation,2025-09-17,0.06790843253968254,0.006912320106292518,0.9253222972139251,0.9166666666666666,0.5555555555555556
mean7,eval_september,evaluation,2025-09-18,0.0625863095238095,0.005349257681405893,0.9403463153027493,0.9166666666666666,0.6944444444444444
mean7,eval_september,evaluation,2025-09-19,0.12201220238095238,0.018731401653911565,0.9529619805481875,0.8611111111111112,0.6388888888888888
mean7,eval_september,evaluation,2025-09-20,0.13063968253968256,0.020193817723922907,0.9561771561771563,0.9166666666666666,0.6944444444444444
mean7,eval_september,evaluation,2025-09-21,0.0577920634920635,0.004971124248866214,0.9027527987173576,0.8611111111111112,0.4722222222222222
mean7,eval_september,evaluation,2025-09-22,0.06337777777777778,0.005779184246031747,0.9299994574399001,0.8888888888888888,0.6111111111111112
mean7,eval_september,evaluation,2025-09-23,0.06235724206349205,0.0060319541992630375,0.9524051619929098,0.8611111111111112,0.7222222222222222
mean7,eval_december,evaluation,2025-12-08,0.05379761904761906,0.004278465870181406,0.9899927457474088,0.9444444444444444,0.9166666666666666
mean7,eval_december,evaluation,2025-12-09,0.05510982142857143,0.004638546835317461,0.9839080136423966,0.9444444444444444,0.8611111111111112
mean7,eval_december,evaluation,2025-12-10,0.06404900793650793,0.005799348664965985,0.9836528085640159,0.9444444444444444,0.9444444444444444
mean7,eval_december,evaluation,2025-12-11,0.04928015873015874,0.0034187920776644004,0.9819326861439718,0.9444444444444444,0.8611111111111112
mean7,eval_december,evaluation,2025-12-12,0.13132857142857143,0.0212724234920635,0.9678964713447472,0.9722222222222222,0.8888888888888888
mean7,eval_december,evaluation,2025-12-13,0.12623511904761905,0.02063172845804989,0.9639709066507826,0.9444444444444444,0.7777777777777778
mean7,eval_december,evaluation,2025-12-14,0.06661597222222222,0.006240505103458052,0.986695174616522,0.9722222222222222,0.9444444444444444
mean7,eval_december,evaluation,2025-12-15,0.061336805555555554,0.005326173541666665,0.9753516598344185,0.8888888888888888,0.8333333333333334
mean7,eval_december,evaluation,2025-12-16,0.05366517857142857,0.003980074791666666,0.9890563459528978,0.9722222222222222,0.8888888888888888
mean7,eval_december,evaluation,2025-12-17,0.052521428571428566,0.0039831995238095224,0.9811550518447071,0.9444444444444444,0.8611111111111112
mean7,eval_december,evaluation,2025-12-18,0.05642847222222221,0.004443810840419501,0.9817910354789895,0.9444444444444444,0.8888888888888888
mean7,eval_december,evaluation,2025-12-19,0.1354359126984127,0.023404178863378686,0.9675468209950969,0.9444444444444444,0.8611111111111112
mean7,eval_december,evaluation,2025-12-20,0.14118660714285713,0.02544074294926304,0.9702475685234306,0.9444444444444444,0.8055555555555556
mean7,eval_december,evaluation,2025-12-21,0.05431170634920634,0.004098392619047619,0.9873864387658365,0.9166666666666666,0.8888888888888888
mean14,dev_march,development,2025-03-07,0.14287986111111112,0.026017274862528344,0.9025750568438131,0.8333333333333334,0.5555555555555556
mean14,dev_march,development,2025-03-08,0.1537172619047619,0.030083715798611108,0.904760278034698,0.8611111111111112,0.5833333333333334
mean14,dev_march,development,2025-03-09,0.04279474206349207,0.00271838505739796,0.9662597121013157,0.9444444444444444,0.7777777777777778
mean14,dev_march,development,2025-03-10,0.058539384920634915,0.005373823416241496,0.967816091954023,0.9166666666666666,0.7777777777777778
mean14,dev_march,development,2025-03-11,0.049161160714285716,0.0036646703929280044,0.9574501220265684,0.9166666666666666,0.8333333333333334
mean14,dev_march,development,2025-03-12,0.04461240079365079,0.0029268887308673466,0.9559379389496413,0.8611111111111112,0.7777777777777778
mean14,dev_march,development,2025-03-13,0.06059598214285714,0.005925330786918936,0.9621413069688932,0.8611111111111112,0.8333333333333334
mean14,dev_march,development,2025-03-14,0.15204226190476192,0.02991781436720521,0.8900246966192245,0.8888888888888888,0.5555555555555556
mean14,dev_march,development,2025-03-15,0.13779940476190478,0.024805483737953514,0.9199129088431105,0.8055555555555556,0.6111111111111112
mean14,dev_march,development,2025-03-16,0.04943938492063491,0.0035683493636621314,0.9569246845108914,0.8888888888888888,0.75
mean14,dev_march,development,2025-03-17,0.035512648809523824,0.0018361309187216565,0.9455839932041786,0.9166666666666666,0.7222222222222222
mean14,dev_march,development,2025-03-18,0.04444652777777779,0.0031083048022959195,0.9596423910171128,0.9166666666666666,0.7777777777777778
mean14,dev_march,development,2025-03-19,0.0440017857142857,0.0030365149071712,0.9704404196636016,0.9444444444444444,0.8333333333333334
mean14,dev_march,development,2025-03-20,0.05137728174603175,0.003690787347647392,0.9718038861469882,0.9444444444444444,0.7777777777777778
mean14,dev_april,development,2025-04-17,0.05123318452380951,0.0038981978270266424,0.9564282542183411,0.9166666666666666,0.75
mean14,dev_april,development,2025-04-18,0.13954414682539681,0.024754932823129253,0.9563256825319679,0.8611111111111112,0.8055555555555556
mean14,dev_april,development,2025-04-19,0.14098199404761905,0.025303677576176298,0.9425777949297149,0.8611111111111112,0.6666666666666666
mean14,dev_april,development,2025-04-20,0.05036121031746032,0.0038152815887188213,0.9449329181768216,0.9166666666666666,0.6944444444444444
mean14,dev_april,development,2025-04-21,0.04323665674603175,0.0027005691471797054,0.9706022130482885,0.9166666666666666,0.6944444444444444
mean14,dev_april,development,2025-04-22,0.0563278273809524,0.004572615868409867,0.9405814254930684,0.8888888888888888,0.6666666666666666
mean14,dev_april,development,2025-04-23,0.055974107142857145,0.004464839838435373,0.9424452841871209,0.9444444444444444,0.6388888888888888
mean14,dev_april,development,2025-04-24,0.048798313492063504,0.0034689792871315213,0.9497144510745097,0.8888888888888888,0.7222222222222222
mean14,dev_april,development,2025-04-25,0.15239409722222222,0.02919041794536565,0.9369624628245317,0.8888888888888888,0.7222222222222222
mean14,dev_april,development,2025-04-26,0.1549641865079365,0.03225874372661565,0.9283937319974181,0.8333333333333334,0.6111111111111112
mean14,dev_april,development,2025-04-27,0.05028234126984127,0.003997422401502269,0.9579575596816976,0.8888888888888888,0.7222222222222222
mean14,dev_april,development,2025-04-28,0.08035386904761904,0.00997002944515306,0.9131018406880477,0.8333333333333334,0.6111111111111112
mean14,dev_april,development,2025-04-29,0.04681393849206349,0.0033513534364370736,0.9478165375071222,0.9166666666666666,0.6666666666666666
mean14,dev_april,development,2025-04-30,0.04773844246031747,0.003764504253472222,0.930067639536647,0.9166666666666666,0.6111111111111112
mean14,val_june,validation,2025-06-08,0.0703061507936508,0.006355504963860545,0.9560163973957078,0.8611111111111112,0.7777777777777778
mean14,val_june,validation,2025-06-09,0.08384112103174604,0.0098997239990788,0.9533928745508141,0.8055555555555556,0.6944444444444444
mean14,val_june,validation,2025-06-10,0.07699404761904763,0.008435197849348073,0.9574973022632111,0.8611111111111112,0.7222222222222222
mean14,val_june,validation,2025-06-11,0.08834588293650793,0.011124956121386052,0.9573787424217154,0.8333333333333334,0.7222222222222222
mean14,val_june,validation,2025-06-12,0.076074751984127,0.007955588566113947,0.9686821169582235,0.8611111111111112,0.75
mean14,val_june,validation,2025-06-13,0.11603437500000001,0.016907297776006233,0.939035185109373,0.8888888888888888,0.6944444444444444
mean14,val_june,validation,2025-06-14,0.126650248015873,0.020949550150581062,0.9377339798547587,0.8055555555555556,0.6666666666666666
mean14,val_june,validation,2025-06-15,0.054656894841269836,0.004716435471584467,0.9748221353012467,0.8888888888888888,0.7777777777777778
mean14,val_june,validation,2025-06-16,0.059169543650793646,0.00499589066893424,0.966697713304307,0.8888888888888888,0.7777777777777778
mean14,val_june,validation,2025-06-17,0.06250257936507937,0.006618107519132655,0.9691745036572623,0.7777777777777778,0.8055555555555556
mean14,val_june,validation,2025-06-18,0.05307504960317463,0.004228589451176306,0.9767833944054789,0.8611111111111112,0.8888888888888888
mean14,val_june,validation,2025-06-19,0.044245932539682536,0.0029600665270691612,0.9715044153581289,0.9166666666666666,0.8055555555555556
mean14,val_june,validation,2025-06-20,0.1473391369047619,0.026898053525014173,0.9288511060722336,0.8888888888888888,0.6666666666666666
mean14,val_june,validation,2025-06-21,0.1573378968253968,0.032720021830357146,0.8995407317952574,0.8888888888888888,0.5
mean14,val_august,validation,2025-08-18,0.05993174603174604,0.005315418137755101,0.9750652080447628,0.8888888888888888,0.8055555555555556
mean14,val_august,validation,2025-08-19,0.05478869047619046,0.004198619287131517,0.9707559094061669,0.8888888888888888,0.7222222222222222
mean14,val_august,validation,2025-08-20,0.07774940476190478,0.00880112348426871,0.9573677330682964,0.8888888888888888,0.8055555555555556
mean14,val_august,validation,2025-08-21,0.05882847222222222,0.005435367914540815,0.9564594450405168,0.9444444444444444,0.7222222222222222
mean14,val_august,validation,2025-08-22,0.13147633928571426,0.021801313498086727,0.9652156788747627,0.9444444444444444,0.7222222222222222
mean14,val_august,validation,2025-08-23,0.1342860119047619,0.02182588160218254,0.96235929824751,0.9444444444444444,0.7222222222222222
mean14,val_august,validation,2025-08-24,0.05186592261904763,0.004041129606363379,0.9796499068601937,0.9166666666666666,0.8333333333333334
mean14,val_august,validation,2025-08-25,0.06967723214285715,0.007214232560586735,0.959829354382522,0.9444444444444444,0.7222222222222222
mean14,val_august,validation,2025-08-26,0.056173908730158734,0.004724496724773242,0.9705499663918234,0.8888888888888888,0.8055555555555556
mean14,val_august,validation,2025-08-27,0.06840168650793652,0.007183466361961451,0.9598082143902795,0.8888888888888888,0.7222222222222222
mean14,val_august,validation,2025-08-28,0.07605535714285712,0.01002669437641723,0.9304234595779971,0.8888888888888888,0.6111111111111112
mean14,val_august,validation,2025-08-29,0.1303392857142857,0.021101632461026074,0.9612410577927821,0.9444444444444444,0.75
mean14,val_august,validation,2025-08-30,0.14198546626984124,0.026629410532525506,0.96740913854355,0.9444444444444444,0.8055555555555556
mean14,val_august,validation,2025-08-31,0.059789484126984135,0.004839636372590706,0.9503978779840849,0.9166666666666666,0.75
mean14,eval_september,evaluation,2025-09-10,0.06590644841269841,0.006788824779620181,0.9190217828148862,0.8611111111111112,0.6388888888888888
mean14,eval_september,evaluation,2025-09-11,0.04588819444444445,0.0030898063272392275,0.9495488199796007,0.8611111111111112,0.6666666666666666
mean14,eval_september,evaluation,2025-09-12,0.1487279265873016,0.027256941971017575,0.951016700863388,0.8333333333333334,0.6944444444444444
mean14,eval_september,evaluation,2025-09-13,0.15112723214285714,0.02844800250389739,0.9437724937172293,0.9444444444444444,0.6666666666666666
mean14,eval_september,evaluation,2025-09-14,0.06746369047619047,0.0069537609899376395,0.9274531435733008,0.8888888888888888,0.5555555555555556
mean14,eval_september,evaluation,2025-09-15,0.05871066468253969,0.0049350422445436515,0.9692397810066191,0.8888888888888888,0.7222222222222222
mean14,eval_september,evaluation,2025-09-16,0.07306507936507936,0.006969733183106574,0.9347055490154272,0.9444444444444444,0.6388888888888888
mean14,eval_september,evaluation,2025-09-17,0.07196602182539681,0.007757427501062923,0.9260698278008908,0.9166666666666666,0.5555555555555556
mean14,eval_september,evaluation,2025-09-18,0.06443789682539681,0.0056923900992063466,0.9412144144670047,0.8888888888888888,0.6388888888888888
mean14,eval_september,evaluation,2025-09-19,0.11768968253968254,0.017360644360119044,0.9573134769250441,0.8888888888888888,0.6666666666666666
mean14,eval_september,evaluation,2025-09-20,0.1261937996031746,0.018870717985048184,0.9537336226991399,0.8888888888888888,0.6944444444444444
mean14,eval_september,evaluation,2025-09-21,0.0627061011904762,0.005632936355229593,0.9055942158892488,0.8611111111111112,0.5
mean14,eval_september,evaluation,2025-09-22,0.06805982142857142,0.006504999762613378,0.9245617807304672,0.9166666666666666,0.5833333333333334
mean14,eval_september,evaluation,2025-09-23,0.06872435515873015,0.007128371722293084,0.9355073366659294,0.8611111111111112,0.6111111111111112
mean14,eval_december,evaluation,2025-12-08,0.09327648809523811,0.012318975143140592,0.9849529478215929,0.9166666666666666,0.9166666666666666
mean14,eval_december,evaluation,2025-12-09,0.08587772817460317,0.010892696353812356,0.9836427611199854,0.9166666666666666,0.8888888888888888
mean14,eval_december,evaluation,2025-12-10,0.08973397817460319,0.011456969454010774,0.981542845317562,0.9444444444444444,0.9444444444444444
mean14,eval_december,evaluation,2025-12-11,0.06790798611111111,0.006600261511125287,0.9812886637822087,0.9444444444444444,0.8888888888888888
mean14,eval_december,evaluation,2025-12-12,0.11558402777777776,0.017038848002409297,0.9673950721360403,0.9722222222222222,0.8888888888888888
mean14,eval_december,evaluation,2025-12-13,0.11599007936507937,0.017717305800736965,0.9652208074323733,0.9444444444444444,0.8055555555555556
mean14,eval_december,evaluation,2025-12-14,0.07149394841269842,0.007140290384070295,0.987229698638957,0.9444444444444444,0.9444444444444444
mean14,eval_december,evaluation,2025-12-15,0.06153129960317462,0.005450580726686509,0.9780242745759987,0.8888888888888888,0.8333333333333334
mean14,eval_december,evaluation,2025-12-16,0.054697271825396826,0.004274438029691043,0.9897355518045173,0.9722222222222222,0.8888888888888888
mean14,eval_december,evaluation,2025-12-17,0.053624057539682544,0.004182732975836168,0.9838557993730408,0.9444444444444444,0.8611111111111112
mean14,eval_december,evaluation,2025-12-18,0.05715446428571428,0.004619890658304991,0.9826048776277745,0.9444444444444444,0.8888888888888888
mean14,eval_december,evaluation,2025-12-19,0.13292713293650793,0.022419074198200113,0.9691131212761691,0.9444444444444444,0.8333333333333334
mean14,eval_december,evaluation,2025-12-20,0.13911448412698413,0.02476785669571995,0.9704083273048791,0.9444444444444444,0.8333333333333334
mean14,eval_december,evaluation,2025-12-21,0.05490907738095239,0.004249870694798754,0.9875954256016757,0.9166666666666666,0.8888888888888888
mean28,dev_march,development,2025-03-07,0.15218660714285714,0.02965779106133078,0.9031738839063758,0.8333333333333334,0.6111111111111112
mean28,dev_march,development,2025-03-08,0.1626671130952381,0.03372665104237528,0.902878294183884,0.8611111111111112,0.6388888888888888
mean28,dev_march,development,2025-03-09,0.03697388392857142,0.0020966007019734955,0.9667701217452451,0.9444444444444444,0.7777777777777778
mean28,dev_march,development,2025-03-10,0.0509170386904762,0.004126677458811651,0.9667470460573908,0.9444444444444444,0.8055555555555556
mean28,dev_march,development,2025-03-11,0.042650520833333344,0.0028101003292410713,0.9582820495564375,0.9166666666666666,0.8333333333333334
mean28,dev_march,development,2025-03-12,0.041461954365079365,0.002519910374503967,0.9547342551547594,0.8888888888888888,0.75
mean28,dev_march,development,2025-03-13,0.05504610615079365,0.004917234248423328,0.9627883610642233,0.8888888888888888,0.8055555555555556
mean28,dev_march,development,2025-03-14,0.16026364087301587,0.033108215853883224,0.886264943062924,0.8611111111111112,0.5555555555555556
mean28,dev_march,development,2025-03-15,0.14662209821428573,0.027759715675931836,0.9208513391726969,0.8055555555555556,0.6111111111111112
mean28,dev_march,development,2025-03-16,0.043117088293650796,0.0027477010979131238,0.9551402620368138,0.9166666666666666,0.7777777777777778
mean28,dev_march,development,2025-03-17,0.033319990079365085,0.0015739028640518711,0.9430540442552817,0.9166666666666666,0.75
mean28,dev_march,development,2025-03-18,0.03765126488095239,0.0021791965978422622,0.9622969283971707,0.9166666666666666,0.7777777777777778
mean28,dev_march,development,2025-03-19,0.038416071428571424,0.0022313731111819725,0.9671830383088379,0.9444444444444444,0.8333333333333334
mean28,dev_march,development,2025-03-20,0.04284201388888889,0.0026257595241638318,0.9717415920565874,0.9166666666666666,0.7777777777777778
mean28,dev_april,development,2025-04-17,0.04636309523809525,0.003143167313988097,0.961896073259866,0.9166666666666666,0.7222222222222222
mean28,dev_april,development,2025-04-18,0.14531646825396824,0.02719718039700255,0.9532129781162832,0.8611111111111112,0.8611111111111112
mean28,dev_april,development,2025-04-19,0.14637199900793652,0.027441906706614935,0.9430902150901347,0.8333333333333334,0.6666666666666666
mean28,dev_april,development,2025-04-20,0.045904861111111105,0.0031213140336238667,0.947798452093523,0.9166666666666666,0.6666666666666666
mean28,dev_april,development,2025-04-21,0.0390185267857143,0.002160713983223499,0.9741509667143478,0.9166666666666666,0.6944444444444444
mean28,dev_april,development,2025-04-22,0.05162529761904763,0.003867644698660717,0.9422292063141087,0.8888888888888888,0.6388888888888888
mean28,dev_april,development,2025-04-23,0.05126753472222221,0.003772465380084324,0.9495327440853037,0.9444444444444444,0.7222222222222222
mean28,dev_april,development,2025-04-24,0.0445907986111111,0.0029208643107816023,0.9539544809757975,0.8888888888888888,0.6944444444444444
mean28,dev_april,development,2025-04-25,0.15876597222222225,0.03203159075786566,0.9341974117836188,0.8611111111111112,0.7222222222222222
mean28,dev_april,development,2025-04-26,0.16100312500000002,0.034831837964498305,0.9246199044359877,0.8055555555555556,0.6388888888888888
mean28,dev_april,development,2025-04-27,0.044430803571428576,0.0031713817005031186,0.9645406317820111,0.8888888888888888,0.75
mean28,dev_april,development,2025-04-28,0.07275947420634919,0.008182235729698128,0.9203078530664739,0.8888888888888888,0.6666666666666666
mean28,dev_april,development,2025-04-29,0.04124600694444444,0.0026482527870783728,0.9518365722962958,0.9444444444444444,0.6944444444444444
mean28,dev_april,development,2025-04-30,0.044425372023809515,0.0033654581672512753,0.9321092842663665,0.8611111111111112,0.6111111111111112
mean28,val_june,validation,2025-06-08,0.08576984126984126,0.009510128965242347,0.9290169600514429,0.8611111111111112,0.6944444444444444
mean28,val_june,validation,2025-06-09,0.10472589285714284,0.014674706149022103,0.9339751647071348,0.8055555555555556,0.6666666666666666
mean28,val_june,validation,2025-06-10,0.0998422619047619,0.01349628196712018,0.9346835758470279,0.8888888888888888,0.6666666666666666
mean28,val_june,validation,2025-06-11,0.11403849206349206,0.017800184686791384,0.9311428565687174,0.8333333333333334,0.5833333333333334
mean28,val_june,validation,2025-06-12,0.10312586805555556,0.014542903495695154,0.9471544633779742,0.8611111111111112,0.75
mean28,val_june,validation,2025-06-13,0.08476369047619046,0.009406664342403627,0.9563850940293933,0.9166666666666666,0.8055555555555556
mean28,val_june,validation,2025-06-14,0.09501956845238096,0.012555031731239369,0.9431294572992623,0.8055555555555556,0.7222222222222222
mean28,val_june,validation,2025-06-15,0.08883846726190477,0.011148094674833476,0.9585774441141444,0.8888888888888888,0.75
mean28,val_june,validation,2025-06-16,0.09134749503968252,0.01119350892263676,0.9484053183227263,0.8888888888888888,0.7222222222222222
mean28,val_june,validation,2025-06-17,0.09320429067460317,0.013000709872360402,0.9544248854593682,0.7777777777777778,0.7777777777777778
mean28,val_june,validation,2025-06-18,0.08205374503968255,0.00938576672326743,0.9652549687077542,0.8888888888888888,0.8055555555555556
mean28,val_june,validation,2025-06-19,0.0682109623015873,0.006380254341695011,0.9671619056849229,0.9444444444444444,0.7777777777777778
mean28,val_june,validation,2025-06-20,0.1222451636904762,0.018691289822225763,0.9355246116922692,0.9166666666666666,0.6388888888888888
mean28,val_june,validation,2025-06-21,0.13671488095238093,0.024773223870642,0.909417359353967,0.8611111111111112,0.5
mean28,val_august,validation,2025-08-18,0.049552232142857165,0.003809526722115932,0.9783648170352812,0.8611111111111112,0.8055555555555556
mean28,val_august,validation,2025-08-19,0.043646230158730176,0.0027780986984481306,0.9707960991822897,0.8611111111111112,0.6944444444444444
mean28,val_august,validation,2025-08-20,0.06745793650793651,0.006590977539505389,0.9611154259262807,0.8611111111111112,0.8055555555555556
mean28,val_august,validation,2025-08-21,0.04920434027777779,0.0037719767808425475,0.958750259977837,0.9166666666666666,0.7222222222222222
mean28,val_august,validation,2025-08-22,0.13983003472222222,0.02466691255057752,0.965671833750399,0.9444444444444444,0.7222222222222222
mean28,val_august,validation,2025-08-23,0.140666369047619,0.02401179373671343,0.9643888799025042,0.9722222222222222,0.7777777777777778
mean28,val_august,validation,2025-08-24,0.04856691468253968,0.0035854634449404782,0.9811198668920904,0.8888888888888888,0.8611111111111112
mean28,val_august,validation,2025-08-25,0.06612733134920636,0.006348355416489513,0.9601689576495458,0.9722222222222222,0.75
mean28,val_august,validation,2025-08-26,0.055648338293650804,0.004550944740203375,0.9692739422820003,0.8888888888888888,0.7777777777777778
mean28,val_august,validation,2025-08-27,0.06686039186507935,0.006962492820206206,0.960003134804476,0.8611111111111112,0.7777777777777778
mean28,val_august,validation,2025-08-28,0.0760546130952381,0.009780431584821427,0.9305520668615904,0.8888888888888888,0.6111111111111112
mean28,val_august,validation,2025-08-29,0.1289160218253968,0.02052223576778628,0.9650188891568202,0.9444444444444444,0.75
mean28,val_august,validation,2025-08-30,0.13935419146825398,0.025601691128206486,0.9679396430553506,0.9444444444444444,0.8055555555555556
mean28,val_august,validation,2025-08-31,0.06286168154761905,0.00541183332952452,0.9534121051362431,0.9166666666666666,0.75
mean28,eval_september,evaluation,2025-09-10,0.07363224206349209,0.00853032259265165,0.909697773490877,0.8055555555555556,0.6388888888888888
mean28,eval_september,evaluation,2025-09-11,0.05811413690476192,0.006077530493197283,0.9341722270845355,0.8055555555555556,0.6388888888888888
mean28,eval_september,evaluation,2025-09-12,0.1841299851190476,0.042407057868215,0.9338335620820278,0.7777777777777778,0.6944444444444444
mean28,eval_september,evaluation,2025-09-13,0.18998050595238095,0.04446699843909438,0.9221443656966727,0.8333333333333334,0.5833333333333334
mean28,eval_september,evaluation,2025-09-14,0.05927544642857144,0.005714312677862814,0.9135896245822986,0.8333333333333334,0.6111111111111112
mean28,eval_september,evaluation,2025-09-15,0.051891046626984134,0.004867642261284723,0.9513262599469496,0.8333333333333334,0.6111111111111112
mean28,eval_september,evaluation,2025-09-16,0.05867884424603173,0.004988449659952523,0.9226597218705663,0.8888888888888888,0.6666666666666666
mean28,eval_september,evaluation,2025-09-17,0.05957971230158732,0.005655280955569731,0.9256478347276037,0.8333333333333334,0.5555555555555556
mean28,eval_september,evaluation,2025-09-18,0.051822991071428584,0.0041950502096619905,0.9296116261003138,0.8333333333333334,0.5833333333333334
mean28,eval_september,evaluation,2025-09-19,0.14676949404761908,0.026556987828975347,0.9522254563800486,0.8888888888888888,0.6944444444444444
mean28,eval_september,evaluation,2025-09-20,0.1504167906746032,0.02653009097603104,0.9499477533960292,0.8611111111111112,0.7222222222222222
mean28,eval_september,evaluation,2025-09-21,0.057087748015873005,0.004965745465206914,0.8980204525788821,0.8611111111111112,0.5277777777777778
mean28,eval_september,evaluation,2025-09-22,0.05737286706349207,0.005381720018601192,0.9303591559362003,0.8888888888888888,0.6666666666666666
mean28,eval_september,evaluation,2025-09-23,0.062168030753968234,0.006132777394504674,0.9393193445914,0.8611111111111112,0.6111111111111112
mean28,eval_december,evaluation,2025-12-08,0.11827924107142856,0.02094918789815405,0.9778634713135074,0.8611111111111112,0.9166666666666666
mean28,eval_december,evaluation,2025-12-09,0.1132952876984127,0.019786767051091267,0.9792660945001979,0.8611111111111112,0.9166666666666666
mean28,eval_december,evaluation,2025-12-10,0.12010367063492065,0.021887350066432824,0.9746281943356113,0.9166666666666666,0.9166666666666666
mean28,eval_december,evaluation,2025-12-11,0.09960768849206351,0.015375526035289114,0.9735762534932306,0.8611111111111112,0.8611111111111112
mean28,eval_december,evaluation,2025-12-12,0.09111832837301587,0.011707724809293506,0.9622056104814726,0.9166666666666666,0.8888888888888888
mean28,eval_december,evaluation,2025-12-13,0.08500414186507935,0.01126639343369118,0.9583664480014965,0.8888888888888888,0.8055555555555556
mean28,eval_december,evaluation,2025-12-14,0.11031205357142859,0.01782965972239938,0.980200506795056,0.9166666666666666,0.9444444444444444
mean28,eval_december,evaluation,2025-12-15,0.10135141369047619,0.015341119002710457,0.969110200144683,0.8888888888888888,0.8333333333333334
mean28,eval_december,evaluation,2025-12-16,0.0933437996031746,0.012523441928500566,0.98303994855719,0.9722222222222222,0.8888888888888888
mean28,eval_december,evaluation,2025-12-17,0.08805600198412698,0.010819612039753405,0.9799734748010611,0.9166666666666666,0.8611111111111112
mean28,eval_december,evaluation,2025-12-18,0.08784394841269842,0.011481888610402495,0.97639154448199,0.9166666666666666,0.8888888888888888
mean28,eval_december,evaluation,2025-12-19,0.10339449404761905,0.014816904304669785,0.9668193875090426,0.9722222222222222,0.8333333333333334
mean28,eval_december,evaluation,2025-12-20,0.11212562003968252,0.016978427347913123,0.9728558797524315,0.9444444444444444,0.8055555555555556
mean28,eval_december,evaluation,2025-12-21,0.07764769345238097,0.008463113375761767,0.9841170004782359,0.9166666666666666,0.8611111111111112
weekday35,dev_march,development,2025-03-07,0.05002833333333333,0.004303228922222222,0.9228025508429933,0.8611111111111112,0.6388888888888888
weekday35,dev_march,development,2025-03-08,0.047323333333333335,0.0037725300722222226,0.9507896286282935,0.8888888888888888,0.8055555555555556
weekday35,dev_march,development,2025-03-09,0.05499194444444445,0.004888829255555557,0.9620679226633772,0.9166666666666666,0.7222222222222222
weekday35,dev_march,development,2025-03-10,0.03515013888888889,0.002085671247222223,0.9720118961498272,0.9722222222222222,0.8055555555555556
weekday35,dev_march,development,2025-03-11,0.040808333333333335,0.002741633783333333,0.95758877661488,0.9444444444444444,0.7777777777777778
weekday35,dev_march,development,2025-03-12,0.05209444444444443,0.004393888472222222,0.9550115646100076,0.8888888888888888,0.8611111111111112
weekday35,dev_march,development,2025-03-13,0.04265069444444444,0.002821048641666667,0.9649304718270236,0.8888888888888888,0.8055555555555556
weekday35,dev_march,development,2025-03-14,0.0497036111111111,0.004062245877777776,0.9368277004031864,0.8611111111111112,0.6666666666666666
weekday35,dev_march,development,2025-03-15,0.03859305555555556,0.002682966961111112,0.9496341725628418,0.8333333333333334,0.75
weekday35,dev_march,development,2025-03-16,0.04315388888888888,0.0035652887611111106,0.9560796520377505,0.9166666666666666,0.7777777777777778
weekday35,dev_march,development,2025-03-17,0.058101388888888904,0.00562616555,0.9364066486055981,0.9166666666666666,0.6944444444444444
weekday35,dev_march,development,2025-03-18,0.03929569444444444,0.0023664890361111113,0.9645324513018885,0.9166666666666666,0.7777777777777778
weekday35,dev_march,development,2025-03-19,0.044879583333333334,0.0032726145027777774,0.9597780720581875,0.9166666666666666,0.7777777777777778
weekday35,dev_march,development,2025-03-20,0.037915694444444446,0.00223248293611111,0.9657533214309607,0.9444444444444444,0.8055555555555556
weekday35,dev_april,development,2025-04-17,0.03674000000000001,0.002274094855555556,0.9578901150136908,0.8888888888888888,0.75
weekday35,dev_april,development,2025-04-18,0.03462152777777778,0.0018921908972222225,0.9722338047317534,0.9444444444444444,0.8055555555555556
weekday35,dev_april,development,2025-04-19,0.03684638888888889,0.0021348947555555556,0.9615031795212262,0.9444444444444444,0.7222222222222222
weekday35,dev_april,development,2025-04-20,0.032881527777777766,0.001802548530555555,0.9529728909683522,0.9166666666666666,0.7222222222222222
weekday35,dev_april,development,2025-04-21,0.04064013888888889,0.0027827674305555554,0.9377249371532375,0.8888888888888888,0.6388888888888888
weekday35,dev_april,development,2025-04-22,0.03436833333333332,0.0018891386722222209,0.9382986462092859,0.8611111111111112,0.6666666666666666
weekday35,dev_april,development,2025-04-23,0.0398575,0.0025139513944444436,0.9526152968167504,0.9444444444444444,0.7222222222222222
weekday35,dev_april,development,2025-04-24,0.04275305555555556,0.0031390532500000005,0.9465494998448754,0.8888888888888888,0.6111111111111112
weekday35,dev_april,development,2025-04-25,0.0397911111111111,0.0023914194222222213,0.9503084059851333,0.9444444444444444,0.75
weekday35,dev_april,development,2025-04-26,0.04999847222222223,0.004404147319444445,0.9486253059529466,0.9166666666666666,0.6388888888888888
weekday35,dev_april,development,2025-04-27,0.03567041666666668,0.002220684686111111,0.9486304845178856,0.8888888888888888,0.7222222222222222
weekday35,dev_april,development,2025-04-28,0.039364861111111114,0.0027133488138888886,0.949943734426493,0.8888888888888888,0.6944444444444444
weekday35,dev_april,development,2025-04-29,0.03897069444444445,0.002297748247222221,0.9437814799301844,0.9166666666666666,0.6666666666666666
weekday35,dev_april,development,2025-04-30,0.04602472222222222,0.0037422447388888893,0.9620306327166863,0.8333333333333334,0.7777777777777778
weekday35,val_june,validation,2025-06-08,0.04888458333333333,0.0034551929416666662,0.9534040671971706,0.8888888888888888,0.7777777777777778
weekday35,val_june,validation,2025-06-09,0.061649999999999996,0.005593327622222221,0.9482546065108381,0.8611111111111112,0.6944444444444444
weekday35,val_june,validation,2025-06-10,0.060333611111111116,0.0058275445944444455,0.9327232519192835,0.8888888888888888,0.6388888888888888
weekday35,val_june,validation,2025-06-11,0.07443527777777777,0.008971730683333335,0.9363424728146283,0.8055555555555556,0.6944444444444444
weekday35,val_june,validation,2025-06-12,0.06335888888888888,0.0059178532277777765,0.9600081183434183,0.9166666666666666,0.8333333333333334
weekday35,val_june,validation,2025-06-13,0.06784222222222223,0.007362609527777778,0.9310916838398757,0.9166666666666666,0.6388888888888888
weekday35,val_june,validation,2025-06-14,0.060569999999999985,0.005393273494444444,0.9262647484071925,0.8333333333333334,0.6388888888888888
weekday35,val_june,validation,2025-06-15,0.05518791666666667,0.004805422236111111,0.9583322867261154,0.8611111111111112,0.8055555555555556
weekday35,val_june,validation,2025-06-16,0.055375833333333326,0.005112782538888889,0.9488172639418875,0.9166666666666666,0.7222222222222222
weekday35,val_june,validation,2025-06-17,0.05898555555555556,0.006913935050000001,0.938342854963021,0.75,0.7222222222222222
weekday35,val_june,validation,2025-06-18,0.04921083333333333,0.004074657438888887,0.9640914758580099,0.9166666666666666,0.7222222222222222
weekday35,val_june,validation,2025-06-19,0.03471916666666667,0.0019047687277777775,0.9653151836165856,0.9722222222222222,0.7777777777777778
weekday35,val_june,validation,2025-06-20,0.04043819444444444,0.0028083304638888886,0.9562323730335718,0.9444444444444444,0.7222222222222222
weekday35,val_june,validation,2025-06-21,0.03531666666666666,0.0021300304999999995,0.9682310186394834,0.8888888888888888,0.7777777777777778
weekday35,val_august,validation,2025-08-18,0.03980277777777776,0.0026613055833333327,0.9614509327597714,0.9444444444444444,0.75
weekday35,val_august,validation,2025-08-19,0.039865000000000005,0.0026965104888888886,0.9538349161438637,0.8611111111111112,0.6388888888888888
weekday35,val_august,validation,2025-08-20,0.035477361111111105,0.001991733441666666,0.9589692115868063,0.9166666666666666,0.6944444444444444
weekday35,val_august,validation,2025-08-21,0.03381041666666666,0.001863425447222222,0.9563518936417764,0.9722222222222222,0.6666666666666666
weekday35,val_august,validation,2025-08-22,0.03392694444444444,0.0017861253944444434,0.9627319457193164,0.9722222222222222,0.7222222222222222
weekday35,val_august,validation,2025-08-23,0.03685666666666665,0.00211208761111111,0.967244360627006,0.9722222222222222,0.7777777777777778
weekday35,val_august,validation,2025-08-24,0.033104166666666664,0.0018915733,0.969482928907861,0.9722222222222222,0.75
weekday35,val_august,validation,2025-08-25,0.029140833333333352,0.0012617605611111122,0.9574239986983357,0.9166666666666666,0.7222222222222222
weekday35,val_august,validation,2025-08-26,0.037981388888888884,0.0023971069666666655,0.9635227910972541,0.9444444444444444,0.7777777777777778
weekday35,val_august,validation,2025-08-27,0.0373563888888889,0.0021000747444444453,0.967609049935741,0.9166666666666666,0.7777777777777778
weekday35,val_august,validation,2025-08-28,0.04212944444444445,0.0032599623055555556,0.9458282007659172,0.9444444444444444,0.6944444444444444
weekday35,val_august,validation,2025-08-29,0.03405374999999999,0.0017846399416666663,0.9708383570452537,0.9722222222222222,0.6944444444444444
weekday35,val_august,validation,2025-08-30,0.03761819444444445,0.002403553508333333,0.9680602122625779,0.9166666666666666,0.8055555555555556
weekday35,val_august,validation,2025-08-31,0.03313222222222222,0.0017815568444444455,0.9537054899123865,0.9444444444444444,0.6944444444444444
weekday35,eval_september,evaluation,2025-09-10,0.07885583333333332,0.012001184572222224,0.9146893336548511,0.8055555555555556,0.7222222222222222
weekday35,eval_september,evaluation,2025-09-11,0.08619416666666668,0.014092256805555557,0.9226216970321524,0.75,0.6388888888888888
weekday35,eval_september,evaluation,2025-09-12,0.07438847222222221,0.01155347520277778,0.9379479280647209,0.75,0.75
weekday35,eval_september,evaluation,2025-09-13,0.08477930555555556,0.013250314547222222,0.9137045127108568,0.75,0.6111111111111112
weekday35,eval_september,evaluation,2025-09-14,0.06792958333333335,0.009613412719444443,0.9172248044423832,0.7777777777777778,0.6388888888888888
weekday35,eval_september,evaluation,2025-09-15,0.06963027777777778,0.008876191444444447,0.9346716501888915,0.8055555555555556,0.6666666666666666
weekday35,eval_september,evaluation,2025-09-16,0.059117361111111114,0.0062604790138888885,0.9174008843810797,0.8888888888888888,0.6111111111111112
weekday35,eval_september,evaluation,2025-09-17,0.062120138888888884,0.007220847391666666,0.947049863557348,0.8333333333333334,0.6944444444444444
weekday35,eval_september,evaluation,2025-09-18,0.06133527777777778,0.006500863944444445,0.9354782638405892,0.7777777777777778,0.6944444444444444
weekday35,eval_september,evaluation,2025-09-19,0.05876763888888889,0.006704428441666668,0.9423267244666805,0.8333333333333334,0.6944444444444444
weekday35,eval_september,evaluation,2025-09-20,0.0672698611111111,0.007340518902777775,0.9374084426681627,0.7222222222222222,0.6666666666666666
weekday35,eval_september,evaluation,2025-09-21,0.06058125,0.00713450523611111,0.9100914518374051,0.8055555555555556,0.6388888888888888
weekday35,eval_september,evaluation,2025-09-22,0.04627305555555556,0.003575875161111112,0.9220850074908424,0.8611111111111112,0.6111111111111112
weekday35,eval_september,evaluation,2025-09-23,0.04721972222222223,0.0037194742888888906,0.9347256439495307,0.8888888888888888,0.5833333333333334
weekday35,eval_december,evaluation,2025-12-08,0.08030319444444445,0.012813615958333335,0.9664013471632469,0.8055555555555556,0.8333333333333334
weekday35,eval_december,evaluation,2025-12-09,0.08014583333333333,0.012239396549999998,0.9674402528760246,0.7777777777777778,0.8611111111111112
weekday35,eval_december,evaluation,2025-12-10,0.08544111111111112,0.014564498611111108,0.9656538173273603,0.8333333333333334,0.8611111111111112
weekday35,eval_december,evaluation,2025-12-11,0.07070847222222221,0.010690936608333331,0.9672523985741545,0.8055555555555556,0.8611111111111112
weekday35,eval_december,evaluation,2025-12-12,0.08750166666666666,0.014335084855555557,0.9323527047664978,0.8333333333333334,0.7222222222222222
weekday35,eval_december,evaluation,2025-12-13,0.08088805555555556,0.012349259155555556,0.9433002638458802,0.8333333333333334,0.6666666666666666
weekday35,eval_december,evaluation,2025-12-14,0.08248097222222223,0.01319706225833333,0.9733220266116159,0.8333333333333334,0.8611111111111112
weekday35,eval_december,evaluation,2025-12-15,0.0689776388888889,0.009301340797222224,0.9673458725182864,0.8611111111111112,0.8611111111111112
weekday35,eval_december,evaluation,2025-12-16,0.062455694444444446,0.007291560186111109,0.9699702596254322,0.9166666666666666,0.8055555555555556
weekday35,eval_december,evaluation,2025-12-17,0.05779222222222222,0.006151794283333332,0.9717697248716072,0.8888888888888888,0.7777777777777778
weekday35,eval_december,evaluation,2025-12-18,0.0682375,0.009027360911111108,0.9646762365130629,0.8888888888888888,0.8055555555555556
weekday35,eval_december,evaluation,2025-12-19,0.06345013888888888,0.007400802691666663,0.9658517862835299,0.9444444444444444,0.7777777777777778
weekday35,eval_december,evaluation,2025-12-20,0.05668819444444446,0.005392497530555557,0.9696727949396537,0.9166666666666666,0.8055555555555556
weekday35,eval_december,evaluation,2025-12-21,0.05670222222222224,0.005707080955555558,0.9777499128388291,0.8888888888888888,0.8611111111111112
ewma14,dev_march,development,2025-03-07,0.17648708594464105,0.03921712842138961,0.8979612751805787,0.8611111111111112,0.5277777777777778
ewma14,dev_march,development,2025-03-08,0.12706371346747808,0.021149225854960086,0.907211854378197,0.8333333333333334,0.6111111111111112
ewma14,dev_march,development,2025-03-09,0.10548159052510266,0.01430839389685863,0.9550528042895305,0.9722222222222222,0.8055555555555556
ewma14,dev_march,development,2025-03-10,0.08682429188693004,0.010597326155685542,0.9594526163491681,0.9166666666666666,0.7777777777777778
ewma14,dev_march,development,2025-03-11,0.04942307701260193,0.0038161818573783615,0.9561781168903195,0.8888888888888888,0.8611111111111112
ewma14,dev_march,development,2025-03-12,0.03636428711226432,0.0019739972109742354,0.9505283950834943,0.8611111111111112,0.75
ewma14,dev_march,development,2025-03-13,0.0453225347804779,0.003819213715140174,0.9526525198938992,0.8611111111111112,0.7222222222222222
ewma14,dev_march,development,2025-03-14,0.18758139499685536,0.04458325460071742,0.876151185901588,0.8333333333333334,0.5
ewma14,dev_march,development,2025-03-15,0.11123961129281132,0.0166037885099367,0.9066703909159699,0.7777777777777778,0.5555555555555556
ewma14,dev_march,development,2025-03-16,0.10969015055727178,0.01584515204864829,0.9337794389518528,0.8888888888888888,0.7222222222222222
ewma14,dev_march,development,2025-03-17,0.049597588266133585,0.0035783909190531746,0.9395816441093767,0.9444444444444444,0.6944444444444444
ewma14,dev_march,development,2025-03-18,0.049538922543223375,0.003871631419257645,0.9498179903728253,0.9722222222222222,0.6944444444444444
ewma14,dev_march,development,2025-03-19,0.036606243944875355,0.0022130941344538904,0.9637106416518164,0.9166666666666666,0.8055555555555556
ewma14,dev_march,development,2025-03-20,0.03589153080894557,0.002113914193173409,0.9630023340193894,0.9444444444444444,0.75
ewma14,dev_april,development,2025-04-17,0.03182934874712492,0.0017157104961063405,0.9516336139268751,0.9166666666666666,0.7222222222222222
ewma14,dev_april,development,2025-04-18,0.1779121074677209,0.03938132860561905,0.9306946013040411,0.8333333333333334,0.6944444444444444
ewma14,dev_april,development,2025-04-19,0.11766421630016716,0.01802496851646698,0.9448023012731851,0.8888888888888888,0.6666666666666666
ewma14,dev_april,development,2025-04-20,0.11148628715945774,0.01622828156828783,0.9276492875894794,0.8611111111111112,0.6111111111111112
ewma14,dev_april,development,2025-04-21,0.06302443267668344,0.005435188190806211,0.9612540805145924,0.8888888888888888,0.6666666666666666
ewma14,dev_april,development,2025-04-22,0.05914609925604683,0.0052440449397952536,0.9350472933209406,0.8611111111111112,0.6666666666666666
ewma14,dev_april,development,2025-04-23,0.043653572865171054,0.0029563828461295627,0.942316677032745,0.8888888888888888,0.6666666666666666
ewma14,dev_april,development,2025-04-24,0.03303818189198283,0.0016963037016710385,0.9560765054192855,0.8888888888888888,0.6388888888888888
ewma14,dev_april,development,2025-04-25,0.1892204906681401,0.043722456844399446,0.9134756048549153,0.9166666666666666,0.6111111111111112
ewma14,dev_april,development,2025-04-26,0.12762166428641442,0.022505727849603196,0.9397212431602423,0.8888888888888888,0.6666666666666666
ewma14,dev_april,development,2025-04-27,0.11552241109694765,0.018064471608580393,0.9385740696085524,0.8611111111111112,0.5833333333333334
ewma14,dev_april,development,2025-04-28,0.10787649288816088,0.017621193250584297,0.896684350132626,0.8333333333333334,0.5833333333333334
ewma14,dev_april,development,2025-04-29,0.0421214520483893,0.0029266168284934765,0.9450203862658464,0.9166666666666666,0.6944444444444444
ewma14,dev_april,development,2025-04-30,0.04031292469201817,0.0028090103313421974,0.9340102644969912,0.9166666666666666,0.5833333333333334
ewma14,val_june,validation,2025-06-08,0.08692823608625261,0.0093777483629729,0.9624869383490074,0.8611111111111112,0.8055555555555556
ewma14,val_june,validation,2025-06-09,0.07934513009923237,0.009323729470083888,0.9481581509512295,0.8055555555555556,0.6944444444444444
ewma14,val_june,validation,2025-06-10,0.05301868391081656,0.004360528846316905,0.9650489611967102,0.8888888888888888,0.8055555555555556
ewma14,val_june,validation,2025-06-11,0.055145524286060336,0.004816487293753609,0.9590014458262274,0.8333333333333334,0.7222222222222222
ewma14,val_june,validation,2025-06-12,0.03653721923463494,0.0022259785048847655,0.9680029097417457,0.8888888888888888,0.75
ewma14,val_june,validation,2025-06-13,0.16890227389483098,0.03545753198255597,0.9231702869250368,0.8333333333333334,0.6111111111111112
ewma14,val_june,validation,2025-06-14,0.11638806933174367,0.018232326256526685,0.9396831839967208,0.8333333333333334,0.6944444444444444
ewma14,val_june,validation,2025-06-15,0.1074405708834292,0.015479398882519584,0.9653373576660262,0.8888888888888888,0.8611111111111112
ewma14,val_june,validation,2025-06-16,0.07683233208062824,0.008049279501003072,0.9654116391761942,0.8611111111111112,0.8333333333333334
ewma14,val_june,validation,2025-06-17,0.05846616412304254,0.005805363773032794,0.9584679688127965,0.7777777777777778,0.7777777777777778
ewma14,val_june,validation,2025-06-18,0.03470712309670577,0.002080954686863299,0.9761383491468125,0.8888888888888888,0.8888888888888888
ewma14,val_june,validation,2025-06-19,0.03314344411006767,0.001801019786443636,0.9668926339143491,0.8888888888888888,0.8333333333333334
ewma14,val_june,validation,2025-06-20,0.1832085794961324,0.04108025504337134,0.9159944096082206,0.8611111111111112,0.6388888888888888
ewma14,val_june,validation,2025-06-21,0.1322073583063713,0.02373794382179356,0.9054044142400822,0.8888888888888888,0.5555555555555556
ewma14,val_august,validation,2025-08-18,0.0819443566699508,0.009338020566242515,0.9711808873352755,0.8888888888888888,0.75
ewma14,val_august,validation,2025-08-19,0.052073966284085164,0.004005504995759837,0.9697250416486134,0.8888888888888888,0.6944444444444444
ewma14,val_august,validation,2025-08-20,0.060753189836302256,0.005588348006123466,0.9555350811184402,0.8888888888888888,0.8055555555555556
ewma14,val_august,validation,2025-08-21,0.03295946083523035,0.0019051410433218372,0.9611536061752362,0.9444444444444444,0.7777777777777778
ewma14,val_august,validation,2025-08-22,0.17621985370321416,0.03842047784663896,0.95583536627798,0.8888888888888888,0.75
ewma14,val_august,validation,2025-08-23,0.11646397566352475,0.016833713467715266,0.9579745980780076,0.9444444444444444,0.7222222222222222
ewma14,val_august,validation,2025-08-24,0.10654672163966403,0.014787775762695275,0.9729231702874158,0.8611111111111112,0.7777777777777778
ewma14,val_august,validation,2025-08-25,0.08942492025164249,0.011409596822552933,0.9535798504745695,0.9444444444444444,0.7222222222222222
ewma14,val_august,validation,2025-08-26,0.04975133203586482,0.003661636131344658,0.9684520621860669,0.8611111111111112,0.8055555555555556
ewma14,val_august,validation,2025-08-27,0.05156168869793469,0.004070767440312587,0.9574792168639558,0.8888888888888888,0.75
ewma14,val_august,validation,2025-08-28,0.04942753970757399,0.004979957493731378,0.9361906924516379,0.9444444444444444,0.6388888888888888
ewma14,val_august,validation,2025-08-29,0.17751088021163822,0.03996106203958505,0.9358572462020738,0.8888888888888888,0.6666666666666666
ewma14,val_august,validation,2025-08-30,0.12756166347350317,0.02319323757514423,0.9552437055343073,0.9166666666666666,0.6944444444444444
ewma14,val_august,validation,2025-08-31,0.11340520696453364,0.016715168769286054,0.9428301583473997,0.8888888888888888,0.6944444444444444
ewma14,eval_september,evaluation,2025-09-10,0.05820406851368806,0.005547570258442374,0.9293304396752673,0.8888888888888888,0.6944444444444444
ewma14,eval_september,evaluation,2025-09-11,0.03512827125366672,0.0018673904721994527,0.9249305973505566,0.8611111111111112,0.5277777777777778
ewma14,eval_september,evaluation,2025-09-12,0.1740860819921543,0.037736933057343464,0.9366347894777963,0.8055555555555556,0.7222222222222222
ewma14,eval_september,evaluation,2025-09-13,0.12249971545396782,0.01966816351820434,0.9523067926769343,0.9444444444444444,0.7222222222222222
ewma14,eval_september,evaluation,2025-09-14,0.13061170650055764,0.023045048406597605,0.9012955226563742,0.8888888888888888,0.5277777777777778
ewma14,eval_september,evaluation,2025-09-15,0.0717559727173884,0.006777654849561705,0.9733502130053856,0.8888888888888888,0.6944444444444444
ewma14,eval_september,evaluation,2025-09-16,0.0656713025746754,0.005979110082039243,0.9253082307781489,0.9444444444444444,0.6388888888888888
ewma14,eval_september,evaluation,2025-09-17,0.04853737723906941,0.004036751695489813,0.9274302530895352,0.9166666666666666,0.5555555555555556
ewma14,eval_september,evaluation,2025-09-18,0.03298460360395242,0.00170283702320555,0.944276875407572,0.9166666666666666,0.6944444444444444
ewma14,eval_september,evaluation,2025-09-19,0.16484464582363564,0.033503251769009784,0.9271963668515393,0.8611111111111112,0.5833333333333334
ewma14,eval_september,evaluation,2025-09-20,0.11403252326671767,0.01571730516720206,0.9523953058435817,0.9166666666666666,0.7222222222222222
ewma14,eval_september,evaluation,2025-09-21,0.11366749110621985,0.01652733654092427,0.8947912040674045,0.8611111111111112,0.4166666666666667
ewma14,eval_september,evaluation,2025-09-22,0.08235250910605024,0.009006837191554805,0.930477715775763,0.8888888888888888,0.6388888888888888
ewma14,eval_september,evaluation,2025-09-23,0.05866508653100672,0.0053403603045295515,0.9474999899601877,0.8611111111111112,0.6388888888888888
ewma14,eval_december,evaluation,2025-12-08,0.07680027955344237,0.00786488010003936,0.9866991935941344,0.9166666666666666,0.8611111111111112
ewma14,eval_december,evaluation,2025-12-09,0.05335311313032641,0.004407054319063884,0.9848605113365101,0.9166666666666666,0.8611111111111112
ewma14,eval_december,evaluation,2025-12-10,0.04710508054664188,0.003297395874642554,0.9852222193216166,0.9166666666666666,0.9444444444444444
ewma14,eval_december,evaluation,2025-12-11,0.027844026787431593,0.001328097408138123,0.9843330362647001,0.9444444444444444,0.8888888888888888
ewma14,eval_december,evaluation,2025-12-12,0.16893067437025802,0.034853733118288384,0.966670685636203,0.9722222222222222,0.8888888888888888
ewma14,eval_december,evaluation,2025-12-13,0.10549912106485826,0.01489344529134989,0.9608963918664845,0.9722222222222222,0.7777777777777778
ewma14,eval_december,evaluation,2025-12-14,0.12343012557901173,0.01967590688488792,0.9829133166833539,0.9722222222222222,0.9166666666666666
ewma14,eval_december,evaluation,2025-12-15,0.07592803206820609,0.008105899724194482,0.9727996141789246,0.8888888888888888,0.8333333333333334
ewma14,eval_december,evaluation,2025-12-16,0.046700042210197856,0.0031036620815155513,0.9859336066232618,0.9722222222222222,0.8888888888888888
ewma14,eval_december,evaluation,2025-12-17,0.0353629579861738,0.0019231668986525144,0.981038501728157,0.9444444444444444,0.8333333333333334
ewma14,eval_december,evaluation,2025-12-18,0.03455681704766701,0.0018529058433719252,0.9808887759115713,0.9444444444444444,0.8888888888888888
ewma14,eval_december,evaluation,2025-12-19,0.17299575116787955,0.037559369321398216,0.9637287999356965,0.9166666666666666,0.8611111111111112
ewma14,eval_december,evaluation,2025-12-20,0.11946105403084169,0.0183086779520953,0.9720159151193634,0.9444444444444444,0.8333333333333334
ewma14,eval_december,evaluation,2025-12-21,0.11420268062773123,0.016989968364854488,0.9800337192241458,0.9166666666666666,0.8888888888888888
lag1_shift6h,dev_march,development,2025-03-07,0.4125305555555555,0.2520117797222222,-0.22720933690801,0.1388888888888889,0.1388888888888889
lag1_shift6h,dev_march,development,2025-03-08,0.3823715277777778,0.20285322756944446,-0.343876126947747,0.1388888888888889,0.08333333333333333
lag1_shift6h,dev_march,development,2025-03-09,0.4579472222222222,0.2795905375,-0.4175601365250175,0.08333333333333333,0.08333333333333333
lag1_shift6h,dev_march,development,2025-03-10,0.42735069444444446,0.2538849364583333,-0.286810030152494,0.08333333333333333,0.19444444444444445
lag1_shift6h,dev_march,development,2025-03-11,0.42216527777777785,0.2463384686111111,-0.278430470250191,0.08333333333333333,0.1388888888888889
lag1_shift6h,dev_march,development,2025-03-12,0.42294305555555556,0.2533861941666667,-0.23958958159398874,0.1388888888888889,0.25
lag1_shift6h,dev_march,development,2025-03-13,0.44329861111111113,0.26860106208333334,-0.3432186786010438,0.08333333333333333,0.16666666666666666
lag1_shift6h,dev_march,development,2025-03-14,0.4088729166666667,0.2538745195138889,-0.21052007579834278,0.05555555555555555,0.19444444444444445
lag1_shift6h,dev_march,development,2025-03-15,0.3780923611111111,0.20332142340277778,-0.3543073938211955,0.08333333333333333,0.16666666666666666
lag1_shift6h,dev_march,development,2025-03-16,0.4385923611111111,0.2632975964583333,-0.31727987830564036,0.027777777777777776,0.2222222222222222
lag1_shift6h,dev_march,development,2025-03-17,0.4243055555555555,0.2517591644444444,-0.2833984910746268,0.05555555555555555,0.1388888888888889
lag1_shift6h,dev_march,development,2025-03-18,0.43182847222222226,0.26219897756944444,-0.3760994459817095,0.05555555555555555,0.1111111111111111
lag1_shift6h,dev_march,development,2025-03-19,0.4329159722222222,0.25715363368055555,-0.324214915475786,0.08333333333333333,0.08333333333333333
lag1_shift6h,dev_march,development,2025-03-20,0.4273374999999999,0.2517336826388889,-0.28127847825292984,0.1111111111111111,0.16666666666666666
lag1_shift6h,dev_april,development,2025-04-17,0.4135243055555555,0.23437615895833336,-0.3106923319614742,0.05555555555555555,0.1111111111111111
lag1_shift6h,dev_april,development,2025-04-18,0.39937222222222224,0.23720831541666668,-0.3014727602656211,0.05555555555555555,0.16666666666666666
lag1_shift6h,dev_april,development,2025-04-19,0.36902986111111113,0.193625423125,-0.37671774477976316,0.027777777777777776,0.16666666666666666
lag1_shift6h,dev_april,development,2025-04-20,0.4335333333333333,0.26755968874999997,-0.38723406820634315,0.05555555555555555,0.16666666666666666
lag1_shift6h,dev_april,development,2025-04-21,0.41929791666666666,0.2423353317361111,-0.3608325730759358,0.1111111111111111,0.1388888888888889
lag1_shift6h,dev_april,development,2025-04-22,0.4158784722222222,0.24248568284722222,-0.36730879946003425,0.1388888888888889,0.1111111111111111
lag1_shift6h,dev_april,development,2025-04-23,0.4038458333333333,0.22779513611111113,-0.2822088725049828,0.1388888888888889,0.1111111111111111
lag1_shift6h,dev_april,development,2025-04-24,0.41196666666666665,0.23855507805555554,-0.3097736806424361,0.05555555555555555,0.19444444444444445
lag1_shift6h,dev_april,development,2025-04-25,0.41823194444444445,0.2582858419444444,-0.38556541100468533,0.0,0.1388888888888889
lag1_shift6h,dev_april,development,2025-04-26,0.3738618055555556,0.20515970840277778,-0.3618875568213328,0.05555555555555555,0.16666666666666666
lag1_shift6h,dev_april,development,2025-04-27,0.46010416666666665,0.2942131808333333,-0.41761883136271427,0.05555555555555555,0.05555555555555555
lag1_shift6h,dev_april,development,2025-04-28,0.4291347222222222,0.25425150916666667,-0.3388071698416526,0.08333333333333333,0.19444444444444445
lag1_shift6h,dev_april,development,2025-04-29,0.3980444444444444,0.22112077944444444,-0.18818058874041038,0.08333333333333333,0.25
lag1_shift6h,dev_april,development,2025-04-30,0.4167375,0.23653714402777778,-0.33723979527313847,0.05555555555555555,0.19444444444444445
lag1_shift6h,val_june,validation,2025-06-08,0.4115076388888889,0.23176514354166666,-0.19089158093763153,0.1388888888888889,0.19444444444444445
lag1_shift6h,val_june,validation,2025-06-09,0.41275069444444445,0.24186357951388893,-0.21827290292148507,0.19444444444444445,0.08333333333333333
lag1_shift6h,val_june,validation,2025-06-10,0.40886041666666667,0.24131972673611113,-0.1915852402603263,0.25,0.2222222222222222
lag1_shift6h,val_june,validation,2025-06-11,0.42206180555555556,0.249728959375,-0.18821895813938688,0.2222222222222222,0.16666666666666666
lag1_shift6h,val_june,validation,2025-06-12,0.41066458333333333,0.24024893812499995,-0.13239128403456174,0.19444444444444445,0.25
lag1_shift6h,val_june,validation,2025-06-13,0.3953472222222222,0.2444306077777778,-0.1622884885314154,0.1388888888888889,0.16666666666666666
lag1_shift6h,val_june,validation,2025-06-14,0.36532152777777777,0.196079458125,-0.23175055788500734,0.1111111111111111,0.19444444444444445
lag1_shift6h,val_june,validation,2025-06-15,0.4449041666666667,0.2679959697222222,-0.29524443948784945,0.16666666666666666,0.08333333333333333
lag1_shift6h,val_june,validation,2025-06-16,0.4083923611111111,0.2382849342361111,-0.2068813072960824,0.2222222222222222,0.16666666666666666
lag1_shift6h,val_june,validation,2025-06-17,0.4086416666666666,0.23481054569444446,-0.16444065320583465,0.19444444444444445,0.19444444444444445
lag1_shift6h,val_june,validation,2025-06-18,0.4038541666666666,0.23100676819444446,-0.13221820213233318,0.3333333333333333,0.19444444444444445
lag1_shift6h,val_june,validation,2025-06-19,0.40671875,0.23743179479166665,-0.2011381767473587,0.19444444444444445,0.1388888888888889
lag1_shift6h,val_june,validation,2025-06-20,0.39567291666666665,0.24121135243055558,-0.1647643467744938,0.1111111111111111,0.2777777777777778
lag1_shift6h,val_june,validation,2025-06-21,0.3593368055555556,0.18672224729166664,-0.17063775146240548,0.16666666666666666,0.25
lag1_shift6h,val_august,validation,2025-08-18,0.47495,0.3315634268055556,-0.19608229275135142,0.2222222222222222,0.19444444444444445
lag1_shift6h,val_august,validation,2025-08-19,0.45514999999999994,0.31667270208333337,-0.19407701389073118,0.2777777777777778,0.2222222222222222
lag1_shift6h,val_august,validation,2025-08-20,0.4705208333333333,0.32914328319444447,-0.25078646447182645,0.2777777777777778,0.19444444444444445
lag1_shift6h,val_august,validation,2025-08-21,0.4566638888888889,0.3179612145833333,-0.18081179328790548,0.2777777777777778,0.2222222222222222
lag1_shift6h,val_august,validation,2025-08-22,0.43067638888888893,0.29561619958333335,-0.11076737585139866,0.2222222222222222,0.25
lag1_shift6h,val_august,validation,2025-08-23,0.4249465277777778,0.27838670006944444,-0.1880746527350233,0.2222222222222222,0.2777777777777778
lag1_shift6h,val_august,validation,2025-08-24,0.4945277777777777,0.36128223680555555,-0.22250466703775224,0.19444444444444445,0.2222222222222222
lag1_shift6h,val_august,validation,2025-08-25,0.4731520833333333,0.3371537959027778,-0.2458107182113942,0.25,0.16666666666666666
lag1_shift6h,val_august,validation,2025-08-26,0.4698777777777777,0.3247486984722222,-0.17828184688097193,0.2222222222222222,0.16666666666666666
lag1_shift6h,val_august,validation,2025-08-27,0.4808652777777777,0.34619117986111114,-0.27532033795630595,0.25,0.1111111111111111
lag1_shift6h,val_august,validation,2025-08-28,0.4849159722222222,0.3481372838194444,-0.32084065123644095,0.25,0.1111111111111111
lag1_shift6h,val_august,validation,2025-08-29,0.46127083333333335,0.3246025995833334,-0.18944254771067046,0.2222222222222222,0.2222222222222222
lag1_shift6h,val_august,validation,2025-08-30,0.4144395833333333,0.2745435688194445,-0.22377845810080632,0.2222222222222222,0.16666666666666666
lag1_shift6h,val_august,validation,2025-08-31,0.507588888888889,0.37796419361111105,-0.32636677755701066,0.19444444444444445,0.16666666666666666
lag1_shift6h,eval_september,evaluation,2025-09-10,0.4447513888888888,0.2841812577777778,-0.3996374878569553,0.05555555555555555,0.05555555555555555
lag1_shift6h,eval_september,evaluation,2025-09-11,0.43824722222222223,0.26756005666666666,-0.27979893075222184,0.027777777777777776,0.2222222222222222
lag1_shift6h,eval_september,evaluation,2025-09-12,0.43926875,0.27714445993055553,-0.42191068416150673,0.0,0.1388888888888889
lag1_shift6h,eval_september,evaluation,2025-09-13,0.3995069444444444,0.23317101402777782,-0.42795867678915195,0.0,0.1388888888888889
lag1_shift6h,eval_september,evaluation,2025-09-14,0.4797458333333333,0.32399574430555556,-0.4461966176116544,0.05555555555555555,0.16666666666666666
lag1_shift6h,eval_september,evaluation,2025-09-15,0.43373958333333335,0.2643047096527778,-0.24652909651458652,0.05555555555555555,0.25
lag1_shift6h,eval_september,evaluation,2025-09-16,0.44292430555555556,0.2784837138194444,-0.44299828088261156,0.05555555555555555,0.1388888888888889
lag1_shift6h,eval_september,evaluation,2025-09-17,0.43946111111111114,0.27037267888888894,-0.3531248681267671,0.05555555555555555,0.16666666666666666
lag1_shift6h,eval_september,evaluation,2025-09-18,0.4467236111111112,0.2768535152777778,-0.37347265831070575,0.027777777777777776,0.08333333333333333
lag1_shift6h,eval_september,evaluation,2025-09-19,0.4338805555555555,0.27101256166666665,-0.38643474486603396,0.05555555555555555,0.1111111111111111
lag1_shift6h,eval_september,evaluation,2025-09-20,0.3988701388888889,0.22745816229166665,-0.4087492966803311,0.05555555555555555,0.16666666666666666
lag1_shift6h,eval_september,evaluation,2025-09-21,0.46921874999999996,0.305879158125,-0.48464851026645206,0.0,0.1111111111111111
lag1_shift6h,eval_september,evaluation,2025-09-22,0.44726527777777786,0.27576295208333335,-0.31963395078350126,0.027777777777777776,0.19444444444444445
lag1_shift6h,eval_september,evaluation,2025-09-23,0.44876388888888896,0.2831507713888889,-0.348436711901145,0.08333333333333333,0.16666666666666666
lag1_shift6h,eval_december,evaluation,2025-12-08,0.4767458333333333,0.32763956499999997,-0.14967305551424934,0.2777777777777778,0.08333333333333333
lag1_shift6h,eval_december,evaluation,2025-12-09,0.4797618055555556,0.33132721659722225,-0.13847616138638932,0.3055555555555556,0.1388888888888889
lag1_shift6h,eval_december,evaluation,2025-12-10,0.4816444444444444,0.3335748431944444,-0.11697659744633651,0.3055555555555556,0.05555555555555555
lag1_shift6h,eval_december,evaluation,2025-12-11,0.47730833333333333,0.3319624944444444,-0.13389036419013728,0.3055555555555556,0.1388888888888889
lag1_shift6h,eval_december,evaluation,2025-12-12,0.4611138888888888,0.31981984333333335,-0.20819086909309312,0.2777777777777778,0.08333333333333333
lag1_shift6h,eval_december,evaluation,2025-12-13,0.4235152777777777,0.2546843263888889,-0.15924378993235064,0.2777777777777778,0.1388888888888889
lag1_shift6h,eval_december,evaluation,2025-12-14,0.5078631944444445,0.350222513125,-0.15776713417478677,0.3333333333333333,0.05555555555555555
lag1_shift6h,eval_december,evaluation,2025-12-15,0.4801708333333333,0.34056822166666667,-0.13372143260502967,0.3333333333333333,0.1388888888888889
lag1_shift6h,eval_december,evaluation,2025-12-16,0.47996527777777787,0.33497031180555553,-0.15954907161803716,0.3055555555555556,0.1111111111111111
lag1_shift6h,eval_december,evaluation,2025-12-17,0.4766875,0.3278586616666666,-0.11823406478578892,0.2777777777777778,0.16666666666666666
lag1_shift6h,eval_december,evaluation,2025-12-18,0.4853569444444445,0.3340279805555556,-0.17394720475372974,0.2777777777777778,0.1111111111111111
lag1_shift6h,eval_december,evaluation,2025-12-19,0.4654055555555556,0.32406775944444444,-0.1646372524689888,0.2777777777777778,0.1388888888888889
lag1_shift6h,eval_december,evaluation,2025-12-20,0.4238402777777778,0.25517745625,-0.20024917611124507,0.25,0.1388888888888889
lag1_shift6h,eval_december,evaluation,2025-12-21,0.4972958333333334,0.33921877138888895,-0.16945818153354192,0.2777777777777778,0.1388888888888889
oracle,dev_march,development,2025-03-07,0.0,0.0,1.0,1.0,1.0
oracle,dev_march,development,2025-03-08,0.0,0.0,1.0,1.0,1.0
oracle,dev_march,development,2025-03-09,0.0,0.0,1.0,1.0,1.0
oracle,dev_march,development,2025-03-10,0.0,0.0,1.0,1.0,1.0
oracle,dev_march,development,2025-03-11,0.0,0.0,1.0,1.0,1.0
oracle,dev_march,development,2025-03-12,0.0,0.0,1.0,1.0,1.0
oracle,dev_march,development,2025-03-13,0.0,0.0,1.0,1.0,1.0
oracle,dev_march,development,2025-03-14,0.0,0.0,1.0,1.0,1.0
oracle,dev_march,development,2025-03-15,0.0,0.0,1.0,1.0,1.0
oracle,dev_march,development,2025-03-16,0.0,0.0,1.0,1.0,1.0
oracle,dev_march,development,2025-03-17,0.0,0.0,1.0,1.0,1.0
oracle,dev_march,development,2025-03-18,0.0,0.0,1.0,1.0,1.0
oracle,dev_march,development,2025-03-19,0.0,0.0,1.0,1.0,1.0
oracle,dev_march,development,2025-03-20,0.0,0.0,1.0,1.0,1.0
oracle,dev_april,development,2025-04-17,0.0,0.0,1.0,1.0,1.0
oracle,dev_april,development,2025-04-18,0.0,0.0,0.9999999999999998,1.0,1.0
oracle,dev_april,development,2025-04-19,0.0,0.0,1.0,1.0,1.0
oracle,dev_april,development,2025-04-20,0.0,0.0,1.0,1.0,1.0
oracle,dev_april,development,2025-04-21,0.0,0.0,1.0,1.0,1.0
oracle,dev_april,development,2025-04-22,0.0,0.0,1.0,1.0,1.0
oracle,dev_april,development,2025-04-23,0.0,0.0,1.0,1.0,1.0
oracle,dev_april,development,2025-04-24,0.0,0.0,0.9999999999999998,1.0,1.0
oracle,dev_april,development,2025-04-25,0.0,0.0,1.0,1.0,1.0
oracle,dev_april,development,2025-04-26,0.0,0.0,0.9999999999999998,1.0,1.0
oracle,dev_april,development,2025-04-27,0.0,0.0,1.0,1.0,1.0
oracle,dev_april,development,2025-04-28,0.0,0.0,1.0,1.0,1.0
oracle,dev_april,development,2025-04-29,0.0,0.0,1.0,1.0,1.0
oracle,dev_april,development,2025-04-30,0.0,0.0,0.9999999999999998,1.0,1.0
oracle,val_june,validation,2025-06-08,0.0,0.0,1.0,1.0,1.0
oracle,val_june,validation,2025-06-09,0.0,0.0,1.0,1.0,1.0
oracle,val_june,validation,2025-06-10,0.0,0.0,1.0,1.0,1.0
oracle,val_june,validation,2025-06-11,0.0,0.0,1.0,1.0,1.0
oracle,val_june,validation,2025-06-12,0.0,0.0,1.0,1.0,1.0
oracle,val_june,validation,2025-06-13,0.0,0.0,1.0,1.0,1.0
oracle,val_june,validation,2025-06-14,0.0,0.0,1.0,1.0,1.0
oracle,val_june,validation,2025-06-15,0.0,0.0,1.0,1.0,1.0
oracle,val_june,validation,2025-06-16,0.0,0.0,1.0,1.0,1.0
oracle,val_june,validation,2025-06-17,0.0,0.0,1.0,1.0,1.0
oracle,val_june,validation,2025-06-18,0.0,0.0,1.0,1.0,1.0
oracle,val_june,validation,2025-06-19,0.0,0.0,1.0,1.0,1.0
oracle,val_june,validation,2025-06-20,0.0,0.0,1.0,1.0,1.0
oracle,val_june,validation,2025-06-21,0.0,0.0,1.0,1.0,1.0
oracle,val_august,validation,2025-08-18,0.0,0.0,1.0,1.0,1.0
oracle,val_august,validation,2025-08-19,0.0,0.0,1.0,1.0,1.0
oracle,val_august,validation,2025-08-20,0.0,0.0,1.0,1.0,1.0
oracle,val_august,validation,2025-08-21,0.0,0.0,1.0,1.0,1.0
oracle,val_august,validation,2025-08-22,0.0,0.0,0.9999999999999998,1.0,1.0
oracle,val_august,validation,2025-08-23,0.0,0.0,1.0,1.0,1.0
oracle,val_august,validation,2025-08-24,0.0,0.0,1.0,1.0,1.0
oracle,val_august,validation,2025-08-25,0.0,0.0,1.0,1.0,1.0
oracle,val_august,validation,2025-08-26,0.0,0.0,1.0,1.0,1.0
oracle,val_august,validation,2025-08-27,0.0,0.0,1.0,1.0,1.0
oracle,val_august,validation,2025-08-28,0.0,0.0,1.0,1.0,1.0
oracle,val_august,validation,2025-08-29,0.0,0.0,1.0,1.0,1.0
oracle,val_august,validation,2025-08-30,0.0,0.0,1.0,1.0,1.0
oracle,val_august,validation,2025-08-31,0.0,0.0,1.0,1.0,1.0
oracle,eval_september,evaluation,2025-09-10,0.0,0.0,1.0,1.0,1.0
oracle,eval_september,evaluation,2025-09-11,0.0,0.0,1.0,1.0,1.0
oracle,eval_september,evaluation,2025-09-12,0.0,0.0,1.0,1.0,1.0
oracle,eval_september,evaluation,2025-09-13,0.0,0.0,1.0,1.0,1.0
oracle,eval_september,evaluation,2025-09-14,0.0,0.0,0.9999999999999998,1.0,1.0
oracle,eval_september,evaluation,2025-09-15,0.0,0.0,1.0,1.0,1.0
oracle,eval_september,evaluation,2025-09-16,0.0,0.0,1.0,1.0,1.0
oracle,eval_september,evaluation,2025-09-17,0.0,0.0,1.0,1.0,1.0
oracle,eval_september,evaluation,2025-09-18,0.0,0.0,1.0,1.0,1.0
oracle,eval_september,evaluation,2025-09-19,0.0,0.0,1.0,1.0,1.0
oracle,eval_september,evaluation,2025-09-20,0.0,0.0,1.0,1.0,1.0
oracle,eval_september,evaluation,2025-09-21,0.0,0.0,1.0,1.0,1.0
oracle,eval_september,evaluation,2025-09-22,0.0,0.0,1.0,1.0,1.0
oracle,eval_september,evaluation,2025-09-23,0.0,0.0,0.9999999999999998,1.0,1.0
oracle,eval_december,evaluation,2025-12-08,0.0,0.0,1.0,1.0,1.0
oracle,eval_december,evaluation,2025-12-09,0.0,0.0,1.0,1.0,1.0
oracle,eval_december,evaluation,2025-12-10,0.0,0.0,1.0,1.0,1.0
oracle,eval_december,evaluation,2025-12-11,0.0,0.0,1.0,1.0,1.0
oracle,eval_december,evaluation,2025-12-12,0.0,0.0,1.0,1.0,1.0
oracle,eval_december,evaluation,2025-12-13,0.0,0.0,1.0,1.0,1.0
oracle,eval_december,evaluation,2025-12-14,0.0,0.0,1.0,1.0,1.0
oracle,eval_december,evaluation,2025-12-15,0.0,0.0,1.0,1.0,1.0
oracle,eval_december,evaluation,2025-12-16,0.0,0.0,1.0,1.0,1.0
oracle,eval_december,evaluation,2025-12-17,0.0,0.0,1.0,1.0,1.0
oracle,eval_december,evaluation,2025-12-18,0.0,0.0,1.0,1.0,1.0
oracle,eval_december,evaluation,2025-12-19,0.0,0.0,1.0,1.0,1.0
oracle,eval_december,evaluation,2025-12-20,0.0,0.0,1.0,1.0,1.0
oracle,eval_december,evaluation,2025-12-21,0.0,0.0,1.0,1.0,1.0
