method,window,period,days,plan_kwh,emergency_kwh,plan_cost,emergency_cost,total_cost,paid_grid_spill_kwh,pv_spill_kwh,charge_kwh,discharge_kwh,e_start,e_end,mean_actual_price,inventory_adjusted_cost,emergency_slots,milp_days,max_plan_audit
fixed_attachment1,dev_march,development,14,862499.6501725259,124.16455175904503,514942.29504463304,800.7892815968004,515743.0843262299,52151.87319948142,53719.9185079177,266101.3455022669,215593.5356687143,1607.6682326867735,1550.5062194888894,0.7306390376984127,515780.6726447141,3,4,3.069544618483633e-12
fixed_attachment1,dev_april,development,14,689390.6606087502,5226.438295696182,388230.9170378258,33250.428189625636,421481.3452274515,21507.17351815758,108146.89944813523,236429.91705817162,191547.69583668475,1618.0719069862432,1574.2241074687856,0.6869833333333333,421508.45566417614,11,4,7.16227077646181e-11
fixed_attachment1,val_june,validation,14,1020426.3562151477,98.94922438095239,683167.6799039962,685.0159083032381,683852.6958122993,119541.84857757557,43455.0691976167,244697.96805071726,196862.40953638093,1781.3549957153423,3273.515645382012,0.7637298611111111,682827.0489311464,9,1,2.5579538487363607e-12
fixed_attachment1,val_august,validation,14,917471.3770471665,2659.821450269511,641079.7134950558,20673.57207935475,661753.2855744106,30849.96751519224,85651.75177112402,252855.11438389766,204625.09793944482,2178.160729337569,2386.5437421291017,0.7965640873015873,661603.8941924565,31,4,3.9449332689400766e-12
fixed_attachment1,eval_september,evaluation,14,828108.9719726165,310.38018333333156,527712.6044541512,1632.753660033324,529345.3581141846,50358.516978899475,93039.34928527806,241802.04155820105,197490.60166642856,4786.2408636984155,2974.0764144920645,0.7184592261904762,530517.1277553006,6,4,2.595470505184494e-10
fixed_attachment1,eval_december,evaluation,14,1190812.042056074,28.02018466666675,842273.2081052675,207.1730520160006,842480.3811572836,68830.97266395765,6093.170895774245,317986.6405086278,257195.21779428574,1451.3861965089911,1866.898438401062,0.857148759920635,842159.8409347009,2,0,1.0231815394945443e-12
lag1,dev_march,development,14,864871.5988870218,67.60319119142935,517490.8937901121,434.1469946458842,517925.04078475793,51171.843681214115,54130.99836883597,281269.63981491944,227877.4929700895,1607.6682326867735,1553.1296549037052,0.7306390376984127,517960.9039973479,3,4,2.3874235921539366e-12
lag1,dev_april,development,14,692252.6713162503,4939.692288501894,389994.337326252,31147.259543986147,421141.59687023825,19894.397718107015,109184.3129025515,252857.43335942153,204824.5850919943,1618.0719069862432,1606.8896060275138,0.6869833333333333,421148.5107191865,13,4,4.729372449219227e-11
lag1,val_june,validation,14,1021622.5811778711,98.94922438095239,683053.7169542287,685.0159083032381,683738.732862532,119321.73753658673,44104.83185414139,248371.57649593998,199769.44463441617,1781.3549957153423,3349.72424826561,0.7637298611111111,682660.703474253,9,1,9.094947017729282e-13
lag1,val_august,validation,14,919893.4225901812,2387.462844672361,640039.6764857231,16498.93527438535,656538.6117601085,30389.43309947091,86356.7776096978,262997.47088730976,212862.25892829144,2178.160729337569,2362.2634964814824,0.7965640873015873,656406.6270726968,32,4,1.1937117960769683e-11
lag1,eval_september,evaluation,14,828970.1678011055,976.1325499999984,527985.7128283326,5205.617542341658,533191.3303706743,47816.76418781422,92781.3668261922,264337.47557834216,215699.35224124283,4786.2408636984155,3024.0219494920643,0.7184592261904762,534330.8045644052,8,4,9.634876299216198e-12
lag1,eval_december,evaluation,14,1192070.4347486845,28.02018466666675,843168.6518853415,207.1730520160006,843375.8249373575,69165.06696520752,6062.706057393292,323362.0638216883,261615.87787760474,1451.3861965089911,1792.9348831343946,0.857148759920635,843112.3427074833,2,0,1.0231815394945443e-12
mean7,dev_march,development,14,862811.2110648098,66.6998232352372,514815.4499747875,428.4773619293751,515243.92733671685,51806.214900904124,53682.474872339786,269455.01970182126,218310.01177035333,1607.6682326867735,1550.5062194888894,0.7306390376984127,515281.5156552011,3,4,3.467448550509289e-12
mean7,dev_april,development,14,690113.9532847137,4942.790322497131,388298.58423670137,31371.701879981058,419670.2861166824,20478.792192701963,108617.31446097001,241376.72911218455,195496.89687531235,1618.0719069862432,1638.3538020497374,0.6869833333333333,419657.7461251931,14,4,7.044320682325633e-11
mean7,val_june,validation,14,1018111.4117926502,95.86818352380942,680838.9625129967,663.9693182080946,681502.9318312048,117368.3655358754,45744.992350467975,232624.30963008586,187223.2166902552,1781.3549957153423,3117.437340286773,0.7637298611111111,680584.5664460975,8,1,8.736833478906192e-11
mean7,val_august,validation,14,917832.7470788145,2331.5872597371217,639046.61960777,15806.890522607035,654853.510130377,29465.797581829524,87055.00753352966,252885.442081525,204641.3756249991,2178.160729337569,2395.7523527111116,0.7965640873015873,654697.5170247877,32,4,8.021237994802909e-12
mean7,eval_september,evaluation,14,823497.6456085057,976.1325499999984,525970.5702887916,5205.617542341658,531176.1878311334,46115.820232388,93166.86535851369,242499.97736470896,198018.93079710472,4786.2408636984155,3015.186272931218,0.7184592261904762,532321.3752908747,8,4,4.663595626671179e-12
mean7,eval_december,evaluation,14,1189390.7490675321,28.02018466666675,841204.7219613326,207.1730520160006,841411.8950133487,69008.0040548583,6093.170895774245,309574.4069326137,250381.30859771426,1451.3861965089911,1866.898438401062,0.857148759920635,841091.354790766,2,0,1.0231815394945443e-12
mean14,dev_march,development,14,863029.4599682292,66.69982323523755,514436.7040291107,428.4773619293776,514865.1813910402,52064.05294466545,53414.527285988224,270656.906259766,219283.5398822886,1607.6682326867735,1550.5062194888894,0.7306390376984127,514902.76970952447,3,4,2.021099337273174e-12
mean14,dev_april,development,14,689882.8045394627,4890.240161776181,388288.0777329834,31087.304559794262,419375.38229277765,20036.947280510307,108776.6228557225,241371.61118246792,195492.94133412858,1618.0719069862432,1638.142711064552,0.6869833333333333,419362.9728156781,14,4,7.747126397185235e-11
mean14,val_june,validation,14,1019124.9882847612,95.86818352380942,680949.1538557678,663.9693182080946,681613.1231739759,118018.61994739453,45320.34279470665,236771.5287687877,190582.46419260377,1781.3549957153423,3117.437340286773,0.7637298611111111,680694.7577888685,8,1,1.1368683772161603e-12
mean14,val_august,validation,14,917723.5287360887,2252.598847625693,638459.477032652,15309.006736467627,653768.4837691196,29758.400498767798,86671.06593409757,252375.61012182245,204228.41173764007,2178.160729337569,2395.7523527111116,0.7965640873015873,653612.4906635303,31,4,4.092726157978177e-12
mean14,eval_september,evaluation,14,825032.650024556,976.1325499999984,526339.4720613228,5205.617542341658,531545.0896036644,47767.883525713085,93220.95301878777,241673.5070044503,197363.60697439525,4786.2408636984155,2999.5005294867733,0.7184592261904762,532700.4196737933,8,4,4.042198674546348e-12
mean14,eval_december,evaluation,14,1189235.8092467869,28.02018466666675,840716.4356093081,207.1730520160006,840923.6086613241,68971.63065548736,6093.170895774245,308950.3731359059,249875.84122238093,1451.3861965089911,1866.898438401062,0.857148759920635,840603.0684387415,2,0,1.0231815394945443e-12
mean28,dev_march,development,14,862313.6096252273,72.98611897428475,514757.4588882477,469.9700996747756,515227.42898792244,51869.9085775649,53563.192990086995,267161.7200268136,216452.43903359713,1607.6682326867735,1550.5062194888894,0.7306390376984127,515265.0173064067,3,4,1.6484591469634324e-12
mean28,dev_april,development,14,689869.5180923151,4936.583585313327,388160.3686366056,31315.734153702128,419476.1027903077,20131.861364536166,108718.82760624576,241381.76830277126,195507.16031259138,1618.0719069862432,1631.4852543788345,0.6869833333333333,419467.8095188151,13,4,7.747126397185235e-11
mean28,val_june,validation,14,1021152.530746762,90.26072209523807,681468.697921833,624.5613093992379,682093.2592312321,120488.70837459735,43534.74639452205,243810.70231380718,196284.1947640695,1781.3549957153423,3117.437340286773,0.7637298611111111,681174.8938461248,8,1,1.0800249583553523e-12
mean28,val_august,validation,14,917497.0430043596,2334.508894119979,638267.5919302785,15784.207871204226,654051.7998014828,29835.08409565904,86686.55532199175,251129.56449013748,203219.1147759753,2178.160729337569,2395.7523527111116,0.7965640873015873,653895.8066958935,31,4,8.833467290969566e-11
mean28,eval_september,evaluation,14,828451.7998086556,976.1325499999984,527897.9757974558,5205.617542341658,533103.5933397973,51214.51931939093,93281.05444275303,241366.50316209288,197144.19056558097,4786.2408636984155,2966.993081158731,0.7184592261904762,534279.9431584803,8,4,2.8421709430404007e-12
mean28,eval_december,evaluation,14,1188583.8416339296,28.02018466666675,841162.8481626235,207.1730520160006,841370.0212146395,68570.89193918048,6093.170895774245,307628.1157856414,248804.81276866666,1451.3861965089911,1866.898438401062,0.857148759920635,841049.4809920569,2,0,1.0231815394945443e-12
weekday35,dev_march,development,14,862718.7502696263,74.7333345638076,515453.41471557424,481.33449978927706,515934.74921536347,51064.17013683883,54412.73507651263,269072.6895757025,218000.32436819712,1607.6682326867735,1550.5062194888894,0.7306390376984127,515972.3375338477,3,4,3.979039320256561e-12
weekday35,dev_april,development,14,690302.3712687608,5051.549139453326,388265.22810709366,32266.689915948253,420531.9180230418,21197.975030642,107994.82247654794,242468.7030501422,196388.38486578473,1618.0719069862432,1630.588134575661,0.6869833333333333,420524.1794272667,11,4,4.6838977141305804e-11
weekday35,val_june,validation,14,1020279.5180994427,82.53043895238102,681820.1470784302,570.8537922469529,682391.0008706772,121863.05909815525,41115.339802072915,244659.75593392595,196968.935445759,1781.3549957153423,3120.762618738625,0.7637298611111111,681470.3498325647,6,1,1.1368683772161603e-12
weekday35,val_august,validation,14,917797.5919595622,2644.568413585703,639155.9780567593,20529.58094524341,659685.5590020027,31167.561461152276,85795.5719150076,252063.26062530975,203983.69639498857,2178.160729337569,2386.5437421291017,0.7965640873015873,659536.1676200486,30,4,8.242295734817162e-12
weekday35,eval_september,evaluation,14,829571.2699293063,515.4104464971438,528063.525009388,2715.760810151555,530779.2858195396,51287.70329793061,93180.46758322165,244944.27104703704,200035.80755238567,4786.2408636984155,2974.0764144920618,0.7184592261904762,531951.0554606556,7,4,9.322320693172514e-12
weekday35,eval_december,evaluation,14,1188877.5844772167,28.02018466666675,844153.339035841,207.1730520160006,844360.512087857,68152.99110926631,6062.706057393292,311533.9500571287,251968.5385285714,1451.3861965089911,1866.898438401062,0.857148759920635,844039.9718652744,2,0,1.0231815394945443e-12
ewma14,dev_march,development,14,862829.5981389033,62.930507330476416,515626.35937818955,403.5471065352874,516029.9064847249,51262.87600370805,54111.24361269723,270134.9560967019,218860.76025020666,1607.6682326867735,1550.5062194888894,0.7306390376984127,516067.49480320915,3,4,2.0889956431346945e-12
ewma14,dev_april,development,14,690249.4316272145,4959.700640847608,388632.18540707405,31460.432716873278,420092.61812394724,20287.79036955793,108765.130429438,242539.60277917108,196464.19602677136,1618.0719069862432,1610.1632673830693,0.6869833333333333,420097.50791718427,13,4,3.1391778065881226e-11
ewma14,val_june,validation,14,1018431.9907771664,95.86818352380942,681101.7485530037,663.9693182080946,681765.7178712117,117806.81032000476,45375.61005514051,233948.080660161,188295.47122461617,1781.3549957153423,3117.437340286773,0.7637298611111111,680847.3524861044,8,1,1.8189894035458565e-12
ewma14,val_august,validation,14,917774.3318587656,2340.4664697866497,638568.7727568472,15858.403259709374,654427.1760165566,29709.88288341917,86815.28146761785,252601.78289374954,204411.61168290098,2178.160729337569,2395.7523527111116,0.7965640873015873,654271.1829109673,32,4,8.084397349092696e-12
ewma14,eval_september,evaluation,14,823387.1908922031,976.1325499999984,526105.2809588899,5205.617542341658,531310.8985012316,45814.16769990593,93322.19806592946,242688.7410950441,198171.82941867615,4786.2408636984155,3015.186272931219,0.7184592261904762,532456.0859609729,8,4,8.287770469905809e-11
ewma14,eval_december,evaluation,14,1189541.1811855168,28.02018466666675,841268.533415208,207.1730520160006,841475.7064672239,69051.98212594121,6093.170895774245,310134.6913899917,250835.13900819045,1451.3861965089911,1866.898438401062,0.857148759920635,841155.1662446413,2,0,1.0231815394945443e-12
lag1_shift6h,dev_march,development,14,861024.4007996883,89.55963497333364,683099.1864293662,189.08768295869396,683288.2741123249,31421.686884603154,72945.83022485713,266089.6285640258,215587.39842215812,1607.6682326867735,1546.7801379121643,0.7306390376984127,683328.312609401,5,4,5.4001247917767614e-12
lag1_shift6h,dev_april,development,14,692849.9237781493,4233.102316125713,513630.94254008494,9608.311064271415,523239.2536043564,20004.546784055277,110342.12806925827,246192.13069844796,199536.58417415334,1618.0719069862432,1483.6737865301616,0.6869833333333333,523322.34994626255,12,4,2.816907201324486e-12
lag1_shift6h,val_june,validation,14,1027040.9356702184,71.7718518095237,850430.9775785813,495.4578024183802,850926.4353809998,115553.05245058291,49149.04869647947,273138.44273940264,220420.6655144371,1781.3549957153423,2694.102889580954,0.7637298611111111,850299.0518410095,5,1,1.1937117960769683e-12
lag1_shift6h,val_august,validation,14,928661.1229755785,1510.8948836104648,822114.211374681,7459.359631634224,829573.5710063153,29415.100138781876,88830.65543451614,297991.7156625749,241464.9161433505,2178.160729337569,2076.3535552656085,0.7965640873015873,829646.5573511411,25,4,1.0913936421275139e-11
lag1_shift6h,eval_september,evaluation,14,847136.4529920642,6.375,713454.0100335828,44.0799375,713498.0899710829,48196.728631047925,109225.44221959909,267257.1776940246,218246.5665526076,4786.2408636984155,2821.5157298677295,0.7184592261904762,714768.5073804789,1,4,6.014033715473488e-11
lag1_shift6h,eval_december,evaluation,14,1181720.2390757082,19.708891619047904,1021498.0390611993,108.59371308347774,1021606.6327742827,54644.905574422504,13881.695718947662,301205.5506270981,243116.6999198076,1451.3861965089911,2406.7151833333373,0.857148759920635,1020869.6596235472,3,0,1.0231815394945443e-12
oracle,dev_march,development,14,865194.5984201239,103.88407772380845,509769.9112775651,671.8768545048797,510441.78813207004,51689.39008759389,53540.854654883005,283561.4966111005,229737.47203906282,1607.6682326867735,1549.1573614962977,0.7306390376984127,510480.2634260294,3,4,2.0463630789890885e-12
oracle,dev_april,development,14,693252.3861492521,5226.544452572368,383666.36221870396,33624.001377306886,417290.36359601084,23375.16913633042,106155.33055229396,257313.5834306466,208445.95723411333,1618.0719069862432,1593.67784555344,0.6869833333333333,417305.4460782838,11,4,1.2656897752094665e-10
oracle,val_june,validation,14,1021587.1953255403,98.94922438095239,676453.8356829694,685.0159083032381,677138.8515912726,119690.53486303004,42842.88060763552,253690.44021946614,204230.54029021045,1781.3549957153423,3179.9286485566154,0.7637298611111111,676177.5323757983,9,1,1.1368683772161603e-12
oracle,val_august,validation,14,919534.5047063394,2665.5055042666513,634895.4996626476,20136.814176996068,655032.3138396437,31285.130808405647,85611.96980184007,261619.02301398703,211715.57618029337,2178.160729337569,2395.7523527111125,0.7965640873015873,654876.3207340544,31,4,2.546585164964199e-11
oracle,eval_september,evaluation,14,829540.1161827501,982.5075499999984,520688.1304951136,5249.697479841658,525937.8279749552,49036.466973828305,92030.66151385655,265043.1908784891,216297.7416334238,4786.2408636984155,2994.28861720106,0.7184592261904762,527096.528136905,9,4,7.617018127348274e-12
oracle,eval_december,evaluation,14,1192300.035918844,28.02018466666675,837447.3374327673,207.1730520160006,837654.5104847833,69201.39151165666,6062.706057393292,323997.60470746143,262058.14213966756,1451.3861965089911,1873.5169447047635,0.857148759920635,837328.864522177,2,0,1.0231815394945443e-12
