date,issue_hour,slot,interval_end,price_yuan_per_kwh,old_kwh,new_kwh,adjustment_cost_yuan
2025-03-20,0,0,00:10,0.4248,,1419.0892246666667,0.0
2025-03-20,0,1,00:20,0.4245,,1416.4801813333333,0.0
2025-03-20,0,2,00:30,0.4269,,1409.9726079999998,0.0
2025-03-20,0,3,00:40,0.4272,,1429.9925146666665,0.0
2025-03-20,0,4,00:50,0.4271,,1440.046648,0.0
2025-03-20,0,5,01:00,0.4285,,1434.4916079999998,0.0
2025-03-20,0,6,01:10,0.4311,,600.8469966666667,0.0
2025-03-20,0,7,01:20,0.4302,,1425.5488333333333,0.0
2025-03-20,0,8,01:30,0.4279,,1408.7327333333333,0.0
2025-03-20,0,9,01:40,0.4312,,588.7650566666666,0.0
2025-03-20,0,10,01:50,0.4333,,599.55809,0.0
2025-03-20,0,11,02:00,0.4311,,1274.0435048559652,0.0
2025-03-20,0,12,02:10,0.4293,,1420.25216,0.0
2025-03-20,0,13,02:20,0.4324,,591.1067833333333,0.0
2025-03-20,0,14,02:30,0.4367,,598.9879999999999,0.0
2025-03-20,0,15,02:40,0.4348,,598.7228833333332,0.0
2025-03-20,0,16,02:50,0.4335,,603.7578833333333,0.0
2025-03-20,0,17,03:00,0.4357,,610.9029999999999,0.0
2025-03-20,0,18,03:10,0.4374,,602.8927166666666,0.0
2025-03-20,0,19,03:20,0.4371,,597.9942399999999,0.0
2025-03-20,0,20,03:30,0.4356,,611.4843333333332,0.0
2025-03-20,0,21,03:40,0.4353,,638.0749333333332,0.0
2025-03-20,0,22,03:50,0.436,,641.0110500000001,0.0
2025-03-20,0,23,04:00,0.4378,,627.7346666666666,0.0
2025-03-20,0,24,04:10,0.4401,,638.5699566666666,0.0
2025-03-20,0,25,04:20,0.4389,,639.7495999999999,0.0
2025-03-20,0,26,04:30,0.4364,,626.2213333333333,0.0
2025-03-20,0,27,04:40,0.4393,,629.88444,0.0
2025-03-20,0,28,04:50,0.4422,,639.6099300000001,0.0
2025-03-20,0,29,05:00,0.4395,,642.0876666666666,0.0
2025-03-20,0,30,05:10,0.4333,,637.2705366666667,0.0
2025-03-20,0,31,05:20,0.4439,,640.6012499999999,0.0
2025-03-20,0,32,05:30,0.4301,,1478.3026666666665,0.0
2025-03-20,0,33,05:40,0.3713,,1475.2897066666665,0.0
2025-03-20,0,34,05:50,0.5708,,716.68617,0.0
2025-03-20,0,35,06:00,0.9099,,-0.0,0.0
2025-03-20,0,36,06:10,0.9368,,-0.0,0.0
2025-03-20,0,37,06:20,0.8758,,-0.0,0.0
2025-03-20,0,38,06:30,0.8759,,-0.0,0.0
2025-03-20,0,39,06:40,0.8601,,-0.0,0.0
2025-03-20,0,40,06:50,0.8442,,-0.0,0.0
2025-03-20,0,41,07:00,0.8334,,-0.0,0.0
2025-03-20,0,42,07:10,0.8092,,-0.0,0.0
2025-03-20,0,43,07:20,0.7972,,405.5227578888883,0.0
2025-03-20,0,44,07:30,0.7644,,377.53981666666664,0.0
2025-03-20,0,45,07:40,0.6899,,290.662521111111,0.0
2025-03-20,0,46,07:50,0.86,,-0.0,0.0
2025-03-20,0,47,08:00,1.1617,,-0.0,0.0
2025-03-20,0,48,08:10,1.1683,,-0.0,0.0
2025-03-20,0,49,08:20,1.0956,,-0.0,0.0
2025-03-20,0,50,08:30,1.0849,,-0.0,0.0
2025-03-20,0,51,08:40,1.061,,-0.0,0.0
2025-03-20,0,52,08:50,1.043,,-0.0,0.0
2025-03-20,0,53,09:00,1.036,,-0.0,0.0
2025-03-20,0,54,09:10,1.0147,,-0.0,0.0
2025-03-20,0,55,09:20,0.9922,,-0.0,0.0
2025-03-20,0,56,09:30,0.97,,-0.0,0.0
2025-03-20,0,57,09:40,0.9422,,-0.0,0.0
2025-03-20,0,58,09:50,0.9569,,0.0,0.0
2025-03-20,0,59,10:00,0.9977,,0.0,0.0
2025-03-20,0,60,10:10,0.9919,,0.0,0.0
2025-03-20,0,61,10:20,0.9588,,0.0,0.0
2025-03-20,0,62,10:30,0.9549,,0.0,0.0
2025-03-20,0,63,10:40,0.9839,,0.0,0.0
2025-03-20,0,64,10:50,0.799,,0.0,0.0
2025-03-20,0,65,11:00,0.5025,,575.8542933333333,0.0
2025-03-20,0,66,11:10,0.4662,,598.0430726666664,0.0
2025-03-20,0,67,11:20,0.5007,,602.4352060000001,0.0
2025-03-20,0,68,11:30,0.4827,,611.267486,0.0
2025-03-20,0,69,11:40,0.4785,,621.7774626666665,0.0
2025-03-20,0,70,11:50,0.4662,,613.364016,0.0
2025-03-20,0,71,12:00,0.4432,,590.9633693333333,0.0
2025-03-20,0,72,12:10,0.4411,,641.513011,0.0
2025-03-20,0,73,12:20,0.4551,,683.9731448888888,0.0
2025-03-20,0,74,12:30,0.4463,,726.4914787777777,0.0
2025-03-20,0,75,12:40,0.4113,,749.7535926666665,0.0
2025-03-20,0,76,12:50,0.5682,,441.89167488888927,0.0
2025-03-20,0,77,13:00,0.8279,,48.478687111111185,0.0
2025-03-20,0,78,13:10,0.8636,,86.49384288888882,0.0
2025-03-20,0,79,13:20,0.8416,,99.51176733333341,0.0
2025-03-20,0,80,13:30,0.8618,,104.94980844444444,0.0
2025-03-20,0,81,13:40,0.8623,,114.27361288888903,0.0
2025-03-20,0,82,13:50,0.9026,,-0.0,0.0
2025-03-20,0,83,14:00,0.9754,,-0.0,0.0
2025-03-20,0,84,14:10,1.0002,,-0.0,0.0
2025-03-20,0,85,14:20,0.9978,,-0.0,0.0
2025-03-20,0,86,14:30,1.0271,,-0.0,0.0
2025-03-20,0,87,14:40,1.0906,,-0.0,0.0
2025-03-20,0,88,14:50,0.9376,,-0.0,0.0
2025-03-20,0,89,15:00,0.6694,,1241.2336559999999,0.0
2025-03-20,0,90,15:10,0.66,,1274.9185887777776,0.0
2025-03-20,0,91,15:20,0.7217,,746.6821927009613,0.0
2025-03-20,0,92,15:30,0.7308,,529.4587687777778,0.0
2025-03-20,0,93,15:40,0.7534,,578.0925921111109,0.0
2025-03-20,0,94,15:50,0.7823,,615.6750221111115,0.0
2025-03-20,0,95,16:00,0.8055,,640.5750021111111,0.0
2025-03-20,0,96,16:10,0.8271,,660.6824001111116,0.0
2025-03-20,0,97,16:20,0.8519,,701.6426306666667,0.0
2025-03-20,0,98,16:30,0.8791,,741.4396245555558,0.0
2025-03-20,0,99,16:40,0.9024,,758.4605451111117,0.0
2025-03-20,0,100,16:50,0.9163,,784.6825390000001,0.0
2025-03-20,0,101,17:00,0.9264,,827.1167995555558,0.0
2025-03-20,0,102,17:10,0.9462,,893.8673775555555,0.0
2025-03-20,0,103,17:20,0.9742,,915.7505586666662,0.0
2025-03-20,0,104,17:30,0.9862,,956.8478897777775,0.0
2025-03-20,0,105,17:40,0.976,,1028.6197542222221,0.0
2025-03-20,0,106,17:50,1.0742,,939.608048666666,0.0
2025-03-20,0,107,18:00,1.2313,,760.4096897777775,0.0
2025-03-20,0,108,18:10,1.2561,,701.3146033333333,0.0
2025-03-20,0,109,18:20,1.2447,,739.1132866666666,0.0
2025-03-20,0,110,18:30,1.2545,,742.2270666666665,0.0
2025-03-20,0,111,18:40,1.2522,,741.4620166666666,0.0
2025-03-20,0,112,18:50,1.2881,,196.08988333333082,0.0
2025-03-20,0,113,19:00,1.3466,,-0.0,0.0
2025-03-20,0,114,19:10,1.3523,,-0.0,0.0
2025-03-20,0,115,19:20,1.3445,,-0.0,0.0
2025-03-20,0,116,19:30,1.3483,,-0.0,0.0
2025-03-20,0,117,19:40,1.349,,-0.0,0.0
2025-03-20,0,118,19:50,1.3473,,-0.0,0.0
2025-03-20,0,119,20:00,1.3482,,-0.0,0.0
2025-03-20,0,120,20:10,1.3513,,-0.0,0.0
2025-03-20,0,121,20:20,1.34,,-0.0,0.0
2025-03-20,0,122,20:30,1.3489,,-0.0,0.0
2025-03-20,0,123,20:40,1.3952,,-0.0,0.0
2025-03-20,0,124,20:50,1.2226,,748.2020566666665,0.0
2025-03-20,0,125,21:00,0.9332,,758.4908666666665,0.0
2025-03-20,0,126,21:10,0.9068,,753.7987586666667,0.0
2025-03-20,0,127,21:20,0.9371,,741.8096786666666,0.0
2025-03-20,0,128,21:30,0.9371,,743.9489553333333,0.0
2025-03-20,0,129,21:40,0.9871,,760.835242,0.0
2025-03-20,0,130,21:50,0.7764,,682.5535753333335,0.0
2025-03-20,0,131,22:00,0.4209,,556.8992886666667,0.0
2025-03-20,0,132,22:10,0.3859,,548.3728646666667,0.0
2025-03-20,0,133,22:20,0.4368,,571.0191946666666,0.0
2025-03-20,0,134,22:30,0.4198,,567.4772780000001,0.0
2025-03-20,0,135,22:40,0.4186,,574.4369680000001,0.0
2025-03-20,0,136,22:50,0.4241,,578.8220113333334,0.0
2025-03-20,0,137,23:00,0.4237,,578.2859446666666,0.0
2025-03-20,0,138,23:10,0.4248,,583.147464,0.0
2025-03-20,0,139,23:20,0.424,,578.5837673333334,0.0
2025-03-20,0,140,23:30,0.422,,569.7836506666666,0.0
2025-03-20,0,141,23:40,0.424,,575.5308773333335,0.0
2025-03-20,0,142,23:50,0.4271,,515.0511740000001,0.0
2025-03-20,0,143,24:00,0.4276,,421.1999840000001,0.0
2025-03-20,6,36,06:10,0.9368,-0.0,-0.0,0.0
2025-03-20,6,37,06:20,0.8758,-0.0,-0.0,0.0
2025-03-20,6,38,06:30,0.8759,-0.0,-0.0,0.0
2025-03-20,6,39,06:40,0.8601,-0.0,-0.0,0.0
2025-03-20,6,40,06:50,0.8442,-0.0,-0.0,0.0
2025-03-20,6,41,07:00,0.8334,-0.0,-0.0,0.0
2025-03-20,6,42,07:10,0.8092,-0.0,369.0150579999995,149.3034924667998
2025-03-20,6,43,07:20,0.7972,405.5227578888883,465.43395555555554,23.880603389933565
2025-03-20,6,44,07:30,0.7644,377.53981666666664,398.55635000000007,8.032519040000036
2025-03-20,6,45,07:40,0.6899,290.662521111111,317.7417211111111,9.340970040000023
2025-03-20,6,46,07:50,0.86,-0.0,-0.0,0.0
2025-03-20,6,47,08:00,1.1617,-0.0,-0.0,0.0
2025-03-20,6,48,08:10,1.1683,-0.0,-0.0,0.0
2025-03-20,6,49,08:20,1.0956,-0.0,-0.0,0.0
2025-03-20,6,50,08:30,1.0849,-0.0,-0.0,0.0
2025-03-20,6,51,08:40,1.061,-0.0,-0.0,0.0
2025-03-20,6,52,08:50,1.043,-0.0,-0.0,0.0
2025-03-20,6,53,09:00,1.036,-0.0,-0.0,0.0
2025-03-20,6,54,09:10,1.0147,-0.0,-0.0,0.0
2025-03-20,6,55,09:20,0.9922,-0.0,-0.0,0.0
2025-03-20,6,56,09:30,0.97,-0.0,-0.0,0.0
2025-03-20,6,57,09:40,0.9422,-0.0,-0.0,0.0
2025-03-20,6,58,09:50,0.9569,0.0,-0.0,0.0
2025-03-20,6,59,10:00,0.9977,0.0,0.0,0.0
2025-03-20,6,60,10:10,0.9919,0.0,0.0,0.0
2025-03-20,6,61,10:20,0.9588,0.0,0.0,0.0
2025-03-20,6,62,10:30,0.9549,0.0,0.0,0.0
2025-03-20,6,63,10:40,0.9839,0.0,0.0,0.0
2025-03-20,6,64,10:50,0.799,0.0,0.0,0.0
2025-03-20,6,65,11:00,0.5025,575.8542933333333,0.0,144.6833912
2025-03-20,6,66,11:10,0.4662,598.0430726666664,598.0430726666664,0.0
2025-03-20,6,67,11:20,0.5007,602.4352060000001,0.0,150.81965382210004
2025-03-20,6,68,11:30,0.4827,611.267486,451.54776055555214,38.548355736017484
2025-03-20,6,69,11:40,0.4785,621.7774626666665,580.2371494444442,9.938519938416677
2025-03-20,6,70,11:50,0.4662,613.364016,542.7907055555552,16.450638664600085
2025-03-20,6,71,12:00,0.4432,590.9633693333333,491.3570616666666,22.072757778933337
2025-03-20,6,72,12:10,0.4411,641.513011,470.1881394444447,37.78570042157772
2025-03-20,6,73,12:20,0.4551,683.9731448888888,464.7015316666668,49.89525558871661
2025-03-20,6,74,12:30,0.4463,726.4914787777777,459.27312388888913,59.62977589345549
2025-03-20,6,75,12:40,0.4113,749.7535926666665,434.588496111111,64.81370210664998
2025-03-20,6,76,12:50,0.5682,441.89167488888927,0.0,125.54142483593346
2025-03-20,6,77,13:00,0.8279,48.478687111111185,0.0,20.067752529644473
2025-03-20,6,78,13:10,0.8636,86.49384288888882,0.0,37.3480413594222
2025-03-20,6,79,13:20,0.8416,99.51176733333341,0.0,41.8745516938667
2025-03-20,6,80,13:30,0.8618,104.94980844444444,0.0,45.22287245871111
2025-03-20,6,81,13:40,0.8623,114.27361288888903,0.0,49.269068197044504
2025-03-20,6,82,13:50,0.9026,-0.0,0.0,0.0
2025-03-20,6,83,14:00,0.9754,-0.0,0.0,0.0
2025-03-20,6,84,14:10,1.0002,-0.0,0.0,0.0
2025-03-20,6,85,14:20,0.9978,-0.0,0.0,0.0
2025-03-20,6,86,14:30,1.0271,-0.0,0.0,0.0
2025-03-20,6,87,14:40,1.0906,-0.0,-0.0,0.0
2025-03-20,6,88,14:50,0.9376,-0.0,-0.0,0.0
2025-03-20,6,89,15:00,0.6694,1241.2336559999999,125.03765799999996,373.59080053059995
2025-03-20,6,90,15:10,0.66,1274.9185887777776,370.6898530123455,298.3954828025926
2025-03-20,6,91,15:20,0.7217,746.6821927009613,258.0913584444444,176.30800254146413
2025-03-20,6,92,15:30,0.7308,529.4587687777778,314.03732066666635,78.71499713980012
2025-03-20,6,93,15:40,0.7534,578.0925921111109,380.1580662222216,74.5619359023446
2025-03-20,6,94,15:50,0.7823,615.6750221111115,435.22741844444454,70.58208017421678
2025-03-20,6,95,16:00,0.8055,640.5750021111111,477.61432066666634,65.63241445175011
2025-03-20,6,96,16:10,0.8271,660.6824001111116,497.42051188888877,67.51695387430026
2025-03-20,6,97,16:20,0.8519,701.6426306666667,561.1066813333338,59.86128761853317
2025-03-20,6,98,16:30,0.8791,741.4396245555558,623.6296141111113,51.78339009085558
2025-03-20,6,99,16:40,0.9024,758.4605451111117,663.3764735555553,42.90193308586706
2025-03-20,6,100,16:50,0.9163,784.6825390000001,712.3244063333336,33.15087848123326
2025-03-20,6,101,17:00,0.9264,827.1167995555558,777.4846057777779,22.989632157866698
2025-03-20,6,102,17:10,0.9462,893.8673775555555,856.7666848888886,17.55233770060015
2025-03-20,6,103,17:20,0.9742,915.7505586666662,886.9963743333333,14.006163188766449
2025-03-20,6,104,17:30,0.9862,956.8478897777775,936.4402137777779,10.063025035599795
2025-03-20,6,105,17:40,0.976,1028.6197542222221,1016.5585865555553,5.885849821333421
2025-03-20,6,106,17:50,1.0742,939.608048666666,935.8933893333334,1.9951435279329577
2025-03-20,6,107,18:00,1.2313,760.4096897777775,765.0415387777778,2.851597836850133
2025-03-20,6,108,18:10,1.2561,701.3146033333333,701.3146033333333,0.0
2025-03-20,6,109,18:20,1.2447,739.1132866666666,739.1132866666666,0.0
2025-03-20,6,110,18:30,1.2545,742.2270666666665,742.2270666666665,0.0
2025-03-20,6,111,18:40,1.2522,741.4620166666666,741.4620166666666,0.0
2025-03-20,6,112,18:50,1.2881,196.08988333333082,196.08988333333082,0.0
2025-03-20,6,113,19:00,1.3466,-0.0,-0.0,0.0
2025-03-20,6,114,19:10,1.3523,-0.0,-0.0,0.0
2025-03-20,6,115,19:20,1.3445,-0.0,-0.0,0.0
2025-03-20,6,116,19:30,1.3483,-0.0,-0.0,0.0
2025-03-20,6,117,19:40,1.349,-0.0,-0.0,0.0
2025-03-20,6,118,19:50,1.3473,-0.0,-0.0,0.0
2025-03-20,6,119,20:00,1.3482,-0.0,-0.0,0.0
2025-03-20,6,120,20:10,1.3513,-0.0,-0.0,0.0
2025-03-20,6,121,20:20,1.34,-0.0,-0.0,0.0
2025-03-20,6,122,20:30,1.3489,-0.0,-0.0,0.0
2025-03-20,6,123,20:40,1.3952,-0.0,-0.0,0.0
2025-03-20,6,124,20:50,1.2226,748.2020566666665,748.2020566666665,0.0
2025-03-20,6,125,21:00,0.9332,758.4908666666665,758.4908666666665,0.0
2025-03-20,6,126,21:10,0.9068,753.7987586666667,753.7987586666667,0.0
2025-03-20,6,127,21:20,0.9371,741.8096786666666,741.8096786666666,0.0
2025-03-20,6,128,21:30,0.9371,743.9489553333333,743.9489553333333,0.0
2025-03-20,6,129,21:40,0.9871,760.835242,760.835242,0.0
2025-03-20,6,130,21:50,0.7764,682.5535753333335,682.5535753333335,0.0
2025-03-20,6,131,22:00,0.4209,556.8992886666667,556.8992886666667,0.0
2025-03-20,6,132,22:10,0.3859,548.3728646666667,548.3728646666667,0.0
2025-03-20,6,133,22:20,0.4368,571.0191946666666,571.0191946666666,0.0
2025-03-20,6,134,22:30,0.4198,567.4772780000001,567.4772780000001,0.0
2025-03-20,6,135,22:40,0.4186,574.4369680000001,574.4369680000001,0.0
2025-03-20,6,136,22:50,0.4241,578.8220113333334,578.8220113333334,0.0
2025-03-20,6,137,23:00,0.4237,578.2859446666666,578.2859446666666,0.0
2025-03-20,6,138,23:10,0.4248,583.147464,583.147464,0.0
2025-03-20,6,139,23:20,0.424,578.5837673333334,578.5837673333334,0.0
2025-03-20,6,140,23:30,0.422,569.7836506666666,569.7836506666666,0.0
2025-03-20,6,141,23:40,0.424,575.5308773333335,575.5308773333335,0.0
2025-03-20,6,142,23:50,0.4271,515.0511740000001,515.0511740000001,0.0
2025-03-20,6,143,24:00,0.4276,421.1999840000001,421.1999840000001,0.0
2025-03-20,12,72,12:10,0.4411,470.1881394444447,555.6652072222225,18.851967298388903
2025-03-20,12,73,12:20,0.4551,464.7015316666668,561.8014744444445,22.095091979083303
2025-03-20,12,74,12:30,0.4463,459.27312388888913,567.9959416666668,24.261496787111085
2025-03-20,12,75,12:40,0.4113,434.588496111111,554.9341888888889,24.749091719750027
2025-03-20,12,76,12:50,0.5682,0.0,569.6165461111111,161.82806075016669
2025-03-20,12,77,13:00,0.8279,0.0,0.0,0.0
2025-03-20,12,78,13:10,0.8636,0.0,0.0,0.0
2025-03-20,12,79,13:20,0.8416,0.0,0.0,0.0
2025-03-20,12,80,13:30,0.8618,0.0,0.0,0.0
2025-03-20,12,81,13:40,0.8623,0.0,0.0,0.0
2025-03-20,12,82,13:50,0.9026,0.0,0.0,0.0
2025-03-20,12,83,14:00,0.9754,0.0,0.0,0.0
2025-03-20,12,84,14:10,1.0002,0.0,0.0,0.0
2025-03-20,12,85,14:20,0.9978,0.0,0.0,0.0
2025-03-20,12,86,14:30,1.0271,0.0,-0.0,0.0
2025-03-20,12,87,14:40,1.0906,-0.0,-0.0,0.0
2025-03-20,12,88,14:50,0.9376,-0.0,-0.0,0.0
2025-03-20,12,89,15:00,0.6694,125.03765799999996,379.9557822386865,85.32109618268838
2025-03-20,12,90,15:10,0.66,370.6898530123455,1061.903852444444,228.1006198125925
2025-03-20,12,91,15:20,0.7217,258.0913584444444,289.1353313333333,11.20221761695556
2025-03-20,12,92,15:30,0.7308,314.03732066666635,338.74471022222224,9.028080143600123
2025-03-20,12,93,15:40,0.7534,380.1580662222216,398.5288724444441,6.920282703911231
2025-03-20,12,94,15:50,0.7823,435.22741844444454,447.2616413333334,4.707186282988873
2025-03-20,12,95,16:00,0.8055,477.61432066666634,483.31196022222207,2.2947243310000682
2025-03-20,12,96,16:10,0.8271,497.42051188888877,527.8078233333333,12.566672647850043
2025-03-20,12,97,16:20,0.8519,561.1066813333338,589.8087288888887,12.225637156288627
2025-03-20,12,98,16:30,0.8791,623.6296141111113,650.6463977777778,11.875227260683246
2025-03-20,12,99,16:40,0.9024,663.3764735555553,688.7079933333334,11.429581723733484
2025-03-20,12,100,16:50,0.9163,712.3244063333336,735.970662222222,10.833532135494217
2025-03-20,12,101,17:00,0.9264,777.4846057777779,799.4455977777776,10.172331494399858
2025-03-20,12,102,17:10,0.9462,856.7666848888886,872.9808088888886,7.67090206440004
2025-03-20,12,103,17:20,0.9742,886.9963743333333,898.9220455555552,5.808994452344298
2025-03-20,12,104,17:30,0.9862,936.4402137777779,939.0814923522216,1.302414465058204
2025-03-20,12,105,17:40,0.976,1016.5585865555553,1019.907352222222,1.6341976453333673
2025-03-20,12,106,17:50,1.0742,935.8933893333334,935.8933893333334,0.0
2025-03-20,12,107,18:00,1.2313,765.0415387777778,765.0415387777778,0.0
2025-03-20,12,108,18:10,1.2561,701.3146033333333,701.3146033333333,0.0
2025-03-20,12,109,18:20,1.2447,739.1132866666666,739.1132866666666,0.0
2025-03-20,12,110,18:30,1.2545,742.2270666666665,742.2270666666665,0.0
2025-03-20,12,111,18:40,1.2522,741.4620166666666,741.4620166666666,0.0
2025-03-20,12,112,18:50,1.2881,196.08988333333082,196.08988333333082,0.0
2025-03-20,12,113,19:00,1.3466,-0.0,-0.0,0.0
2025-03-20,12,114,19:10,1.3523,-0.0,-0.0,0.0
2025-03-20,12,115,19:20,1.3445,-0.0,-0.0,0.0
2025-03-20,12,116,19:30,1.3483,-0.0,-0.0,0.0
2025-03-20,12,117,19:40,1.349,-0.0,-0.0,0.0
2025-03-20,12,118,19:50,1.3473,-0.0,-0.0,0.0
2025-03-20,12,119,20:00,1.3482,-0.0,-0.0,0.0
2025-03-20,12,120,20:10,1.3513,-0.0,-0.0,0.0
2025-03-20,12,121,20:20,1.34,-0.0,-0.0,0.0
2025-03-20,12,122,20:30,1.3489,-0.0,-0.0,0.0
2025-03-20,12,123,20:40,1.3952,-0.0,-0.0,0.0
2025-03-20,12,124,20:50,1.2226,748.2020566666665,748.2020566666665,0.0
2025-03-20,12,125,21:00,0.9332,758.4908666666665,758.4908666666665,0.0
2025-03-20,12,126,21:10,0.9068,753.7987586666667,753.7987586666667,0.0
2025-03-20,12,127,21:20,0.9371,741.8096786666666,741.8096786666666,0.0
2025-03-20,12,128,21:30,0.9371,743.9489553333333,743.9489553333333,0.0
2025-03-20,12,129,21:40,0.9871,760.835242,760.835242,0.0
2025-03-20,12,130,21:50,0.7764,682.5535753333335,682.5535753333335,0.0
2025-03-20,12,131,22:00,0.4209,556.8992886666667,556.8992886666667,0.0
2025-03-20,12,132,22:10,0.3859,548.3728646666667,548.3728646666667,0.0
2025-03-20,12,133,22:20,0.4368,571.0191946666666,571.0191946666666,0.0
2025-03-20,12,134,22:30,0.4198,567.4772780000001,567.4772780000001,0.0
2025-03-20,12,135,22:40,0.4186,574.4369680000001,574.4369680000001,0.0
2025-03-20,12,136,22:50,0.4241,578.8220113333334,578.8220113333334,0.0
2025-03-20,12,137,23:00,0.4237,578.2859446666666,578.2859446666666,0.0
2025-03-20,12,138,23:10,0.4248,583.147464,583.147464,0.0
2025-03-20,12,139,23:20,0.424,578.5837673333334,578.5837673333334,0.0
2025-03-20,12,140,23:30,0.422,569.7836506666666,569.7836506666666,0.0
2025-03-20,12,141,23:40,0.424,575.5308773333335,575.5308773333335,0.0
2025-03-20,12,142,23:50,0.4271,515.0511740000001,515.0511740000001,0.0
2025-03-20,12,143,24:00,0.4276,421.1999840000001,421.1999840000001,0.0
2025-03-20,18,108,18:10,1.2561,701.3146033333333,701.3146033333333,0.0
2025-03-20,18,109,18:20,1.2447,739.1132866666666,739.1132866666666,0.0
2025-03-20,18,110,18:30,1.2545,742.2270666666665,742.2270666666665,0.0
2025-03-20,18,111,18:40,1.2522,741.4620166666666,741.4620166666666,0.0
2025-03-20,18,112,18:50,1.2881,196.08988333333082,305.50223093803567,70.46702247481016
2025-03-20,18,113,19:00,1.3466,-0.0,-0.0,0.0
2025-03-20,18,114,19:10,1.3523,-0.0,-0.0,0.0
2025-03-20,18,115,19:20,1.3445,-0.0,-0.0,0.0
2025-03-20,18,116,19:30,1.3483,-0.0,-0.0,0.0
2025-03-20,18,117,19:40,1.349,-0.0,-0.0,0.0
2025-03-20,18,118,19:50,1.3473,-0.0,-0.0,0.0
2025-03-20,18,119,20:00,1.3482,-0.0,-0.0,0.0
2025-03-20,18,120,20:10,1.3513,-0.0,-0.0,0.0
2025-03-20,18,121,20:20,1.34,-0.0,-0.0,0.0
2025-03-20,18,122,20:30,1.3489,-0.0,-0.0,0.0
2025-03-20,18,123,20:40,1.3952,-0.0,-0.0,0.0
2025-03-20,18,124,20:50,1.2226,748.2020566666665,748.2020566666665,0.0
2025-03-20,18,125,21:00,0.9332,758.4908666666665,758.4908666666665,0.0
2025-03-20,18,126,21:10,0.9068,753.7987586666667,753.7987586666667,0.0
2025-03-20,18,127,21:20,0.9371,741.8096786666666,741.8096786666666,0.0
2025-03-20,18,128,21:30,0.9371,743.9489553333333,743.9489553333333,0.0
2025-03-20,18,129,21:40,0.9871,760.835242,760.835242,0.0
2025-03-20,18,130,21:50,0.7764,682.5535753333335,682.5535753333335,0.0
2025-03-20,18,131,22:00,0.4209,556.8992886666667,556.8992886666667,0.0
2025-03-20,18,132,22:10,0.3859,548.3728646666667,548.3728646666667,0.0
2025-03-20,18,133,22:20,0.4368,571.0191946666666,571.0191946666666,0.0
2025-03-20,18,134,22:30,0.4198,567.4772780000001,567.4772780000001,0.0
2025-03-20,18,135,22:40,0.4186,574.4369680000001,574.4369680000001,0.0
2025-03-20,18,136,22:50,0.4241,578.8220113333334,578.8220113333334,0.0
2025-03-20,18,137,23:00,0.4237,578.2859446666666,578.2859446666666,0.0
2025-03-20,18,138,23:10,0.4248,583.147464,583.147464,0.0
2025-03-20,18,139,23:20,0.424,578.5837673333334,578.5837673333334,0.0
2025-03-20,18,140,23:30,0.422,569.7836506666666,569.7836506666666,0.0
2025-03-20,18,141,23:40,0.424,575.5308773333335,575.5308773333335,0.0
2025-03-20,18,142,23:50,0.4271,515.0511740000001,515.0511740000001,0.0
2025-03-20,18,143,24:00,0.4276,421.1999840000001,421.1999840000001,0.0
2025-06-21,0,0,00:10,0.4248,,565.2315186666665,0.0
2025-06-21,0,1,00:20,0.4245,,563.7947553333331,0.0
2025-06-21,0,2,00:30,0.4269,,550.6007386666665,0.0
2025-06-21,0,3,00:40,0.4272,,562.0291186666666,0.0
2025-06-21,0,4,00:50,0.4271,,566.1475986666665,0.0
2025-06-21,0,5,01:00,0.4285,,556.0394053333332,0.0
2025-06-21,0,6,01:10,0.4311,,540.5718206666667,0.0
2025-06-21,0,7,01:20,0.4302,,535.5200639999999,0.0
2025-06-21,0,8,01:30,0.4279,,529.1317473333334,0.0
2025-06-21,0,9,01:40,0.4312,,543.3044173333334,0.0
2025-06-21,0,10,01:50,0.4333,,545.023174,0.0
2025-06-21,0,11,02:00,0.4311,,533.9440806666667,0.0
2025-06-21,0,12,02:10,0.4293,,514.5784846666667,0.0
2025-06-21,0,13,02:20,0.4324,,509.8926846666667,0.0
2025-06-21,0,14,02:30,0.4367,,498.7379146666667,0.0
2025-06-21,0,15,02:40,0.4348,,515.3282113333333,0.0
2025-06-21,0,16,02:50,0.4335,,512.2639213333334,0.0
2025-06-21,0,17,03:00,0.4357,,489.559248,0.0
2025-06-21,0,18,03:10,0.4374,,476.9565066666666,0.0
2025-06-21,0,19,03:20,0.4371,,489.2924499999999,0.0
2025-06-21,0,20,03:30,0.4356,,492.5190199999999,0.0
2025-06-21,0,21,03:40,0.4353,,498.3882199999999,0.0
2025-06-21,0,22,03:50,0.436,,504.03821333333326,0.0
2025-06-21,0,23,04:00,0.4378,,504.6866866666665,0.0
2025-06-21,0,24,04:10,0.4401,,488.91113055555553,0.0
2025-06-21,0,25,04:20,0.4389,,476.77607777777774,0.0
2025-06-21,0,26,04:30,0.4364,,469.1536083333333,0.0
2025-06-21,0,27,04:40,0.4393,,476.46705888888886,0.0
2025-06-21,0,28,04:50,0.4422,,479.5702694444444,0.0
2025-06-21,0,29,05:00,0.4395,,475.46681666666666,0.0
2025-06-21,0,30,05:10,0.4333,,465.3997415555555,0.0
2025-06-21,0,31,05:20,0.4439,,438.00875766666684,0.0
2025-06-21,0,32,05:30,0.4301,,409.7864171111112,0.0
2025-06-21,0,33,05:40,0.3713,,962.1692569807964,0.0
2025-06-21,0,34,05:50,0.5708,,0.0,0.0
2025-06-21,0,35,06:00,0.9099,,0.0,0.0
2025-06-21,0,36,06:10,0.9368,,0.0,0.0
2025-06-21,0,37,06:20,0.8758,,0.0,0.0
2025-06-21,0,38,06:30,0.8759,,5.684341886080802e-14,0.0
2025-06-21,0,39,06:40,0.8601,,0.0,0.0
2025-06-21,0,40,06:50,0.8442,,5.684341886080802e-14,0.0
2025-06-21,0,41,07:00,0.8334,,5.684341886080802e-14,0.0
2025-06-21,0,42,07:10,0.8092,,0.0,0.0
2025-06-21,0,43,07:20,0.7972,,0.0,0.0
2025-06-21,0,44,07:30,0.7644,,0.0,0.0
2025-06-21,0,45,07:40,0.6899,,0.0,0.0
2025-06-21,0,46,07:50,0.86,,0.0,0.0
2025-06-21,0,47,08:00,1.1617,,0.0,0.0
2025-06-21,0,48,08:10,1.1683,,0.0,0.0
2025-06-21,0,49,08:20,1.0956,,0.0,0.0
2025-06-21,0,50,08:30,1.0849,,0.0,0.0
2025-06-21,0,51,08:40,1.061,,0.0,0.0
2025-06-21,0,52,08:50,1.043,,0.0,0.0
2025-06-21,0,53,09:00,1.036,,0.0,0.0
2025-06-21,0,54,09:10,1.0147,,0.0,0.0
2025-06-21,0,55,09:20,0.9922,,0.0,0.0
2025-06-21,0,56,09:30,0.97,,0.0,0.0
2025-06-21,0,57,09:40,0.9422,,0.0,0.0
2025-06-21,0,58,09:50,0.9569,,0.0,0.0
2025-06-21,0,59,10:00,0.9977,,0.0,0.0
2025-06-21,0,60,10:10,0.9919,,0.0,0.0
2025-06-21,0,61,10:20,0.9588,,0.0,0.0
2025-06-21,0,62,10:30,0.9549,,0.0,0.0
2025-06-21,0,63,10:40,0.9839,,0.0,0.0
2025-06-21,0,64,10:50,0.799,,0.0,0.0
2025-06-21,0,65,11:00,0.5025,,0.0,0.0
2025-06-21,0,66,11:10,0.4662,,0.0,0.0
2025-06-21,0,67,11:20,0.5007,,0.0,0.0
2025-06-21,0,68,11:30,0.4827,,0.0,0.0
2025-06-21,0,69,11:40,0.4785,,0.0,0.0
2025-06-21,0,70,11:50,0.4662,,0.0,0.0
2025-06-21,0,71,12:00,0.4432,,0.0,0.0
2025-06-21,0,72,12:10,0.4411,,0.0,0.0
2025-06-21,0,73,12:20,0.4551,,0.0,0.0
2025-06-21,0,74,12:30,0.4463,,0.0,0.0
2025-06-21,0,75,12:40,0.4113,,0.0,0.0
2025-06-21,0,76,12:50,0.5682,,0.0,0.0
2025-06-21,0,77,13:00,0.8279,,0.0,0.0
2025-06-21,0,78,13:10,0.8636,,0.0,0.0
2025-06-21,0,79,13:20,0.8416,,0.0,0.0
2025-06-21,0,80,13:30,0.8618,,0.0,0.0
2025-06-21,0,81,13:40,0.8623,,0.0,0.0
2025-06-21,0,82,13:50,0.9026,,0.0,0.0
2025-06-21,0,83,14:00,0.9754,,0.0,0.0
2025-06-21,0,84,14:10,1.0002,,0.0,0.0
2025-06-21,0,85,14:20,0.9978,,0.0,0.0
2025-06-21,0,86,14:30,1.0271,,0.0,0.0
2025-06-21,0,87,14:40,1.0906,,0.0,0.0
2025-06-21,0,88,14:50,0.9376,,0.0,0.0
2025-06-21,0,89,15:00,0.6694,,0.0,0.0
2025-06-21,0,90,15:10,0.66,,0.0,0.0
2025-06-21,0,91,15:20,0.7217,,0.0,0.0
2025-06-21,0,92,15:30,0.7308,,0.0,0.0
2025-06-21,0,93,15:40,0.7534,,0.0,0.0
2025-06-21,0,94,15:50,0.7823,,76.0531284444445,0.0
2025-06-21,0,95,16:00,0.8055,,156.45961066666644,0.0
2025-06-21,0,96,16:10,0.8271,,188.355400888889,0.0
2025-06-21,0,97,16:20,0.8519,,202.56916977777757,0.0
2025-06-21,0,98,16:30,0.8791,,216.00880533333327,0.0
2025-06-21,0,99,16:40,0.9024,,279.5134608888891,0.0
2025-06-21,0,100,16:50,0.9163,,268.03798977777745,0.0
2025-06-21,0,101,17:00,0.9264,,199.7308386666665,0.0
2025-06-21,0,102,17:10,0.9462,,240.2485294444449,0.0
2025-06-21,0,103,17:20,0.9742,,303.4772855555552,0.0
2025-06-21,0,104,17:30,0.9862,,341.02295166666664,0.0
2025-06-21,0,105,17:40,0.976,,374.7312211111115,0.0
2025-06-21,0,106,17:50,1.0742,,415.1463072222218,0.0
2025-06-21,0,107,18:00,1.2313,,464.3666933333335,0.0
2025-06-21,0,108,18:10,1.2561,,0.0,0.0
2025-06-21,0,109,18:20,1.2447,,549.5426471111108,0.0
2025-06-21,0,110,18:30,1.2545,,407.5815249999997,0.0
2025-06-21,0,111,18:40,1.2522,,628.1148215555556,0.0
2025-06-21,0,112,18:50,1.2881,,0.0,0.0
2025-06-21,0,113,19:00,1.3466,,0.0,0.0
2025-06-21,0,114,19:10,1.3523,,0.0,0.0
2025-06-21,0,115,19:20,1.3445,,0.0,0.0
2025-06-21,0,116,19:30,1.3483,,0.0,0.0
2025-06-21,0,117,19:40,1.349,,1.1368683772161603e-13,0.0
2025-06-21,0,118,19:50,1.3473,,1.1368683772161603e-13,0.0
2025-06-21,0,119,20:00,1.3482,,0.0,0.0
2025-06-21,0,120,20:10,1.3513,,0.0,0.0
2025-06-21,0,121,20:20,1.34,,0.0,0.0
2025-06-21,0,122,20:30,1.3489,,1.1368683772161603e-13,0.0
2025-06-21,0,123,20:40,1.3952,,0.0,0.0
2025-06-21,0,124,20:50,1.2226,,686.3796293333334,0.0
2025-06-21,0,125,21:00,0.9332,,668.414996,0.0
2025-06-21,0,126,21:10,0.9068,,651.4425493333333,0.0
2025-06-21,0,127,21:20,0.9371,,651.623026,0.0
2025-06-21,0,128,21:30,0.9371,,658.2444193333332,0.0
2025-06-21,0,129,21:40,0.9871,,653.8294559999999,0.0
2025-06-21,0,130,21:50,0.7764,,612.984576,0.0
2025-06-21,0,131,22:00,0.4209,,562.400086,0.0
2025-06-21,0,132,22:10,0.3859,,555.9603473333333,0.0
2025-06-21,0,133,22:20,0.4368,,559.7719773333332,0.0
2025-06-21,0,134,22:30,0.4198,,557.8191373333333,0.0
2025-06-21,0,135,22:40,0.4186,,575.0776106666666,0.0
2025-06-21,0,136,22:50,0.4241,,592.6261006666666,0.0
2025-06-21,0,137,23:00,0.4237,,587.457804,0.0
2025-06-21,0,138,23:10,0.4248,,566.4784520000001,0.0
2025-06-21,0,139,23:20,0.424,,561.5257853333334,0.0
2025-06-21,0,140,23:30,0.422,,574.2820786666667,0.0
2025-06-21,0,141,23:40,0.424,,564.687312,0.0
2025-06-21,0,142,23:50,0.4271,,631.700502,0.0
2025-06-21,0,143,24:00,0.4276,,743.0234119999999,0.0
2025-06-21,6,36,06:10,0.9368,0.0,0.0,0.0
2025-06-21,6,37,06:20,0.8758,0.0,2.842170943040401e-14,1.2445866559573915e-14
2025-06-21,6,38,06:30,0.8759,5.684341886080802e-14,0.0,2.489457529009087e-14
2025-06-21,6,39,06:40,0.8601,0.0,0.0,0.0
2025-06-21,6,40,06:50,0.8442,5.684341886080802e-14,0.0,2.3993607101147062e-14
2025-06-21,6,41,07:00,0.8334,5.684341886080802e-14,0.0,2.36866526392987e-14
2025-06-21,6,42,07:10,0.8092,0.0,0.0,0.0
2025-06-21,6,43,07:20,0.7972,0.0,0.0,0.0
2025-06-21,6,44,07:30,0.7644,0.0,0.0,0.0
2025-06-21,6,45,07:40,0.6899,0.0,0.0,0.0
2025-06-21,6,46,07:50,0.86,0.0,0.0,0.0
2025-06-21,6,47,08:00,1.1617,0.0,0.0,0.0
2025-06-21,6,48,08:10,1.1683,0.0,0.0,0.0
2025-06-21,6,49,08:20,1.0956,0.0,0.0,0.0
2025-06-21,6,50,08:30,1.0849,0.0,0.0,0.0
2025-06-21,6,51,08:40,1.061,0.0,0.0,0.0
2025-06-21,6,52,08:50,1.043,0.0,0.0,0.0
2025-06-21,6,53,09:00,1.036,0.0,0.0,0.0
2025-06-21,6,54,09:10,1.0147,0.0,0.0,0.0
2025-06-21,6,55,09:20,0.9922,0.0,0.0,0.0
2025-06-21,6,56,09:30,0.97,0.0,0.0,0.0
2025-06-21,6,57,09:40,0.9422,0.0,0.0,0.0
2025-06-21,6,58,09:50,0.9569,0.0,0.0,0.0
2025-06-21,6,59,10:00,0.9977,0.0,0.0,0.0
2025-06-21,6,60,10:10,0.9919,0.0,0.0,0.0
2025-06-21,6,61,10:20,0.9588,0.0,0.0,0.0
2025-06-21,6,62,10:30,0.9549,0.0,0.0,0.0
2025-06-21,6,63,10:40,0.9839,0.0,0.0,0.0
2025-06-21,6,64,10:50,0.799,0.0,0.0,0.0
2025-06-21,6,65,11:00,0.5025,0.0,0.0,0.0
2025-06-21,6,66,11:10,0.4662,0.0,0.0,0.0
2025-06-21,6,67,11:20,0.5007,0.0,0.0,0.0
2025-06-21,6,68,11:30,0.4827,0.0,0.0,0.0
2025-06-21,6,69,11:40,0.4785,0.0,0.0,0.0
2025-06-21,6,70,11:50,0.4662,0.0,0.0,0.0
2025-06-21,6,71,12:00,0.4432,0.0,0.0,0.0
2025-06-21,6,72,12:10,0.4411,0.0,0.0,0.0
2025-06-21,6,73,12:20,0.4551,0.0,0.0,0.0
2025-06-21,6,74,12:30,0.4463,0.0,0.0,0.0
2025-06-21,6,75,12:40,0.4113,0.0,0.0,0.0
2025-06-21,6,76,12:50,0.5682,0.0,0.0,0.0
2025-06-21,6,77,13:00,0.8279,0.0,0.0,0.0
2025-06-21,6,78,13:10,0.8636,0.0,0.0,0.0
2025-06-21,6,79,13:20,0.8416,0.0,0.0,0.0
2025-06-21,6,80,13:30,0.8618,0.0,0.0,0.0
2025-06-21,6,81,13:40,0.8623,0.0,0.0,0.0
2025-06-21,6,82,13:50,0.9026,0.0,0.0,0.0
2025-06-21,6,83,14:00,0.9754,0.0,0.0,0.0
2025-06-21,6,84,14:10,1.0002,0.0,0.0,0.0
2025-06-21,6,85,14:20,0.9978,0.0,0.0,0.0
2025-06-21,6,86,14:30,1.0271,0.0,0.0,0.0
2025-06-21,6,87,14:40,1.0906,0.0,0.0,0.0
2025-06-21,6,88,14:50,0.9376,0.0,0.0,0.0
2025-06-21,6,89,15:00,0.6694,0.0,0.0,0.0
2025-06-21,6,90,15:10,0.66,0.0,0.0,0.0
2025-06-21,6,91,15:20,0.7217,0.0,0.0,0.0
2025-06-21,6,92,15:30,0.7308,0.0,0.0,0.0
2025-06-21,6,93,15:40,0.7534,0.0,4.547473508864641e-13,1.7130332707893102e-13
2025-06-21,6,94,15:50,0.7823,76.0531284444445,66.55130786556869,3.7166371194272725
2025-06-21,6,95,16:00,0.8055,156.45961066666644,101.56161988888891,22.110165785749896
2025-06-21,6,96,16:10,0.8271,188.355400888889,134.5327425555554,22.25836035375011
2025-06-21,6,97,16:20,0.8519,202.56916977777757,158.89125311111127,18.60460860416651
2025-06-21,6,98,16:30,0.8791,216.00880533333327,182.47563033333347,14.739507071249912
2025-06-21,6,99,16:40,0.9024,279.5134608888891,256.12502755555545,10.552861120000136
2025-06-21,6,100,16:50,0.9163,268.03798977777745,254.7942981111113,6.067597337083104
2025-06-21,6,101,17:00,0.9264,199.7308386666665,196.6318886666666,1.4354336399999483
2025-06-21,6,102,17:10,0.9462,240.2485294444449,240.3250415555554,0.036197879766379046
2025-06-21,6,103,17:20,0.9742,303.4772855555552,308.84722266666677,2.615696366822431
2025-06-21,6,104,17:30,0.9862,341.02295166666664,351.68631377777774,5.258103856988883
2025-06-21,6,105,17:40,0.976,374.7312211111115,390.68800822222204,7.7869121102219445
2025-06-21,6,106,17:50,1.0742,415.1463072222218,436.39651933333334,11.413488924878
2025-06-21,6,107,18:00,1.2313,464.3666933333335,490.9103304444444,16.341590187455434
2025-06-21,6,108,18:10,1.2561,0.0,0.0,0.0
2025-06-21,6,109,18:20,1.2447,549.5426471111108,559.1057946666668,5.951624881200303
2025-06-21,6,110,18:30,1.2545,407.5815249999997,428.6601680000012,13.221578821750926
2025-06-21,6,111,18:40,1.2522,628.1148215555556,632.7357579999999,2.8931683078665653
2025-06-21,6,112,18:50,1.2881,0.0,1.1368683772161603e-13,7.32200078346068e-14
2025-06-21,6,113,19:00,1.3466,0.0,0.0,0.0
2025-06-21,6,114,19:10,1.3523,0.0,1.1368683772161603e-13,7.686935532547068e-14
2025-06-21,6,115,19:20,1.3445,0.0,0.0,0.0
2025-06-21,6,116,19:30,1.3483,0.0,0.0,0.0
2025-06-21,6,117,19:40,1.349,1.1368683772161603e-13,0.0,7.668177204323001e-14
2025-06-21,6,118,19:50,1.3473,1.1368683772161603e-13,0.0,7.658513823116664e-14
2025-06-21,6,119,20:00,1.3482,0.0,0.0,0.0
2025-06-21,6,120,20:10,1.3513,0.0,0.0,0.0
2025-06-21,6,121,20:20,1.34,0.0,0.0,0.0
2025-06-21,6,122,20:30,1.3489,1.1368683772161603e-13,1.1368683772161603e-13,0.0
2025-06-21,6,123,20:40,1.3952,0.0,0.0,0.0
2025-06-21,6,124,20:50,1.2226,686.3796293333334,686.3796293333334,0.0
2025-06-21,6,125,21:00,0.9332,668.414996,668.414996,0.0
2025-06-21,6,126,21:10,0.9068,651.4425493333333,651.4425493333333,0.0
2025-06-21,6,127,21:20,0.9371,651.623026,651.623026,0.0
2025-06-21,6,128,21:30,0.9371,658.2444193333332,658.2444193333332,0.0
2025-06-21,6,129,21:40,0.9871,653.8294559999999,653.8294559999999,0.0
2025-06-21,6,130,21:50,0.7764,612.984576,612.984576,0.0
2025-06-21,6,131,22:00,0.4209,562.400086,562.400086,0.0
2025-06-21,6,132,22:10,0.3859,555.9603473333333,555.9603473333333,0.0
2025-06-21,6,133,22:20,0.4368,559.7719773333332,559.7719773333332,0.0
2025-06-21,6,134,22:30,0.4198,557.8191373333333,557.8191373333333,0.0
2025-06-21,6,135,22:40,0.4186,575.0776106666666,575.0776106666666,0.0
2025-06-21,6,136,22:50,0.4241,592.6261006666666,592.6261006666666,0.0
2025-06-21,6,137,23:00,0.4237,587.457804,587.457804,0.0
2025-06-21,6,138,23:10,0.4248,566.4784520000001,566.4784520000001,0.0
2025-06-21,6,139,23:20,0.424,561.5257853333334,561.5257853333334,0.0
2025-06-21,6,140,23:30,0.422,574.2820786666667,574.2820786666667,0.0
2025-06-21,6,141,23:40,0.424,564.687312,564.687312,0.0
2025-06-21,6,142,23:50,0.4271,631.700502,631.700502,0.0
2025-06-21,6,143,24:00,0.4276,743.0234119999999,743.0234119999999,0.0
2025-06-21,12,72,12:10,0.4411,0.0,0.0,0.0
2025-06-21,12,73,12:20,0.4551,0.0,0.0,0.0
2025-06-21,12,74,12:30,0.4463,0.0,0.0,0.0
2025-06-21,12,75,12:40,0.4113,0.0,0.0,0.0
2025-06-21,12,76,12:50,0.5682,0.0,0.0,0.0
2025-06-21,12,77,13:00,0.8279,0.0,0.0,0.0
2025-06-21,12,78,13:10,0.8636,0.0,0.0,0.0
2025-06-21,12,79,13:20,0.8416,0.0,0.0,0.0
2025-06-21,12,80,13:30,0.8618,0.0,0.0,0.0
2025-06-21,12,81,13:40,0.8623,0.0,0.0,0.0
2025-06-21,12,82,13:50,0.9026,0.0,0.0,0.0
2025-06-21,12,83,14:00,0.9754,0.0,0.0,0.0
2025-06-21,12,84,14:10,1.0002,0.0,0.0,0.0
2025-06-21,12,85,14:20,0.9978,0.0,0.0,0.0
2025-06-21,12,86,14:30,1.0271,0.0,0.0,0.0
2025-06-21,12,87,14:40,1.0906,0.0,0.0,0.0
2025-06-21,12,88,14:50,0.9376,0.0,0.0,0.0
2025-06-21,12,89,15:00,0.6694,0.0,0.0,0.0
2025-06-21,12,90,15:10,0.66,0.0,0.0,0.0
2025-06-21,12,91,15:20,0.7217,0.0,0.0,0.0
2025-06-21,12,92,15:30,0.7308,0.0,0.0,0.0
2025-06-21,12,93,15:40,0.7534,4.547473508864641e-13,15.944468333333134,6.00628122116642
2025-06-21,12,94,15:50,0.7823,66.55130786556869,67.98771166666666,0.5618493467994697
2025-06-21,12,95,16:00,0.8055,101.56161988888891,115.54443833333323,5.63158012849995
2025-06-21,12,96,16:10,0.8271,134.5327425555554,148.19605593888923,5.650463249677711
2025-06-21,12,97,16:20,0.8519,158.89125311111127,158.89125311111127,0.0
2025-06-21,12,98,16:30,0.8791,182.47563033333347,182.47563033333347,0.0
2025-06-21,12,99,16:40,0.9024,256.12502755555545,256.12502755555545,0.0
2025-06-21,12,100,16:50,0.9163,254.7942981111113,254.7942981111113,0.0
2025-06-21,12,101,17:00,0.9264,196.6318886666666,196.6318886666666,0.0
2025-06-21,12,102,17:10,0.9462,240.3250415555554,240.3250415555554,0.0
2025-06-21,12,103,17:20,0.9742,308.84722266666677,308.84722266666677,0.0
2025-06-21,12,104,17:30,0.9862,351.68631377777774,351.68631377777774,0.0
2025-06-21,12,105,17:40,0.976,390.68800822222204,390.68800822222204,0.0
2025-06-21,12,106,17:50,1.0742,436.39651933333334,436.39651933333334,0.0
2025-06-21,12,107,18:00,1.2313,490.9103304444444,490.9103304444444,0.0
2025-06-21,12,108,18:10,1.2561,0.0,-0.0,0.0
2025-06-21,12,109,18:20,1.2447,559.1057946666668,559.1057946666668,0.0
2025-06-21,12,110,18:30,1.2545,428.6601680000012,428.6601680000012,0.0
2025-06-21,12,111,18:40,1.2522,632.7357579999999,632.7357579999999,0.0
2025-06-21,12,112,18:50,1.2881,1.1368683772161603e-13,-0.0,7.32200078346068e-14
2025-06-21,12,113,19:00,1.3466,0.0,-0.0,0.0
2025-06-21,12,114,19:10,1.3523,1.1368683772161603e-13,-0.0,7.686935532547068e-14
2025-06-21,12,115,19:20,1.3445,0.0,-0.0,0.0
2025-06-21,12,116,19:30,1.3483,0.0,-0.0,0.0
2025-06-21,12,117,19:40,1.349,0.0,-0.0,0.0
2025-06-21,12,118,19:50,1.3473,0.0,-0.0,0.0
2025-06-21,12,119,20:00,1.3482,0.0,-0.0,0.0
2025-06-21,12,120,20:10,1.3513,0.0,-0.0,0.0
2025-06-21,12,121,20:20,1.34,0.0,-0.0,0.0
2025-06-21,12,122,20:30,1.3489,1.1368683772161603e-13,-0.0,7.667608770134393e-14
2025-06-21,12,123,20:40,1.3952,0.0,-0.0,0.0
2025-06-21,12,124,20:50,1.2226,686.3796293333334,686.3796293333334,0.0
2025-06-21,12,125,21:00,0.9332,668.414996,668.414996,0.0
2025-06-21,12,126,21:10,0.9068,651.4425493333333,651.4425493333333,0.0
2025-06-21,12,127,21:20,0.9371,651.623026,651.623026,0.0
2025-06-21,12,128,21:30,0.9371,658.2444193333332,658.2444193333332,0.0
2025-06-21,12,129,21:40,0.9871,653.8294559999999,653.8294559999999,0.0
2025-06-21,12,130,21:50,0.7764,612.984576,612.984576,0.0
2025-06-21,12,131,22:00,0.4209,562.400086,562.400086,0.0
2025-06-21,12,132,22:10,0.3859,555.9603473333333,555.9603473333333,0.0
2025-06-21,12,133,22:20,0.4368,559.7719773333332,559.7719773333332,0.0
2025-06-21,12,134,22:30,0.4198,557.8191373333333,557.8191373333333,0.0
2025-06-21,12,135,22:40,0.4186,575.0776106666666,575.0776106666666,0.0
2025-06-21,12,136,22:50,0.4241,592.6261006666666,592.6261006666666,0.0
2025-06-21,12,137,23:00,0.4237,587.457804,587.457804,0.0
2025-06-21,12,138,23:10,0.4248,566.4784520000001,566.4784520000001,0.0
2025-06-21,12,139,23:20,0.424,561.5257853333334,561.5257853333334,0.0
2025-06-21,12,140,23:30,0.422,574.2820786666667,574.2820786666667,0.0
2025-06-21,12,141,23:40,0.424,564.687312,564.687312,0.0
2025-06-21,12,142,23:50,0.4271,631.700502,631.700502,0.0
2025-06-21,12,143,24:00,0.4276,743.0234119999999,743.0234119999999,0.0
2025-06-21,18,108,18:10,1.2561,-0.0,-0.0,0.0
2025-06-21,18,109,18:20,1.2447,559.1057946666668,559.1057946666668,0.0
2025-06-21,18,110,18:30,1.2545,428.6601680000012,428.6601680000012,0.0
2025-06-21,18,111,18:40,1.2522,632.7357579999999,632.7357579999999,0.0
2025-06-21,18,112,18:50,1.2881,-0.0,-0.0,0.0
2025-06-21,18,113,19:00,1.3466,-0.0,-0.0,0.0
2025-06-21,18,114,19:10,1.3523,-0.0,-0.0,0.0
2025-06-21,18,115,19:20,1.3445,-0.0,-0.0,0.0
2025-06-21,18,116,19:30,1.3483,-0.0,-0.0,0.0
2025-06-21,18,117,19:40,1.349,-0.0,-0.0,0.0
2025-06-21,18,118,19:50,1.3473,-0.0,-0.0,0.0
2025-06-21,18,119,20:00,1.3482,-0.0,-0.0,0.0
2025-06-21,18,120,20:10,1.3513,-0.0,-0.0,0.0
2025-06-21,18,121,20:20,1.34,-0.0,-0.0,0.0
2025-06-21,18,122,20:30,1.3489,-0.0,-0.0,0.0
2025-06-21,18,123,20:40,1.3952,-0.0,-0.0,0.0
2025-06-21,18,124,20:50,1.2226,686.3796293333334,686.3796293333334,0.0
2025-06-21,18,125,21:00,0.9332,668.414996,668.414996,0.0
2025-06-21,18,126,21:10,0.9068,651.4425493333333,651.4425493333333,0.0
2025-06-21,18,127,21:20,0.9371,651.623026,651.623026,0.0
2025-06-21,18,128,21:30,0.9371,658.2444193333332,658.2444193333332,0.0
2025-06-21,18,129,21:40,0.9871,653.8294559999999,653.8294559999999,0.0
2025-06-21,18,130,21:50,0.7764,612.984576,612.984576,0.0
2025-06-21,18,131,22:00,0.4209,562.400086,562.400086,0.0
2025-06-21,18,132,22:10,0.3859,555.9603473333333,555.9603473333333,0.0
2025-06-21,18,133,22:20,0.4368,559.7719773333332,559.7719773333332,0.0
2025-06-21,18,134,22:30,0.4198,557.8191373333333,557.8191373333333,0.0
2025-06-21,18,135,22:40,0.4186,575.0776106666666,575.0776106666666,0.0
2025-06-21,18,136,22:50,0.4241,592.6261006666666,592.6261006666666,0.0
2025-06-21,18,137,23:00,0.4237,587.457804,587.457804,0.0
2025-06-21,18,138,23:10,0.4248,566.4784520000001,566.4784520000001,0.0
2025-06-21,18,139,23:20,0.424,561.5257853333334,561.5257853333334,0.0
2025-06-21,18,140,23:30,0.422,574.2820786666667,574.2820786666667,0.0
2025-06-21,18,141,23:40,0.424,564.687312,564.687312,0.0
2025-06-21,18,142,23:50,0.4271,631.700502,631.700502,0.0
2025-06-21,18,143,24:00,0.4276,743.0234119999999,743.0234119999999,0.0
2025-09-23,0,0,00:10,0.4248,,1519.9467833333333,0.0
2025-09-23,0,1,00:20,0.4245,,1508.4137366666664,0.0
2025-09-23,0,2,00:30,0.4269,,1480.7946666666667,0.0
2025-09-23,0,3,00:40,0.4272,,1476.31307,0.0
2025-09-23,0,4,00:50,0.4271,,1479.34078,0.0
2025-09-23,0,5,01:00,0.4285,,1475.5449999999998,0.0
2025-09-23,0,6,01:10,0.4311,,634.3915299999999,0.0
2025-09-23,0,7,01:20,0.4302,,1088.1167359259262,0.0
2025-09-23,0,8,01:30,0.4279,,1465.9923333333331,0.0
2025-09-23,0,9,01:40,0.4312,,631.1367199999999,0.0
2025-09-23,0,10,01:50,0.4333,,639.5487366666667,0.0
2025-09-23,0,11,02:00,0.4311,,646.8720000000001,0.0
2025-09-23,0,12,02:10,0.4293,,1463.3599833333333,0.0
2025-09-23,0,13,02:20,0.4324,,629.9045199999999,0.0
2025-09-23,0,14,02:30,0.4367,,650.6926666666666,0.0
2025-09-23,0,15,02:40,0.4348,,654.6868133333334,0.0
2025-09-23,0,16,02:50,0.4335,,648.2569299999999,0.0
2025-09-23,0,17,03:00,0.4357,,640.0519999999999,0.0
2025-09-23,0,18,03:10,0.4374,,631.7036333333333,0.0
2025-09-23,0,19,03:20,0.4371,,633.29301,0.0
2025-09-23,0,20,03:30,0.4356,,639.6136666666666,0.0
2025-09-23,0,21,03:40,0.4353,,634.7675266666666,0.0
2025-09-23,0,22,03:50,0.436,,629.6409333333334,0.0
2025-09-23,0,23,04:00,0.4378,,631.5633333333333,0.0
2025-09-23,0,24,04:10,0.4401,,637.52335,0.0
2025-09-23,0,25,04:20,0.4389,,644.9185633333333,0.0
2025-09-23,0,26,04:30,0.4364,,651.1573333333333,0.0
2025-09-23,0,27,04:40,0.4393,,652.2724033333332,0.0
2025-09-23,0,28,04:50,0.4422,,640.25864,0.0
2025-09-23,0,29,05:00,0.4395,,620.656,0.0
2025-09-23,0,30,05:10,0.4333,,620.3328432222222,0.0
2025-09-23,0,31,05:20,0.4439,,637.8281832222223,0.0
2025-09-23,0,32,05:30,0.4301,,1480.624053222222,0.0
2025-09-23,0,33,05:40,0.3713,,1447.9740798888888,0.0
2025-09-23,0,34,05:50,0.5708,,677.3745032222223,0.0
2025-09-23,0,35,06:00,0.9099,,-0.0,0.0
2025-09-23,0,36,06:10,0.9368,,-0.0,0.0
2025-09-23,0,37,06:20,0.8758,,-0.0,0.0
2025-09-23,0,38,06:30,0.8759,,-0.0,0.0
2025-09-23,0,39,06:40,0.8601,,-0.0,0.0
2025-09-23,0,40,06:50,0.8442,,-0.0,0.0
2025-09-23,0,41,07:00,0.8334,,-0.0,0.0
2025-09-23,0,42,07:10,0.8092,,255.79718122222425,0.0
2025-09-23,0,43,07:20,0.7972,,470.8431244444445,0.0
2025-09-23,0,44,07:30,0.7644,,399.13429666666684,0.0
2025-09-23,0,45,07:40,0.6899,,295.39533888888883,0.0
2025-09-23,0,46,07:50,0.86,,-0.0,0.0
2025-09-23,0,47,08:00,1.1617,,-0.0,0.0
2025-09-23,0,48,08:10,1.1683,,-0.0,0.0
2025-09-23,0,49,08:20,1.0956,,-0.0,0.0
2025-09-23,0,50,08:30,1.0849,,-0.0,0.0
2025-09-23,0,51,08:40,1.061,,-0.0,0.0
2025-09-23,0,52,08:50,1.043,,-0.0,0.0
2025-09-23,0,53,09:00,1.036,,-0.0,0.0
2025-09-23,0,54,09:10,1.0147,,-0.0,0.0
2025-09-23,0,55,09:20,0.9922,,-0.0,0.0
2025-09-23,0,56,09:30,0.97,,-0.0,0.0
2025-09-23,0,57,09:40,0.9422,,-0.0,0.0
2025-09-23,0,58,09:50,0.9569,,-0.0,0.0
2025-09-23,0,59,10:00,0.9977,,-0.0,0.0
2025-09-23,0,60,10:10,0.9919,,-0.0,0.0
2025-09-23,0,61,10:20,0.9588,,-0.0,0.0
2025-09-23,0,62,10:30,0.9549,,0.0,0.0
2025-09-23,0,63,10:40,0.9839,,0.0,0.0
2025-09-23,0,64,10:50,0.799,,0.0,0.0
2025-09-23,0,65,11:00,0.5025,,799.4675443333329,0.0
2025-09-23,0,66,11:10,0.4662,,755.5817892222226,0.0
2025-09-23,0,67,11:20,0.5007,,715.8130986666665,0.0
2025-09-23,0,68,11:30,0.4827,,666.4222481111112,0.0
2025-09-23,0,69,11:40,0.4785,,609.0830642222224,0.0
2025-09-23,0,70,11:50,0.4662,,528.7145036666664,0.0
2025-09-23,0,71,12:00,0.4432,,440.70223977777755,0.0
2025-09-23,0,72,12:10,0.4411,,472.1513163333334,0.0
2025-09-23,0,73,12:20,0.4551,,513.9157379999997,0.0
2025-09-23,0,74,12:30,0.4463,,554.0861929999999,0.0
2025-09-23,0,75,12:40,0.4113,,573.8482113333332,0.0
2025-09-23,0,76,12:50,0.5682,,599.462616,0.0
2025-09-23,0,77,13:00,0.8279,,0.0,0.0
2025-09-23,0,78,13:10,0.8636,,0.0,0.0
2025-09-23,0,79,13:20,0.8416,,0.0,0.0
2025-09-23,0,80,13:30,0.8618,,0.0,0.0
2025-09-23,0,81,13:40,0.8623,,0.0,0.0
2025-09-23,0,82,13:50,0.9026,,0.0,0.0
2025-09-23,0,83,14:00,0.9754,,0.0,0.0
2025-09-23,0,84,14:10,1.0002,,-0.0,0.0
2025-09-23,0,85,14:20,0.9978,,-0.0,0.0
2025-09-23,0,86,14:30,1.0271,,-0.0,0.0
2025-09-23,0,87,14:40,1.0906,,-0.0,0.0
2025-09-23,0,88,14:50,0.9376,,-0.0,0.0
2025-09-23,0,89,15:00,0.6694,,547.2172288065858,0.0
2025-09-23,0,90,15:10,0.66,,1243.3521172222218,0.0
2025-09-23,0,91,15:20,0.7217,,436.2190411111112,0.0
2025-09-23,0,92,15:30,0.7308,,477.8728583333334,0.0
2025-09-23,0,93,15:40,0.7534,,517.8050355555554,0.0
2025-09-23,0,94,15:50,0.7823,,546.8862927777777,0.0
2025-09-23,0,95,16:00,0.8055,,572.7481833333334,0.0
2025-09-23,0,96,16:10,0.8271,,632.1671344444447,0.0
2025-09-23,0,97,16:20,0.8519,,691.0608288888886,0.0
2025-09-23,0,98,16:30,0.8791,,739.8513,0.0
2025-09-23,0,99,16:40,0.9024,,783.5939711111114,0.0
2025-09-23,0,100,16:50,0.9163,,844.9955022222217,0.0
2025-09-23,0,101,17:00,0.9264,,916.2237500000001,0.0
2025-09-23,0,102,17:10,0.9462,,947.8823950000001,0.0
2025-09-23,0,103,17:20,0.9742,,968.8882666666665,0.0
2025-09-23,0,104,17:30,0.9862,,1015.2222083333334,0.0
2025-09-23,0,105,17:40,0.976,,1088.3336100000001,0.0
2025-09-23,0,106,17:50,1.0742,,1011.138108333333,0.0
2025-09-23,0,107,18:00,1.2313,,848.802,0.0
2025-09-23,0,108,18:10,1.2561,,824.04143,0.0
2025-09-23,0,109,18:20,1.2447,,861.2893966666667,0.0
2025-09-23,0,110,18:30,1.2545,,865.9276666666667,0.0
2025-09-23,0,111,18:40,1.2522,,855.8906566666667,0.0
2025-09-23,0,112,18:50,1.2881,,849.4131533333333,0.0
2025-09-23,0,113,19:00,1.3466,,18.46866666666665,0.0
2025-09-23,0,114,19:10,1.3523,,24.133516666666765,0.0
2025-09-23,0,115,19:20,1.3445,,31.15638333333345,0.0
2025-09-23,0,116,19:30,1.3483,,42.928,0.0
2025-09-23,0,117,19:40,1.349,,59.31490666666684,0.0
2025-09-23,0,118,19:50,1.3473,,51.20239333333336,0.0
2025-09-23,0,119,20:00,1.3482,,31.343333333333362,0.0
2025-09-23,0,120,20:10,1.3513,,38.37619666666683,0.0
2025-09-23,0,121,20:20,1.34,,539.531103333333,0.0
2025-09-23,0,122,20:30,1.3489,,-0.0,0.0
2025-09-23,0,123,20:40,1.3952,,11.713956666666832,0.0
2025-09-23,0,124,20:50,1.2226,,860.54998,0.0
2025-09-23,0,125,21:00,0.9332,,853.7836666666666,0.0
2025-09-23,0,126,21:10,0.9068,,860.6178233333333,0.0
2025-09-23,0,127,21:20,0.9371,,856.6560233333333,0.0
2025-09-23,0,128,21:30,0.9371,,855.7936666666665,0.0
2025-09-23,0,129,21:40,0.9871,,883.2311299999999,0.0
2025-09-23,0,130,21:50,0.7764,,802.9153133333333,0.0
2025-09-23,0,131,22:00,0.4209,,665.1323333333332,0.0
2025-09-23,0,132,22:10,0.3859,,664.8653366666665,0.0
2025-09-23,0,133,22:20,0.4368,,674.2502766666665,0.0
2025-09-23,0,134,22:30,0.4198,,649.5043333333333,0.0
2025-09-23,0,135,22:40,0.4186,,674.9961566666667,0.0
2025-09-23,0,136,22:50,0.4241,,682.56245,0.0
2025-09-23,0,137,23:00,0.4237,,655.598,0.0
2025-09-23,0,138,23:10,0.4248,,651.1731366666667,0.0
2025-09-23,0,139,23:20,0.424,,655.7748133333332,0.0
2025-09-23,0,140,23:30,0.422,,656.1626666666665,0.0
2025-09-23,0,141,23:40,0.424,,656.7535433333333,0.0
2025-09-23,0,142,23:50,0.4271,,656.96149,0.0
2025-09-23,0,143,24:00,0.4276,,656.2366666666667,0.0
2025-09-23,6,36,06:10,0.9368,-0.0,-0.0,0.0
2025-09-23,6,37,06:20,0.8758,-0.0,-0.0,0.0
2025-09-23,6,38,06:30,0.8759,-0.0,-0.0,0.0
2025-09-23,6,39,06:40,0.8601,-0.0,-0.0,0.0
2025-09-23,6,40,06:50,0.8442,-0.0,-0.0,0.0
2025-09-23,6,41,07:00,0.8334,-0.0,-0.0,0.0
2025-09-23,6,42,07:10,0.8092,255.79718122222425,-0.0,103.49553952251193
2025-09-23,6,43,07:20,0.7972,470.8431244444445,11.680903222222753,183.02206137917761
2025-09-23,6,44,07:30,0.7644,399.13429666666684,386.3631677777779,4.881125461333352
2025-09-23,6,45,07:40,0.6899,295.39533888888883,281.80121,4.689294760222193
2025-09-23,6,46,07:50,0.86,-0.0,-0.0,0.0
2025-09-23,6,47,08:00,1.1617,-0.0,-0.0,0.0
2025-09-23,6,48,08:10,1.1683,-0.0,-0.0,0.0
2025-09-23,6,49,08:20,1.0956,-0.0,-0.0,0.0
2025-09-23,6,50,08:30,1.0849,-0.0,-0.0,0.0
2025-09-23,6,51,08:40,1.061,-0.0,-0.0,0.0
2025-09-23,6,52,08:50,1.043,-0.0,-0.0,0.0
2025-09-23,6,53,09:00,1.036,-0.0,-0.0,0.0
2025-09-23,6,54,09:10,1.0147,-0.0,-0.0,0.0
2025-09-23,6,55,09:20,0.9922,-0.0,-0.0,0.0
2025-09-23,6,56,09:30,0.97,-0.0,-0.0,0.0
2025-09-23,6,57,09:40,0.9422,-0.0,-0.0,0.0
2025-09-23,6,58,09:50,0.9569,-0.0,-0.0,0.0
2025-09-23,6,59,10:00,0.9977,-0.0,-0.0,0.0
2025-09-23,6,60,10:10,0.9919,-0.0,0.0,0.0
2025-09-23,6,61,10:20,0.9588,-0.0,0.0,0.0
2025-09-23,6,62,10:30,0.9549,0.0,0.0,0.0
2025-09-23,6,63,10:40,0.9839,0.0,0.0,0.0
2025-09-23,6,64,10:50,0.799,0.0,0.0,0.0
2025-09-23,6,65,11:00,0.5025,799.4675443333329,392.2140577777776,102.32243849708324
2025-09-23,6,66,11:10,0.4662,755.5817892222226,659.693891111111,22.351469049700103
2025-09-23,6,67,11:20,0.5007,715.8130986666665,631.7998588888888,21.032714578366647
2025-09-23,6,68,11:30,0.4827,666.4222481111112,594.2836666666667,17.410646631616686
2025-09-23,6,69,11:40,0.4785,609.0830642222224,548.8191411111113,14.418143604333336
2025-09-23,6,70,11:50,0.4662,528.7145036666664,480.3252388888891,11.279537619699882
2025-09-23,6,71,12:00,0.4432,440.70223977777755,404.1876333333332,8.091636788088863
2025-09-23,6,72,12:10,0.4411,472.1513163333334,408.778914666667,13.976783187583276
2025-09-23,6,73,12:20,0.4551,513.9157379999997,448.523766888889,14.879943026333242
2025-09-23,6,74,12:30,0.4463,554.0861929999999,486.6746524444445,15.042885274972175
2025-09-23,6,75,12:40,0.4113,573.8482113333332,504.4171013333337,14.278507771499905
2025-09-23,6,76,12:50,0.5682,599.462616,0.0,170.3073292056
2025-09-23,6,77,13:00,0.8279,0.0,0.0,0.0
2025-09-23,6,78,13:10,0.8636,0.0,0.0,0.0
2025-09-23,6,79,13:20,0.8416,0.0,0.0,0.0
2025-09-23,6,80,13:30,0.8618,0.0,0.0,0.0
2025-09-23,6,81,13:40,0.8623,0.0,0.0,0.0
2025-09-23,6,82,13:50,0.9026,0.0,0.0,0.0
2025-09-23,6,83,14:00,0.9754,0.0,0.0,0.0
2025-09-23,6,84,14:10,1.0002,-0.0,0.0,0.0
2025-09-23,6,85,14:20,0.9978,-0.0,-0.0,0.0
2025-09-23,6,86,14:30,1.0271,-0.0,-0.0,0.0
2025-09-23,6,87,14:40,1.0906,-0.0,-0.0,0.0
2025-09-23,6,88,14:50,0.9376,-0.0,-0.0,0.0
2025-09-23,6,89,15:00,0.6694,547.2172288065858,347.16234999999995,66.95836793656429
2025-09-23,6,90,15:10,0.66,1243.3521172222218,1163.072526344307,26.492264989711835
2025-09-23,6,91,15:20,0.7217,436.2190411111112,401.9615022222223,12.361832908055566
2025-09-23,6,92,15:30,0.7308,477.8728583333334,447.42264166666666,11.126509170000025
2025-09-23,6,93,15:40,0.7534,517.8050355555554,491.1621411111108,10.036378337222262
2025-09-23,6,94,15:50,0.7823,546.8862927777777,524.0507205555556,8.93213407472219
2025-09-23,6,95,16:00,0.8055,572.7481833333334,553.7199333333334,7.663627687499983
2025-09-23,6,96,16:10,0.8271,632.1671344444447,613.2573622222219,7.820136302500256
2025-09-23,6,97,16:20,0.8519,691.0608288888886,672.2695344444447,8.004151868610881
2025-09-23,6,98,16:30,0.8791,739.8513,721.1784833333334,8.207636565833338
2025-09-23,6,99,16:40,0.9024,783.5939711111114,765.0396322222219,8.371717706666919
2025-09-23,6,100,16:50,0.9163,844.9955022222217,826.5596411111112,8.446389768055282
2025-09-23,6,101,17:00,0.9264,916.2237500000001,897.9063666666667,8.484611960000029
2025-09-23,6,102,17:10,0.9462,947.8823950000001,932.6179088888887,7.221628379166808
2025-09-23,6,103,17:20,0.9742,968.8882666666665,956.676677777778,5.948264947777595
2025-09-23,6,104,17:30,0.9862,1015.2222083333334,1006.0635166666666,4.516150860833377
2025-09-23,6,105,17:40,0.976,1088.3336100000001,1082.2278155555555,2.9796276888889914
2025-09-23,6,106,17:50,1.0742,1011.138108333333,1008.0852111111111,1.639711098055368
2025-09-23,6,107,18:00,1.2313,848.802,848.802,0.0
2025-09-23,6,108,18:10,1.2561,824.04143,824.04143,0.0
2025-09-23,6,109,18:20,1.2447,861.2893966666667,861.2893966666667,0.0
2025-09-23,6,110,18:30,1.2545,865.9276666666667,865.9276666666667,0.0
2025-09-23,6,111,18:40,1.2522,855.8906566666667,855.8906566666667,0.0
2025-09-23,6,112,18:50,1.2881,849.4131533333333,849.4131533333333,0.0
2025-09-23,6,113,19:00,1.3466,18.46866666666665,18.46866666666665,0.0
2025-09-23,6,114,19:10,1.3523,24.133516666666765,24.133516666666765,0.0
2025-09-23,6,115,19:20,1.3445,31.15638333333345,31.15638333333345,0.0
2025-09-23,6,116,19:30,1.3483,42.928,42.928,0.0
2025-09-23,6,117,19:40,1.349,59.31490666666684,59.31490666666684,0.0
2025-09-23,6,118,19:50,1.3473,51.20239333333336,51.20239333333336,0.0
2025-09-23,6,119,20:00,1.3482,31.343333333333362,31.343333333333362,0.0
2025-09-23,6,120,20:10,1.3513,38.37619666666683,38.37619666666683,0.0
2025-09-23,6,121,20:20,1.34,539.531103333333,539.531103333333,0.0
2025-09-23,6,122,20:30,1.3489,-0.0,-0.0,0.0
2025-09-23,6,123,20:40,1.3952,11.713956666666832,11.713956666666832,0.0
2025-09-23,6,124,20:50,1.2226,860.54998,860.54998,0.0
2025-09-23,6,125,21:00,0.9332,853.7836666666666,853.7836666666666,0.0
2025-09-23,6,126,21:10,0.9068,860.6178233333333,860.6178233333333,0.0
2025-09-23,6,127,21:20,0.9371,856.6560233333333,856.6560233333333,0.0
2025-09-23,6,128,21:30,0.9371,855.7936666666665,855.7936666666665,0.0
2025-09-23,6,129,21:40,0.9871,883.2311299999999,883.2311299999999,0.0
2025-09-23,6,130,21:50,0.7764,802.9153133333333,802.9153133333333,0.0
2025-09-23,6,131,22:00,0.4209,665.1323333333332,665.1323333333332,0.0
2025-09-23,6,132,22:10,0.3859,664.8653366666665,664.8653366666665,0.0
2025-09-23,6,133,22:20,0.4368,674.2502766666665,674.2502766666665,0.0
2025-09-23,6,134,22:30,0.4198,649.5043333333333,649.5043333333333,0.0
2025-09-23,6,135,22:40,0.4186,674.9961566666667,674.9961566666667,0.0
2025-09-23,6,136,22:50,0.4241,682.56245,682.56245,0.0
2025-09-23,6,137,23:00,0.4237,655.598,655.598,0.0
2025-09-23,6,138,23:10,0.4248,651.1731366666667,651.1731366666667,0.0
2025-09-23,6,139,23:20,0.424,655.7748133333332,655.7748133333332,0.0
2025-09-23,6,140,23:30,0.422,656.1626666666665,656.1626666666665,0.0
2025-09-23,6,141,23:40,0.424,656.7535433333333,656.7535433333333,0.0
2025-09-23,6,142,23:50,0.4271,656.96149,656.96149,0.0
2025-09-23,6,143,24:00,0.4276,656.2366666666667,656.2366666666667,0.0
2025-09-23,12,72,12:10,0.4411,408.778914666667,408.778914666667,0.0
2025-09-23,12,73,12:20,0.4551,448.523766888889,0.0,102.0615831555667
2025-09-23,12,74,12:30,0.4463,486.6746524444445,209.62479754869616,61.82367511998624
2025-09-23,12,75,12:40,0.4113,504.4171013333337,477.8094377777777,5.471866010200086
2025-09-23,12,76,12:50,0.5682,0.0,0.0,0.0
2025-09-23,12,77,13:00,0.8279,0.0,0.0,0.0
2025-09-23,12,78,13:10,0.8636,0.0,0.0,0.0
2025-09-23,12,79,13:20,0.8416,0.0,0.0,0.0
2025-09-23,12,80,13:30,0.8618,0.0,0.0,0.0
2025-09-23,12,81,13:40,0.8623,0.0,0.0,0.0
2025-09-23,12,82,13:50,0.9026,0.0,0.0,0.0
2025-09-23,12,83,14:00,0.9754,0.0,0.0,0.0
2025-09-23,12,84,14:10,1.0002,0.0,0.0,0.0
2025-09-23,12,85,14:20,0.9978,-0.0,-0.0,0.0
2025-09-23,12,86,14:30,1.0271,-0.0,-0.0,0.0
2025-09-23,12,87,14:40,1.0906,-0.0,-0.0,0.0
2025-09-23,12,88,14:50,0.9376,-0.0,-0.0,0.0
2025-09-23,12,89,15:00,0.6694,347.16234999999995,313.6609000000001,11.212935314999955
2025-09-23,12,90,15:10,0.66,1163.072526344307,949.7227810082302,70.40541596090539
2025-09-23,12,91,15:20,0.7217,401.9615022222223,364.7770966666667,13.417992744722238
2025-09-23,12,92,15:30,0.7308,447.42264166666666,408.3967583333334,14.260057769999966
2025-09-23,12,93,15:40,0.7534,491.1621411111108,450.29477999999995,15.394734930555469
2025-09-23,12,94,15:50,0.7823,524.0507205555556,481.3418816666666,16.705562331388922
2025-09-23,12,95,16:00,0.8055,553.7199333333334,509.1696166666668,17.94264003749998
2025-09-23,12,96,16:10,0.8271,613.2573622222219,574.919965,15.854430621249847
2025-09-23,12,97,16:20,0.8519,672.2695344444447,640.1450566666666,13.683421309444586
2025-09-23,12,98,16:30,0.8791,721.1784833333334,695.266925,11.389425465416672
2025-09-23,12,99,16:40,0.9024,765.0396322222219,745.3409933333334,8.888025866666528
2025-09-23,12,100,16:50,0.9163,826.5596411111112,813.0739216666664,6.178482363472403
2025-09-23,12,101,17:00,0.9264,897.9063666666667,890.6335666666666,3.3687609600000346
2025-09-23,12,102,17:10,0.9462,932.6179088888887,926.5572422222222,2.867301399999931
2025-09-23,12,103,17:20,0.9742,956.676677777778,951.8281444444444,2.3617205866667645
2025-09-23,12,104,17:30,0.9862,1006.0635166666666,1002.4271166666666,1.7931088399999904
2025-09-23,12,105,17:40,0.976,1082.2278155555555,1079.8035488888888,1.183042133333327
2025-09-23,12,106,17:50,1.0742,1008.0852111111111,1006.8730777777776,0.651036813333452
2025-09-23,12,107,18:00,1.2313,848.802,848.802,0.0
2025-09-23,12,108,18:10,1.2561,824.04143,824.04143,0.0
2025-09-23,12,109,18:20,1.2447,861.2893966666667,861.2893966666667,0.0
2025-09-23,12,110,18:30,1.2545,865.9276666666667,865.9276666666667,0.0
2025-09-23,12,111,18:40,1.2522,855.8906566666667,855.8906566666667,0.0
2025-09-23,12,112,18:50,1.2881,849.4131533333333,849.4131533333333,0.0
2025-09-23,12,113,19:00,1.3466,18.46866666666665,18.46866666666665,0.0
2025-09-23,12,114,19:10,1.3523,24.133516666666765,24.133516666666765,0.0
2025-09-23,12,115,19:20,1.3445,31.15638333333345,31.15638333333345,0.0
2025-09-23,12,116,19:30,1.3483,42.928,42.928,0.0
2025-09-23,12,117,19:40,1.349,59.31490666666684,59.31490666666684,0.0
2025-09-23,12,118,19:50,1.3473,51.20239333333336,51.20239333333336,0.0
2025-09-23,12,119,20:00,1.3482,31.343333333333362,31.343333333333362,0.0
2025-09-23,12,120,20:10,1.3513,38.37619666666683,38.37619666666683,0.0
2025-09-23,12,121,20:20,1.34,539.531103333333,539.531103333333,0.0
2025-09-23,12,122,20:30,1.3489,-0.0,-0.0,0.0
2025-09-23,12,123,20:40,1.3952,11.713956666666832,11.713956666666832,0.0
2025-09-23,12,124,20:50,1.2226,860.54998,860.54998,0.0
2025-09-23,12,125,21:00,0.9332,853.7836666666666,853.7836666666666,0.0
2025-09-23,12,126,21:10,0.9068,860.6178233333333,860.6178233333333,0.0
2025-09-23,12,127,21:20,0.9371,856.6560233333333,856.6560233333333,0.0
2025-09-23,12,128,21:30,0.9371,855.7936666666665,855.7936666666665,0.0
2025-09-23,12,129,21:40,0.9871,883.2311299999999,883.2311299999999,0.0
2025-09-23,12,130,21:50,0.7764,802.9153133333333,802.9153133333333,0.0
2025-09-23,12,131,22:00,0.4209,665.1323333333332,665.1323333333332,0.0
2025-09-23,12,132,22:10,0.3859,664.8653366666665,664.8653366666665,0.0
2025-09-23,12,133,22:20,0.4368,674.2502766666665,674.2502766666665,0.0
2025-09-23,12,134,22:30,0.4198,649.5043333333333,649.5043333333333,0.0
2025-09-23,12,135,22:40,0.4186,674.9961566666667,674.9961566666667,0.0
2025-09-23,12,136,22:50,0.4241,682.56245,682.56245,0.0
2025-09-23,12,137,23:00,0.4237,655.598,655.598,0.0
2025-09-23,12,138,23:10,0.4248,651.1731366666667,651.1731366666667,0.0
2025-09-23,12,139,23:20,0.424,655.7748133333332,655.7748133333332,0.0
2025-09-23,12,140,23:30,0.422,656.1626666666665,656.1626666666665,0.0
2025-09-23,12,141,23:40,0.424,656.7535433333333,656.7535433333333,0.0
2025-09-23,12,142,23:50,0.4271,656.96149,656.96149,0.0
2025-09-23,12,143,24:00,0.4276,656.2366666666667,656.2366666666667,0.0
2025-09-23,18,108,18:10,1.2561,824.04143,824.04143,0.0
2025-09-23,18,109,18:20,1.2447,861.2893966666667,861.2893966666667,0.0
2025-09-23,18,110,18:30,1.2545,865.9276666666667,865.9276666666667,0.0
2025-09-23,18,111,18:40,1.2522,855.8906566666667,855.8906566666667,0.0
2025-09-23,18,112,18:50,1.2881,849.4131533333333,849.4131533333333,0.0
2025-09-23,18,113,19:00,1.3466,18.46866666666665,18.46866666666665,0.0
2025-09-23,18,114,19:10,1.3523,24.133516666666765,24.133516666666765,0.0
2025-09-23,18,115,19:20,1.3445,31.15638333333345,31.15638333333345,0.0
2025-09-23,18,116,19:30,1.3483,42.928,42.928,0.0
2025-09-23,18,117,19:40,1.349,59.31490666666684,59.31490666666684,0.0
2025-09-23,18,118,19:50,1.3473,51.20239333333336,51.20239333333336,0.0
2025-09-23,18,119,20:00,1.3482,31.343333333333362,31.343333333333362,0.0
2025-09-23,18,120,20:10,1.3513,38.37619666666683,38.37619666666683,0.0
2025-09-23,18,121,20:20,1.34,539.531103333333,539.531103333333,0.0
2025-09-23,18,122,20:30,1.3489,-0.0,-0.0,0.0
2025-09-23,18,123,20:40,1.3952,11.713956666666832,11.713956666666832,0.0
2025-09-23,18,124,20:50,1.2226,860.54998,860.54998,0.0
2025-09-23,18,125,21:00,0.9332,853.7836666666666,853.7836666666666,0.0
2025-09-23,18,126,21:10,0.9068,860.6178233333333,860.6178233333333,0.0
2025-09-23,18,127,21:20,0.9371,856.6560233333333,856.6560233333333,0.0
2025-09-23,18,128,21:30,0.9371,855.7936666666665,855.7936666666665,0.0
2025-09-23,18,129,21:40,0.9871,883.2311299999999,883.2311299999999,0.0
2025-09-23,18,130,21:50,0.7764,802.9153133333333,802.9153133333333,0.0
2025-09-23,18,131,22:00,0.4209,665.1323333333332,665.1323333333332,0.0
2025-09-23,18,132,22:10,0.3859,664.8653366666665,664.8653366666665,0.0
2025-09-23,18,133,22:20,0.4368,674.2502766666665,674.2502766666665,0.0
2025-09-23,18,134,22:30,0.4198,649.5043333333333,649.5043333333333,0.0
2025-09-23,18,135,22:40,0.4186,674.9961566666667,674.9961566666667,0.0
2025-09-23,18,136,22:50,0.4241,682.56245,682.56245,0.0
2025-09-23,18,137,23:00,0.4237,655.598,655.598,0.0
2025-09-23,18,138,23:10,0.4248,651.1731366666667,651.1731366666667,0.0
2025-09-23,18,139,23:20,0.424,655.7748133333332,655.7748133333332,0.0
2025-09-23,18,140,23:30,0.422,656.1626666666665,656.1626666666665,0.0
2025-09-23,18,141,23:40,0.424,656.7535433333333,656.7535433333333,0.0
2025-09-23,18,142,23:50,0.4271,656.96149,656.96149,0.0
2025-09-23,18,143,24:00,0.4276,656.2366666666667,656.2366666666667,0.0
2025-12-21,0,0,00:10,0.4248,,1454.5471959999998,0.0
2025-12-21,0,1,00:20,0.4245,,1441.589529333333,0.0
2025-12-21,0,2,00:30,0.4269,,1452.4731826666664,0.0
2025-12-21,0,3,00:40,0.4272,,1470.723619333333,0.0
2025-12-21,0,4,00:50,0.4271,,1481.2494526666665,0.0
2025-12-21,0,5,01:00,0.4285,,1475.0301826666664,0.0
2025-12-21,0,6,01:10,0.4311,,631.2803513333333,0.0
2025-12-21,0,7,01:20,0.4302,,1464.8936846666666,0.0
2025-12-21,0,8,01:30,0.4279,,1477.9119013333334,0.0
2025-12-21,0,9,01:40,0.4312,,635.3437413333332,0.0
2025-12-21,0,10,01:50,0.4333,,639.9145413333333,0.0
2025-12-21,0,11,02:00,0.4311,,1446.8791701920422,0.0
2025-12-21,0,12,02:10,0.4293,,1490.8423239999997,0.0
2025-12-21,0,13,02:20,0.4324,,656.818814,0.0
2025-12-21,0,14,02:30,0.4367,,675.0817906666666,0.0
2025-12-21,0,15,02:40,0.4348,,684.0230906666666,0.0
2025-12-21,0,16,02:50,0.4335,,674.6910273333333,0.0
2025-12-21,0,17,03:00,0.4357,,661.2901239999999,0.0
2025-12-21,0,18,03:10,0.4374,,670.0062833333333,0.0
2025-12-21,0,19,03:20,0.4371,,685.5872099999999,0.0
2025-12-21,0,20,03:30,0.4356,,692.8241999999999,0.0
2025-12-21,0,21,03:40,0.4353,,683.5133166666666,0.0
2025-12-21,0,22,03:50,0.436,,682.5021933333333,0.0
2025-12-21,0,23,04:00,0.4378,,689.9902,0.0
2025-12-21,0,24,04:10,0.4401,,709.6618519999997,0.0
2025-12-21,0,25,04:20,0.4389,,716.4907086666666,0.0
2025-12-21,0,26,04:30,0.4364,,734.9044986666665,0.0
2025-12-21,0,27,04:40,0.4393,,736.9179353333332,0.0
2025-12-21,0,28,04:50,0.4422,,728.5003919999998,0.0
2025-12-21,0,29,05:00,0.4395,,725.3018319999999,0.0
2025-12-21,0,30,05:10,0.4333,,739.7361033333333,0.0
2025-12-21,0,31,05:20,0.4439,,747.16915,0.0
2025-12-21,0,32,05:30,0.4301,,1566.0333766666665,0.0
2025-12-21,0,33,05:40,0.3713,,1545.5563933333333,0.0
2025-12-21,0,34,05:50,0.5708,,798.0318033333333,0.0
2025-12-21,0,35,06:00,0.9099,,933.5270433333334,0.0
2025-12-21,0,36,06:10,0.9368,,268.48100488888895,0.0
2025-12-21,0,37,06:20,0.8758,,920.3610382222222,0.0
2025-12-21,0,38,06:30,0.8759,,930.6471615555555,0.0
2025-12-21,0,39,06:40,0.8601,,938.196944888889,0.0
2025-12-21,0,40,06:50,0.8442,,942.8062115555555,0.0
2025-12-21,0,41,07:00,0.8334,,939.5678282222221,0.0
2025-12-21,0,42,07:10,0.8092,,879.8182355555552,0.0
2025-12-21,0,43,07:20,0.7972,,836.449501111111,0.0
2025-12-21,0,44,07:30,0.7644,,798.65395,0.0
2025-12-21,0,45,07:40,0.6899,,1572.7650122222217,0.0
2025-12-21,0,46,07:50,0.86,,811.7321811111111,0.0
2025-12-21,0,47,08:00,1.1617,,124.48325,0.0
2025-12-21,0,48,08:10,1.1683,,106.13428844444479,0.0
2025-12-21,0,49,08:20,1.0956,,45.75320788888894,0.0
2025-12-21,0,50,08:30,1.0849,,1.3844373333334943,0.0
2025-12-21,0,51,08:40,1.061,,-0.0,0.0
2025-12-21,0,52,08:50,1.043,,-0.0,0.0
2025-12-21,0,53,09:00,1.036,,-0.0,0.0
2025-12-21,0,54,09:10,1.0147,,-0.0,0.0
2025-12-21,0,55,09:20,0.9922,,-0.0,0.0
2025-12-21,0,56,09:30,0.97,,66.34889577777847,0.0
2025-12-21,0,57,09:40,0.9422,,544.7250051111116,0.0
2025-12-21,0,58,09:50,0.9569,,500.8472895555558,0.0
2025-12-21,0,59,10:00,0.9977,,-0.0,0.0
2025-12-21,0,60,10:10,0.9919,,-0.0,0.0
2025-12-21,0,61,10:20,0.9588,,435.54660388888897,0.0
2025-12-21,0,62,10:30,0.9549,,407.24056722222224,0.0
2025-12-21,0,63,10:40,0.9839,,-0.0,0.0
2025-12-21,0,64,10:50,0.799,,395.71258722222217,0.0
2025-12-21,0,65,11:00,0.5025,,1221.8081838888888,0.0
2025-12-21,0,66,11:10,0.4662,,1199.141190555555,0.0
2025-12-21,0,67,11:20,0.5007,,1175.1293177777775,0.0
2025-12-21,0,68,11:30,0.4827,,1176.2207616666667,0.0
2025-12-21,0,69,11:40,0.4785,,1169.2349855555553,0.0
2025-12-21,0,70,11:50,0.4662,,1122.0099427777773,0.0
2025-12-21,0,71,12:00,0.4432,,1055.0172866666667,0.0
2025-12-21,0,72,12:10,0.4411,,1008.9360318888887,0.0
2025-12-21,0,73,12:20,0.4551,,1009.8595891111108,0.0
2025-12-21,0,74,12:30,0.4463,,1002.1687396666666,0.0
2025-12-21,0,75,12:40,0.4113,,977.0357168888889,0.0
2025-12-21,0,76,12:50,0.5682,,997.4634874444444,0.0
2025-12-21,0,77,13:00,0.8279,,215.72438133333299,0.0
2025-12-21,0,78,13:10,0.8636,,242.413916777778,0.0
2025-12-21,0,79,13:20,0.8416,,256.92482066666685,0.0
2025-12-21,0,80,13:30,0.8618,,279.1522978888888,0.0
2025-12-21,0,81,13:40,0.8623,,294.32351177777787,0.0
2025-12-21,0,82,13:50,0.9026,,314.1080623333336,0.0
2025-12-21,0,83,14:00,0.9754,,-0.0,0.0
2025-12-21,0,84,14:10,1.0002,,-0.0,0.0
2025-12-21,0,85,14:20,0.9978,,-0.0,0.0
2025-12-21,0,86,14:30,1.0271,,-0.0,0.0
2025-12-21,0,87,14:40,1.0906,,-0.0,0.0
2025-12-21,0,88,14:50,0.9376,,-0.0,0.0
2025-12-21,0,89,15:00,0.6694,,1433.2772499999999,0.0
2025-12-21,0,90,15:10,0.66,,1450.3074007777777,0.0
2025-12-21,0,91,15:20,0.7217,,1487.8491680000002,0.0
2025-12-21,0,92,15:30,0.7308,,1539.5441485555557,0.0
2025-12-21,0,93,15:40,0.7534,,1294.8287651879264,0.0
2025-12-21,0,94,15:50,0.7823,,812.915959666667,0.0
2025-12-21,0,95,16:00,0.8055,,861.8439068888889,0.0
2025-12-21,0,96,16:10,0.8271,,880.1824962222223,0.0
2025-12-21,0,97,16:20,0.8519,,911.0449706666661,0.0
2025-12-21,0,98,16:30,0.8791,,944.5688384444443,0.0
2025-12-21,0,99,16:40,0.9024,,1003.480612888889,0.0
2025-12-21,0,100,16:50,0.9163,,1052.6247606666664,0.0
2025-12-21,0,101,17:00,0.9264,,1081.9623051111107,0.0
2025-12-21,0,102,17:10,0.9462,,1051.8926686666666,0.0
2025-12-21,0,103,17:20,0.9742,,1043.4484286666668,0.0
2025-12-21,0,104,17:30,0.9862,,1051.5260186666665,0.0
2025-12-21,0,105,17:40,0.976,,1076.8363386666665,0.0
2025-12-21,0,106,17:50,1.0742,,955.3868553333331,0.0
2025-12-21,0,107,18:00,1.2313,,756.0456853333333,0.0
2025-12-21,0,108,18:10,1.2561,,727.4356919999999,0.0
2025-12-21,0,109,18:20,1.2447,,749.497252,0.0
2025-12-21,0,110,18:30,1.2545,,741.0284586666666,0.0
2025-12-21,0,111,18:40,1.2522,,743.9049053333333,0.0
2025-12-21,0,112,18:50,1.2881,,293.48389866666685,0.0
2025-12-21,0,113,19:00,1.3466,,-0.0,0.0
2025-12-21,0,114,19:10,1.3523,,-0.0,0.0
2025-12-21,0,115,19:20,1.3445,,-0.0,0.0
2025-12-21,0,116,19:30,1.3483,,-0.0,0.0
2025-12-21,0,117,19:40,1.349,,-0.0,0.0
2025-12-21,0,118,19:50,1.3473,,-0.0,0.0
2025-12-21,0,119,20:00,1.3482,,-0.0,0.0
2025-12-21,0,120,20:10,1.3513,,-0.0,0.0
2025-12-21,0,121,20:20,1.34,,-0.0,0.0
2025-12-21,0,122,20:30,1.3489,,-0.0,0.0
2025-12-21,0,123,20:40,1.3952,,-0.0,0.0
2025-12-21,0,124,20:50,1.2226,,753.8976526666665,0.0
2025-12-21,0,125,21:00,0.9332,,741.9535159999999,0.0
2025-12-21,0,126,21:10,0.9068,,742.9220293333333,0.0
2025-12-21,0,127,21:20,0.9371,,747.1299626666668,0.0
2025-12-21,0,128,21:30,0.9371,,753.5408993333334,0.0
2025-12-21,0,129,21:40,0.9871,,762.2069626666666,0.0
2025-12-21,0,130,21:50,0.7764,,683.035116,0.0
2025-12-21,0,131,22:00,0.4209,,565.727566,0.0
2025-12-21,0,132,22:10,0.3859,,567.2369313333335,0.0
2025-12-21,0,133,22:20,0.4368,,590.1742913333333,0.0
2025-12-21,0,134,22:30,0.4198,,582.2996346666666,0.0
2025-12-21,0,135,22:40,0.4186,,572.5242179999999,0.0
2025-12-21,0,136,22:50,0.4241,,572.330338,0.0
2025-12-21,0,137,23:00,0.4237,,581.0979679999999,0.0
2025-12-21,0,138,23:10,0.4248,,598.8461666666666,0.0
2025-12-21,0,139,23:20,0.424,,605.5972966666667,0.0
2025-12-21,0,140,23:30,0.422,,603.1784433333333,0.0
2025-12-21,0,141,23:40,0.424,,593.6282233333334,0.0
2025-12-21,0,142,23:50,0.4271,,605.3439033333334,0.0
2025-12-21,0,143,24:00,0.4276,,626.1684433333334,0.0
2025-12-21,6,36,06:10,0.9368,268.48100488888895,268.48100488888895,0.0
2025-12-21,6,37,06:20,0.8758,920.3610382222222,920.0119773333333,0.15285376324443062
2025-12-21,6,38,06:30,0.8759,930.6471615555555,930.2981006666666,0.15287121628887507
2025-12-21,6,39,06:40,0.8601,938.196944888889,937.8478840000001,0.15011363526665308
2025-12-21,6,40,06:50,0.8442,942.8062115555555,942.4571506666666,0.14733860119998668
2025-12-21,6,41,07:00,0.8334,939.5678282222221,939.2187673333333,0.14545367239998686
2025-12-21,6,42,07:10,0.8092,879.8182355555552,879.8182355555552,0.0
2025-12-21,6,43,07:20,0.7972,836.449501111111,836.449501111111,0.0
2025-12-21,6,44,07:30,0.7644,798.65395,798.65395,0.0
2025-12-21,6,45,07:40,0.6899,1572.7650122222217,1572.7650122222217,0.0
2025-12-21,6,46,07:50,0.86,811.7321811111111,811.7321811111111,0.0
2025-12-21,6,47,08:00,1.1617,124.48325,126.31903688888872,1.0663168144110127
2025-12-21,6,48,08:10,1.1683,106.13428844444479,100.2957127777778,3.4106039756835265
2025-12-21,6,49,08:20,1.0956,45.75320788888894,35.094721111111085,5.838719056866707
2025-12-21,6,50,08:30,1.0849,1.3844373333334943,-0.0,0.750988031466754
2025-12-21,6,51,08:40,1.061,-0.0,-0.0,0.0
2025-12-21,6,52,08:50,1.043,-0.0,-0.0,0.0
2025-12-21,6,53,09:00,1.036,-0.0,-0.0,0.0
2025-12-21,6,54,09:10,1.0147,-0.0,-0.0,0.0
2025-12-21,6,55,09:20,0.9922,-0.0,-0.0,0.0
2025-12-21,6,56,09:30,0.97,66.34889577777847,-0.0,32.17921445222255
2025-12-21,6,57,09:40,0.9422,544.7250051111116,475.8589657777777,32.4427911299336
2025-12-21,6,58,09:50,0.9569,500.8472895555558,353.85611343555627,70.32792821461376
2025-12-21,6,59,10:00,0.9977,-0.0,-0.0,0.0
2025-12-21,6,60,10:10,0.9919,-0.0,-0.0,0.0
2025-12-21,6,61,10:20,0.9588,435.54660388888897,-0.0,208.80104190433337
2025-12-21,6,62,10:30,0.9549,407.24056722222224,332.2659850000002,35.7966142819999
2025-12-21,6,63,10:40,0.9839,-0.0,-0.0,0.0
2025-12-21,6,64,10:50,0.799,395.71258722222217,338.45186055555564,22.87566030333328
2025-12-21,6,65,11:00,0.5025,1221.8081838888888,1173.404385,12.161454470833306
2025-12-21,6,66,11:10,0.4662,1199.141190555555,1102.2177795555551,22.5928471041
2025-12-21,6,67,11:20,0.5007,1175.1293177777775,1058.5597928888885,29.183180555933355
2025-12-21,6,68,11:30,0.4827,1176.2207616666667,1040.0051228888888,32.87564441901671
2025-12-21,6,69,11:40,0.4785,1169.2349855555553,1013.3732328888887,37.2899243255
2025-12-21,6,70,11:50,0.4662,1122.0099427777773,946.5020762222221,40.91088369409992
2025-12-21,6,71,12:00,0.4432,1055.0172866666667,859.863306222222,43.24612206648893
2025-12-21,6,72,12:10,0.4411,1008.9360318888887,839.4711832222222,37.3754723734333
2025-12-21,6,73,12:20,0.4551,1009.8595891111108,863.8527182222219,33.223863470766666
2025-12-21,6,74,12:30,0.4463,1002.1687396666666,879.6198465555556,27.34678549774443
2025-12-21,6,75,12:40,0.4113,977.0357168888889,877.9448015555557,20.378046738299975
2025-12-21,6,76,12:50,0.5682,997.4634874444444,921.8305498888888,21.48731755953335
2025-12-21,6,77,13:00,0.8279,215.72438133333299,163.54942155555534,21.597824600011055
2025-12-21,6,78,13:10,0.8636,242.413916777778,202.53545522222225,17.219519699688977
2025-12-21,6,79,13:20,0.8416,256.92482066666685,212.78690077777765,18.573236689244577
2025-12-21,6,80,13:30,0.8618,279.1522978888888,230.7549196666663,20.85443027595569
2025-12-21,6,81,13:40,0.8623,294.32351177777787,241.666675222222,22.702995080927906
2025-12-21,6,82,13:50,0.9026,314.1080623333336,257.1917674444444,25.686323883355687
2025-12-21,6,83,14:00,0.9754,-0.0,-0.0,0.0
2025-12-21,6,84,14:10,1.0002,-0.0,-0.0,0.0
2025-12-21,6,85,14:20,0.9978,-0.0,-0.0,0.0
2025-12-21,6,86,14:30,1.0271,-0.0,-0.0,0.0
2025-12-21,6,87,14:40,1.0906,-0.0,-0.0,0.0
2025-12-21,6,88,14:50,0.9376,-0.0,-0.0,0.0
2025-12-21,6,89,15:00,0.6694,1433.2772499999999,1433.2772499999999,0.0
2025-12-21,6,90,15:10,0.66,1450.3074007777777,1450.3074007777777,0.0
2025-12-21,6,91,15:20,0.7217,1487.8491680000002,1487.8491680000002,0.0
2025-12-21,6,92,15:30,0.7308,1539.5441485555557,1539.5441485555557,0.0
2025-12-21,6,93,15:40,0.7534,1294.8287651879264,1175.6690159999987,44.88747751909235
2025-12-21,6,94,15:50,0.7823,812.915959666667,812.915959666667,0.0
2025-12-21,6,95,16:00,0.8055,861.8439068888889,861.0983175308631,0.30028611394487803
2025-12-21,6,96,16:10,0.8271,880.1824962222223,886.4856506666663,2.606669520499806
2025-12-21,6,97,16:20,0.8519,911.0449706666661,912.1084488600022,0.4529885364515099
2025-12-21,6,98,16:30,0.8791,944.5688384444443,944.5688384444443,0.0
2025-12-21,6,99,16:40,0.9024,1003.480612888889,1003.480612888889,0.0
2025-12-21,6,100,16:50,0.9163,1052.6247606666664,1052.6247606666664,0.0
2025-12-21,6,101,17:00,0.9264,1081.9623051111107,1081.9623051111107,0.0
2025-12-21,6,102,17:10,0.9462,1051.8926686666666,1051.8926686666666,0.0
2025-12-21,6,103,17:20,0.9742,1043.4484286666668,1043.4484286666668,0.0
2025-12-21,6,104,17:30,0.9862,1051.5260186666665,1051.5260186666665,0.0
2025-12-21,6,105,17:40,0.976,1076.8363386666665,1076.8363386666665,0.0
2025-12-21,6,106,17:50,1.0742,955.3868553333331,955.3868553333331,0.0
2025-12-21,6,107,18:00,1.2313,756.0456853333333,756.0456853333333,0.0
2025-12-21,6,108,18:10,1.2561,727.4356919999999,727.4356919999999,0.0
2025-12-21,6,109,18:20,1.2447,749.497252,749.497252,0.0
2025-12-21,6,110,18:30,1.2545,741.0284586666666,741.0284586666666,0.0
2025-12-21,6,111,18:40,1.2522,743.9049053333333,743.9049053333333,0.0
2025-12-21,6,112,18:50,1.2881,293.48389866666685,293.48389866666685,0.0
2025-12-21,6,113,19:00,1.3466,-0.0,-0.0,0.0
2025-12-21,6,114,19:10,1.3523,-0.0,-0.0,0.0
2025-12-21,6,115,19:20,1.3445,-0.0,-0.0,0.0
2025-12-21,6,116,19:30,1.3483,-0.0,-0.0,0.0
2025-12-21,6,117,19:40,1.349,-0.0,-0.0,0.0
2025-12-21,6,118,19:50,1.3473,-0.0,-0.0,0.0
2025-12-21,6,119,20:00,1.3482,-0.0,-0.0,0.0
2025-12-21,6,120,20:10,1.3513,-0.0,-0.0,0.0
2025-12-21,6,121,20:20,1.34,-0.0,-0.0,0.0
2025-12-21,6,122,20:30,1.3489,-0.0,-0.0,0.0
2025-12-21,6,123,20:40,1.3952,-0.0,-0.0,0.0
2025-12-21,6,124,20:50,1.2226,753.8976526666665,753.8976526666665,0.0
2025-12-21,6,125,21:00,0.9332,741.9535159999999,741.9535159999999,0.0
2025-12-21,6,126,21:10,0.9068,742.9220293333333,742.9220293333333,0.0
2025-12-21,6,127,21:20,0.9371,747.1299626666668,747.1299626666668,0.0
2025-12-21,6,128,21:30,0.9371,753.5408993333334,753.5408993333334,0.0
2025-12-21,6,129,21:40,0.9871,762.2069626666666,762.2069626666666,0.0
2025-12-21,6,130,21:50,0.7764,683.035116,683.035116,0.0
2025-12-21,6,131,22:00,0.4209,565.727566,565.727566,0.0
2025-12-21,6,132,22:10,0.3859,567.2369313333335,567.2369313333335,0.0
2025-12-21,6,133,22:20,0.4368,590.1742913333333,590.1742913333333,0.0
2025-12-21,6,134,22:30,0.4198,582.2996346666666,582.2996346666666,0.0
2025-12-21,6,135,22:40,0.4186,572.5242179999999,572.5242179999999,0.0
2025-12-21,6,136,22:50,0.4241,572.330338,572.330338,0.0
2025-12-21,6,137,23:00,0.4237,581.0979679999999,581.0979679999999,0.0
2025-12-21,6,138,23:10,0.4248,598.8461666666666,598.8461666666666,0.0
2025-12-21,6,139,23:20,0.424,605.5972966666667,605.5972966666667,0.0
2025-12-21,6,140,23:30,0.422,603.1784433333333,603.1784433333333,0.0
2025-12-21,6,141,23:40,0.424,593.6282233333334,593.6282233333334,0.0
2025-12-21,6,142,23:50,0.4271,605.3439033333334,605.3439033333334,0.0
2025-12-21,6,143,24:00,0.4276,626.1684433333334,626.1684433333334,0.0
2025-12-21,12,72,12:10,0.4411,839.4711832222222,944.1305284444443,23.082618588761083
2025-12-21,12,73,12:20,0.4551,863.8527182222219,964.2506495555555,22.845549274900044
2025-12-21,12,74,12:30,0.4463,879.6198465555556,975.7563639999998,21.45286386772774
2025-12-21,12,75,12:40,0.4113,877.9448015555557,969.819905111111,18.89411504619994
2025-12-21,12,76,12:50,0.5682,921.8305498888888,1009.4442395555552,24.891049234299942
2025-12-21,12,77,13:00,0.8279,163.54942155555534,246.90169733333323,34.50367455821116
2025-12-21,12,78,13:10,0.8636,202.53545522222225,263.77920444444476,26.44505091415568
2025-12-21,12,79,13:20,0.8416,212.78690077777765,272.3443055555556,25.06175593048896
2025-12-21,12,80,13:30,0.8618,230.7549196666663,288.6259799999999,24.936639897633455
2025-12-21,12,81,13:40,0.8623,241.666675222222,297.8513911111112,24.224040255494565
2025-12-21,12,82,13:50,0.9026,257.1917674444444,311.690138888889,24.595115032877853
2025-12-21,12,83,14:00,0.9754,-0.0,-0.0,0.0
2025-12-21,12,84,14:10,1.0002,-0.0,-0.0,0.0
2025-12-21,12,85,14:20,0.9978,-0.0,-0.0,0.0
2025-12-21,12,86,14:30,1.0271,-0.0,-0.0,0.0
2025-12-21,12,87,14:40,1.0906,-0.0,-0.0,0.0
2025-12-21,12,88,14:50,0.9376,-0.0,-0.0,0.0
2025-12-21,12,89,15:00,0.6694,1433.2772499999999,1467.628388333333,11.497326000166625
2025-12-21,12,90,15:10,0.66,1450.3074007777777,1493.8457142222223,14.367643436666722
2025-12-21,12,91,15:20,0.7217,1487.8491680000002,1520.4228564444445,11.75421547517773
2025-12-21,12,92,15:30,0.7308,1539.5441485555557,1561.1532120000002,7.895951782600011
2025-12-21,12,93,15:40,0.7534,1175.6690159999987,1457.5499697613263,106.18455528189212
2025-12-21,12,94,15:50,0.7823,812.915959666667,812.915959666667,0.0
2025-12-21,12,95,16:00,0.8055,861.0983175308631,861.0983175308631,0.0
2025-12-21,12,96,16:10,0.8271,886.4856506666663,888.623625777778,0.8841596072002436
2025-12-21,12,97,16:20,0.8519,912.1084488600022,916.6793029999999,1.946955320932005
2025-12-21,12,98,16:30,0.8791,944.5688384444443,947.3963735555556,1.2428430580889605
2025-12-21,12,99,16:40,0.9024,1003.480612888889,1003.5013507777779,0.009356935466672803
2025-12-21,12,100,16:50,0.9163,1052.6247606666664,1052.6247606666664,0.0
2025-12-21,12,101,17:00,0.9264,1081.9623051111107,1081.9623051111107,0.0
2025-12-21,12,102,17:10,0.9462,1051.8926686666666,1051.8926686666666,0.0
2025-12-21,12,103,17:20,0.9742,1043.4484286666668,1043.4484286666668,0.0
2025-12-21,12,104,17:30,0.9862,1051.5260186666665,1051.5260186666665,0.0
2025-12-21,12,105,17:40,0.976,1076.8363386666665,1076.8363386666665,0.0
2025-12-21,12,106,17:50,1.0742,955.3868553333331,955.3868553333331,0.0
2025-12-21,12,107,18:00,1.2313,756.0456853333333,756.0456853333333,0.0
2025-12-21,12,108,18:10,1.2561,727.4356919999999,727.4356919999999,0.0
2025-12-21,12,109,18:20,1.2447,749.497252,749.497252,0.0
2025-12-21,12,110,18:30,1.2545,741.0284586666666,741.0284586666666,0.0
2025-12-21,12,111,18:40,1.2522,743.9049053333333,743.9049053333333,0.0
2025-12-21,12,112,18:50,1.2881,293.48389866666685,293.48389866666685,0.0
2025-12-21,12,113,19:00,1.3466,-0.0,-0.0,0.0
2025-12-21,12,114,19:10,1.3523,-0.0,-0.0,0.0
2025-12-21,12,115,19:20,1.3445,-0.0,-0.0,0.0
2025-12-21,12,116,19:30,1.3483,-0.0,-0.0,0.0
2025-12-21,12,117,19:40,1.349,-0.0,-0.0,0.0
2025-12-21,12,118,19:50,1.3473,-0.0,-0.0,0.0
2025-12-21,12,119,20:00,1.3482,-0.0,-0.0,0.0
2025-12-21,12,120,20:10,1.3513,-0.0,-0.0,0.0
2025-12-21,12,121,20:20,1.34,-0.0,-0.0,0.0
2025-12-21,12,122,20:30,1.3489,-0.0,-0.0,0.0
2025-12-21,12,123,20:40,1.3952,-0.0,-0.0,0.0
2025-12-21,12,124,20:50,1.2226,753.8976526666665,753.8976526666665,0.0
2025-12-21,12,125,21:00,0.9332,741.9535159999999,741.9535159999999,0.0
2025-12-21,12,126,21:10,0.9068,742.9220293333333,742.9220293333333,0.0
2025-12-21,12,127,21:20,0.9371,747.1299626666668,747.1299626666668,0.0
2025-12-21,12,128,21:30,0.9371,753.5408993333334,753.5408993333334,0.0
2025-12-21,12,129,21:40,0.9871,762.2069626666666,762.2069626666666,0.0
2025-12-21,12,130,21:50,0.7764,683.035116,683.035116,0.0
2025-12-21,12,131,22:00,0.4209,565.727566,565.727566,0.0
2025-12-21,12,132,22:10,0.3859,567.2369313333335,567.2369313333335,0.0
2025-12-21,12,133,22:20,0.4368,590.1742913333333,590.1742913333333,0.0
2025-12-21,12,134,22:30,0.4198,582.2996346666666,582.2996346666666,0.0
2025-12-21,12,135,22:40,0.4186,572.5242179999999,572.5242179999999,0.0
2025-12-21,12,136,22:50,0.4241,572.330338,572.330338,0.0
2025-12-21,12,137,23:00,0.4237,581.0979679999999,581.0979679999999,0.0
2025-12-21,12,138,23:10,0.4248,598.8461666666666,598.8461666666666,0.0
2025-12-21,12,139,23:20,0.424,605.5972966666667,605.5972966666667,0.0
2025-12-21,12,140,23:30,0.422,603.1784433333333,603.1784433333333,0.0
2025-12-21,12,141,23:40,0.424,593.6282233333334,593.6282233333334,0.0
2025-12-21,12,142,23:50,0.4271,605.3439033333334,605.3439033333334,0.0
2025-12-21,12,143,24:00,0.4276,626.1684433333334,626.1684433333334,0.0
2025-12-21,18,108,18:10,1.2561,727.4356919999999,727.4356919999999,0.0
2025-12-21,18,109,18:20,1.2447,749.497252,749.497252,0.0
2025-12-21,18,110,18:30,1.2545,741.0284586666666,741.0284586666666,0.0
2025-12-21,18,111,18:40,1.2522,743.9049053333333,743.9049053333333,0.0
2025-12-21,18,112,18:50,1.2881,293.48389866666685,293.48389866666685,0.0
2025-12-21,18,113,19:00,1.3466,-0.0,-0.0,0.0
2025-12-21,18,114,19:10,1.3523,-0.0,-0.0,0.0
2025-12-21,18,115,19:20,1.3445,-0.0,-0.0,0.0
2025-12-21,18,116,19:30,1.3483,-0.0,-0.0,0.0
2025-12-21,18,117,19:40,1.349,-0.0,-0.0,0.0
2025-12-21,18,118,19:50,1.3473,-0.0,-0.0,0.0
2025-12-21,18,119,20:00,1.3482,-0.0,-0.0,0.0
2025-12-21,18,120,20:10,1.3513,-0.0,-0.0,0.0
2025-12-21,18,121,20:20,1.34,-0.0,-0.0,0.0
2025-12-21,18,122,20:30,1.3489,-0.0,-0.0,0.0
2025-12-21,18,123,20:40,1.3952,-0.0,-0.0,0.0
2025-12-21,18,124,20:50,1.2226,753.8976526666665,753.8976526666665,0.0
2025-12-21,18,125,21:00,0.9332,741.9535159999999,741.9535159999999,0.0
2025-12-21,18,126,21:10,0.9068,742.9220293333333,742.9220293333333,0.0
2025-12-21,18,127,21:20,0.9371,747.1299626666668,747.1299626666668,0.0
2025-12-21,18,128,21:30,0.9371,753.5408993333334,753.5408993333334,0.0
2025-12-21,18,129,21:40,0.9871,762.2069626666666,762.2069626666666,0.0
2025-12-21,18,130,21:50,0.7764,683.035116,683.035116,0.0
2025-12-21,18,131,22:00,0.4209,565.727566,565.727566,0.0
2025-12-21,18,132,22:10,0.3859,567.2369313333335,567.2369313333335,0.0
2025-12-21,18,133,22:20,0.4368,590.1742913333333,590.1742913333333,0.0
2025-12-21,18,134,22:30,0.4198,582.2996346666666,582.2996346666666,0.0
2025-12-21,18,135,22:40,0.4186,572.5242179999999,572.5242179999999,0.0
2025-12-21,18,136,22:50,0.4241,572.330338,572.330338,0.0
2025-12-21,18,137,23:00,0.4237,581.0979679999999,581.0979679999999,0.0
2025-12-21,18,138,23:10,0.4248,598.8461666666666,598.8461666666666,0.0
2025-12-21,18,139,23:20,0.424,605.5972966666667,605.5972966666667,0.0
2025-12-21,18,140,23:30,0.422,603.1784433333333,603.1784433333333,0.0
2025-12-21,18,141,23:40,0.424,593.6282233333334,593.6282233333334,0.0
2025-12-21,18,142,23:50,0.4271,605.3439033333334,605.3439033333334,0.0
2025-12-21,18,143,24:00,0.4276,626.1684433333334,626.1684433333334,0.0
