method,period,days,plan_kwh,emergency_kwh,plan_cost,emergency_cost,total_cost,paid_grid_spill_kwh,pv_spill_kwh,charge_kwh,discharge_kwh,e_start,e_end,mean_actual_price,inventory_adjusted_cost,emergency_slots,milp_days,max_plan_audit
fixed,2025-02,28,1985669.7451623778,68.0588891666672,1279902.3222349626,390.77614975405135,1280293.0983847165,123339.4024399982,48818.65793879305,568196.1912187623,468496.11961267557,10800.0,1625.3280828021225,0.7695711805555556,1286647.6051733915,7,5,1.6484591469634324e-12
fixed,2025-03,31,1864208.3641481078,4322.747022836168,1109231.8370851811,26632.347074218098,1135864.1841593992,92102.86322210696,138379.73455414342,587969.8710837319,476239.02415570477,1625.3280828021225,1643.7407740444448,0.7255331989247312,1135852.1610424991,22,9,3.410605131648481e-12
fixed,2025-04,30,1559551.0896826803,8656.343010753331,888119.9717390533,54019.63609610975,942139.607835163,51883.72148902766,197038.8085859365,534830.8874651981,433275.58384672855,1643.7407740444448,1574.2241074687856,0.6988464120370371,942183.3311608749,32,8,7.16227077646181e-11
fixed,2025-05,31,1571260.3522059778,8876.239308670472,915956.5389349574,45377.188219721254,961333.7271546787,71471.02171754201,225026.38336122048,504137.20161694346,407308.4801477243,1574.2241074687856,2732.727620802115,0.6912003360215054,960613.0449387503,107,10,3.497007128316909e-10
fixed,2025-06,30,2061519.1186484552,27575.356599012004,1366685.301743389,167844.9809315267,1534530.2826749156,168970.0499897637,68818.82114190947,534208.9506571875,432896.51272472664,2732.727620802115,2524.657962574604,0.7662756712962964,1534673.7775202468,158,5,2.722799763432704e-11
fixed,2025-07,31,2276456.8904172163,18247.027225303198,1636005.428747298,115108.61236368837,1751114.0411109861,137921.4516782301,104704.70503963801,561866.7540207537,454608.2526127686,2524.657962574604,3084.455900398942,0.8300811827956989,1750695.8311500659,173,8,5.631768829061912e-09
fixed,2025-08,31,2014828.8333641721,2982.5642244142687,1403378.0422968278,23393.530152074512,1426771.5724489023,99216.78886829155,234727.28705221636,528329.3597044986,428574.90230308665,3084.455900398942,2386.5437421291017,0.7864659722222223,1427265.5681965738,45,10,1.8189894035458565e-11
fixed,2025-09,30,1826245.488979254,372.6273219999985,1163180.2156680182,2024.1267040789924,1165204.3423720973,136588.01019399532,203135.0457543057,519926.53617332154,421415.3430703686,2386.5437421291017,2081.1562199312125,0.7202801851851851,1165402.310495035,10,8,2.595470505184494e-10
fixed,2025-10,31,1810156.5406208546,2382.6150497608487,1107164.3136488744,13775.098657676797,1120939.4123065514,70635.32542050605,155848.15976423046,585928.5986745214,475006.51922197576,2081.1562199312125,1631.873669249736,0.7202710573476703,1121230.657002596,21,9,6.063298011819521e-12
fixed,2025-11,30,2025832.8914653629,1740.3345413685602,1299777.4982945877,8841.6048810753,1308619.103175663,74768.78509263611,45296.82707040799,629686.0792376777,510150.8733773238,1631.873669249736,1515.0412305777768,0.7610268287037036,1308699.124533926,39,5,5.9117155615240335e-12
fixed,2025-12,31,2623679.7683697282,13085.661591145714,1861841.1433103764,87680.98896820065,1949522.132278577,128781.86885338504,9058.936652793655,710059.5141638353,575171.8259424733,1515.0412305777768,1488.7973752814803,0.8617168234767025,1949542.4855730366,57,0,1.0231815394945443e-12
mean7,2025-02,28,1983410.9493625367,60.86388916666715,1280612.3765172942,353.1139222540511,1280965.4904395482,122160.25669551245,48521.25272900089,564041.2446631663,465130.6129026428,10800.0,1625.3280828021225,0.7695711805555556,1287319.9972282231,6,5,5.343281372915953e-12
mean7,2025-03,31,1864459.4492781926,4167.333954046651,1108800.646463263,25683.771048436258,1134484.4175116993,91232.17930256903,138000.95667655024,595049.5229701857,481973.5421837324,1625.3280828021225,1643.7407740444448,0.7255331989247312,1134472.3943947991,23,9,4.042198674546348e-12
mean7,2025-04,30,1560273.656951535,8497.18051933332,888789.1676404532,52840.9539695714,941630.1216100246,50434.030910071764,197582.12618070783,542262.7876572851,439237.7062771962,1643.7407740444448,1638.3538020497374,0.6988464120370371,941633.5098094698,35,8,7.044320682325633e-11
mean7,2025-05,31,1571102.7110571244,8761.725778449512,917493.4663770071,43968.483685647734,961461.9500626548,69581.90735827455,225296.60502104057,511525.6560072621,413350.19651767,1638.3538020497374,2733.448077841271,0.6912003360215054,960780.7134843927,117,10,6.091056548029883e-10
mean7,2025-06,30,2060239.8850657656,27562.158078485805,1362525.5111840295,165698.0213113867,1528223.5324954162,166858.62613363087,71619.7475116508,523781.1285230346,424450.625207398,2733.448077841271,2524.657962574604,0.7662756712962964,1528367.5242025787,172,5,8.736833478906192e-11
mean7,2025-07,31,2276045.632152791,18868.12183671748,1629550.21367807,111052.68690645254,1740602.9005845226,137601.46280324002,106113.88428809232,557238.5749340423,450859.42755253235,2524.657962574604,3084.455900398943,0.8300811827956989,1740184.6906236024,224,8,7.02584657119587e-11
mean7,2025-08,31,2015136.3044282496,2889.4423757780737,1398744.638474363,19767.327431872494,1418511.9659062354,94196.28764397885,240295.7056620542,526530.1180223527,427109.22879102477,3084.455900398943,2395.7523527111116,0.7864659722222223,1418999.4436209202,47,10,1.9817036900349194e-11
mean7,2025-09,30,1820015.8471204988,1012.9736286666653,1160684.5036107104,5427.837038907326,1166112.3406496178,130035.0654211805,203427.13214962752,523605.81612830795,424423.0601999504,2395.7523527111116,2059.8088682433804,0.7202801851851851,1166330.1167413015,11,8,2.3248958314070478e-11
mean7,2025-10,31,1807675.4103201516,2450.7242513783212,1105996.0726201516,14161.787189849296,1120157.8598100008,66657.00520429088,155505.06703840094,595836.1507593986,483005.6794638939,2059.8088682433804,1639.3673695978837,0.7202710573476703,1120430.4084685047,22,9,1.6370904631912708e-11
mean7,2025-11,30,2020761.1733890069,1785.8980217876056,1299601.5377498914,9038.602006640449,1308640.139756532,72250.68521139727,45400.296932002355,615637.6648774473,498713.9835933857,1639.3673695978837,1586.617322205294,0.7610268287037036,1308676.269537685,38,5,9.094947017729282e-12
mean7,2025-12,31,2620218.119206194,13161.46130498571,1860538.6315293855,89366.11474602627,1949904.7462754117,129264.94815082892,9031.490343746036,690180.230186857,559134.0244035857,1586.617322205294,1488.7973752814803,0.8617168234767025,1949980.610059954,60,0,1.0231815394945443e-12
mean14,2025-02,28,1982399.6671457938,34.221639166667046,1279343.75119298,208.60635825405055,1279552.3575512338,122297.20717662362,48627.621418569375,557297.8570977848,459668.4689746838,10800.0,1625.3280828021207,0.7695711805555556,1285906.8643399088,5,5,1.5916157281026244e-12
mean14,2025-03,31,1864253.5500283174,4139.92130840665,1108015.6689480369,25507.68533450919,1133523.3542825459,91550.49054509577,137628.66134981537,594105.6923843586,481209.0394092124,1625.3280828021207,1643.7407740444448,0.7255331989247312,1133511.3311656457,23,9,1.0231815394945443e-11
mean14,2025-04,30,1560037.0080791675,8423.000194309512,888273.2318996594,52428.30631378472,940701.5382134441,50014.99823798827,197695.29246763783,542237.6674975414,439217.54892969044,1643.7407740444448,1638.142711064552,0.6988464120370371,940705.0591810491,35,8,7.747126397185235e-11
mean14,2025-05,31,1571942.9197025094,9944.952464281903,916938.7006519637,50012.8222697166,966951.5229216804,70494.22175413228,226136.9590942975,512953.157541743,414506.93119004805,1638.142711064552,2732.7276208021185,0.6912003360215054,966270.6032100072,134,10,7.676703717152122e-11
mean14,2025-06,30,2060737.2763490672,27568.7332688639,1362398.7720148491,166053.76850491107,1528452.5405197602,167469.71346068554,71245.76213029043,525182.2659790874,425584.8981354657,2732.7276208021185,2524.657962574604,0.7662756712962964,1528596.0353650914,171,5,7.382539024547441e-12
mean14,2025-07,31,2276107.339318834,18779.69486859176,1629560.729471922,109721.82579509639,1739282.5552670185,137502.4282028446,106138.64605841035,557488.8540287489,451062.15361924475,2524.657962574604,3084.455900398943,0.8300811827956989,1738864.3453060982,226,8,7.02584657119587e-11
mean14,2025-08,31,2014924.0977550098,2733.575990747597,1397956.529343771,18765.80775485868,1416722.3370986297,94759.99320508173,239506.74384509242,525778.4506412403,426500.3782123238,3084.455900398943,2395.7523527111116,0.7864659722222223,1417209.8148133145,45,10,4.092726157978177e-12
mean14,2025-09,30,1823128.309066209,1038.3796886666655,1162033.1149003445,5596.990586387327,1167630.105486732,133558.7383607666,203307.91248365666,522114.47487564955,423198.3042151971,2395.7523527111116,2078.441723910048,0.7202801851851851,1167835.8027893587,12,8,6.770682779865133e-12
mean14,2025-10,31,1807145.101621346,2407.3270585030828,1105414.0284621522,13937.253292090028,1119351.2817542423,66659.82251117389,155538.00660451147,592719.7243392187,480498.7158083882,2078.441723910048,1638.731619886773,0.7202710573476703,1119636.3211696385,22,9,1.6422063708887435e-10
mean14,2025-11,30,2020991.440543966,1816.8015906847515,1298530.0208661458,9224.41772095953,1307754.4385871054,72746.97927060556,44765.40917863846,617773.0075624267,500449.56186035334,1638.731619886773,1579.369692344977,0.7610268287037036,1307795.097004622,40,5,1.40346401167335e-10
mean14,2025-12,31,2619233.171344852,12861.841266976187,1860601.2978199264,87216.19728630454,1947817.495106231,128755.67003540506,9047.854424415047,685979.3000212227,555724.7481025476,1579.369692344977,1488.7973752814803,0.8617168234767025,1947887.7380266504,57,0,1.0231815394945443e-12
saa_load,2025-02,28,1967818.3537248147,14.770619999999894,1277251.522119591,103.36831512499953,1277354.8904347161,101756.29893834045,48133.50842317863,549018.5234902783,444954.87857364933,10800.0,10522.361614973459,0.7695711805555556,1277547.1866844753,2,28,7.257767720147967e-10
saa_load,2025-03,31,1855138.8904804338,3718.995313464209,1109357.7049253632,23222.0587007295,1132579.7636260928,77187.99145735822,139499.25936832157,609582.9421564419,493729.97365489026,10522.361614973459,10558.149939226447,0.7255331989247312,1132556.3945704512,19,31,2.314158741177784e-09
saa_load,2025-04,30,1569488.1610581756,7696.6179382294295,887895.8778591789,48190.5422587585,936086.4201179375,47854.82550052424,198868.56897545353,592896.2188747902,480164.43335436296,10558.149939226447,10648.709866134399,0.6988464120370371,936029.4613859429,28,30,1.8232799448014702e-08
saa_load,2025-05,31,1591995.174623859,5362.4353757871,926641.8470968304,31068.05595627546,957709.9030531059,70449.21801751935,226802.05993059484,595577.3998125597,482281.5327276944,10648.709866134399,10800.0,0.6912003360215054,957615.7884408778,43,31,3.601599019020796e-10
saa_load,2025-06,30,2054261.0538487895,22852.783507932836,1382661.489595298,146785.70426897757,1529447.1938642755,150371.68830039873,70469.66060254259,559364.8540549887,453085.53178454086,10800.0,10800.0,0.7662756712962964,1529447.1938642755,83,30,2.2332642402034253e-09
saa_load,2025-07,31,2289196.110622728,10991.530442497575,1659387.7661506392,76458.06775417556,1735845.8339048147,134446.5765123569,105943.46692175123,605149.1479707919,490170.8098563414,10800.0,10800.0,0.8300811827956989,1735845.8339048147,80,31,4.0097347664413974e-10
saa_load,2025-08,31,2032659.3542425951,1818.0318056334625,1419416.2557745124,11979.801135755859,1431396.0569102685,91544.83344972656,241717.86251885377,616325.399015693,499223.57320271136,10800.0,10800.0,0.7864659722222223,1431396.0569102685,18,31,1.8199614260083763e-08
saa_load,2025-09,30,1828045.8499822307,437.47031047618987,1170735.6432997293,2313.2211631038062,1173048.8644628332,130341.39247098248,211569.4777222819,527638.2081367661,429449.62528732343,10800.0,8508.137003841259,0.7202801851851851,1174534.5696157962,8,30,1.8685000213736203e-09
saa_load,2025-10,31,1809518.934316541,1714.0915256960802,1104334.365332558,10050.47595241563,1114384.8412849738,63163.29983249998,156162.29007804953,608886.2278751034,492112.382976749,8508.137003841259,9714.20545060212,0.7202710573476703,1113603.01470913,17,31,3.1468516681343317e-10
saa_load,2025-11,30,2012064.8371689299,1666.7839007073155,1294872.1470922544,9256.693793793496,1304128.8408860478,61264.6075405783,46524.1673720494,619880.2746122092,501909.8364385331,9714.20545060212,9928.85655877594,0.7610268287037036,1303981.8211591297,23,30,2.916976882261224e-09
saa_load,2025-12,31,2598838.2584770857,11558.214055596593,1853825.8220484634,77568.15791927105,1931393.9799677345,111652.5522351343,9154.593604901711,657899.4524386144,532347.0619793012,9928.85655877594,10541.628220972158,0.8617168234767025,1930918.7478824968,49,31,1.1894556450897653e-09
oracle_actual,2025-02,28,1847545.2649918764,8.177991617230873e-12,1166388.823437392,3.848873753042881e-11,1166388.823437392,1.639222091398551e-11,22423.10628333334,630960.4560098764,519717.969368,10800.0,1200.0000000000032,0.7695711805555556,1173037.918437392,0,7,6.391326610404267e-12
oracle_actual,2025-03,31,1748150.9398358536,7.428724302371847e-12,1016942.8580121583,2.717751570457949e-11,1016942.8580121583,1.5070611425471725e-11,94824.34048847738,668468.0677932098,541459.1349124999,1200.0000000000032,1200.0000000000005,0.7255331989247312,1016942.8580121583,0,9,2.8251179173821583e-11
oracle_actual,2025-04,30,1470843.208600825,9.248424248653463e-12,826308.5506472171,4.2664475330411734e-11,826308.5506472171,5.404565683875262e-12,141675.52675000002,586516.2255306584,475078.14267983334,1200.0000000000005,1200.0,0.6988464120370371,826308.5506472171,0,11,8.537881512893364e-11
oracle_actual,2025-05,31,1457931.5554621276,7.560529979855346e-12,833329.5932666344,3.6651081281036114e-11,833329.5932666344,5.9117155615240335e-12,164480.3731962963,561266.9331534979,454626.2158543333,1200.0,1200.000000000001,0.6912003360215054,833329.5932666344,0,12,4.6497916628140956e-11
oracle_actual,2025-06,30,1908606.7978806049,3.1525004828836246e-12,1228992.944824067,9.026437464143554e-12,1228992.944824067,1.439559582649963e-11,45838.532831893026,593553.1519230452,480778.05305766664,1200.000000000001,1200.0000000000005,0.7662756712962964,1228992.944824067,0,8,5.059064278611913e-12
oracle_actual,2025-07,31,2131003.50403465,4.5890402589066064e-12,1505778.718571648,2.1743426970033397e-11,1505778.718571648,1.2448708730516955e-11,71212.46701666668,605114.6184279835,490142.8409266666,1200.0000000000005,1200.0000000000002,0.8300811827956989,1505778.718571648,0,8,5.1954884838778526e-11
oracle_actual,2025-08,31,1860466.247332216,4.576605761030805e-12,1282523.3369217603,2.263681118108707e-11,1282523.3369217603,6.59561294469313e-12,168055.15568333335,569990.670432716,461692.4430505,1200.0000000000002,1200.0000000000002,0.7864659722222223,1282523.3369217603,0,11,2.120259523508139e-11
oracle_actual,2025-09,30,1635446.3641759772,1.1412826239620698e-11,992615.3837871541,5.1610375439992134e-11,992615.3837871541,9.038103598868474e-12,131463.73163333334,608414.5541718106,492815.78887916665,1200.0000000000002,1200.0000000000007,0.7202801851851851,992615.3837871541,0,12,1.6143530956469476e-11
oracle_actual,2025-10,31,1719414.367429218,9.279688129026908e-12,1013240.0626614131,4.4553446088002604e-11,1013240.0626614131,6.863842827442568e-12,117743.28338333334,665986.805329218,539449.3123166667,1200.0000000000007,1200.0000000000007,0.7202710573476703,1013240.0626614131,0,11,6.31530383543577e-11
oracle_actual,2025-11,30,1946987.2471384092,9.944756129698362e-12,1223757.0352222694,4.11882169260025e-11,1223757.0352222696,1.4286349880876514e-11,32451.573045473255,666122.4532084361,539559.1870988333,1200.0000000000007,1200.0000000000014,0.7610268287037036,1223757.0352222696,0,8,2.4215296434704214e-11
oracle_actual,2025-12,31,2507803.70688786,7.58291207603179e-12,1747755.9487368125,4.478358164305973e-11,1747755.9487368125,2.7782220968219917e-11,6.3655747339907975e-12,756667.2139711933,612900.4433166666,1200.0000000000014,1200.0000000000007,0.8617168234767025,1747755.9487368125,0,0,4.042198674546348e-12
