target_date,history_start,history_end,score_type,alpha,score,chosen
2025-03-07,2025-02-07,2025-03-06,cost,0.0,1234795.068745314,0
2025-03-07,2025-02-07,2025-03-06,cost,0.25,1234282.126942361,0
2025-03-07,2025-02-07,2025-03-06,cost,0.5,1234038.3659945505,0
2025-03-07,2025-02-07,2025-03-06,cost,0.75,1233376.8320378293,0
2025-03-07,2025-02-07,2025-03-06,cost,1.0,1232690.8491113062,1
2025-03-07,2025-02-07,2025-03-06,mae,0.0,2.4367222222222225,0
2025-03-07,2025-02-07,2025-03-06,mae,0.25,2.3056977802579364,0
2025-03-07,2025-02-07,2025-03-06,mae,0.5,2.2060117311507934,0
2025-03-07,2025-02-07,2025-03-06,mae,0.75,2.149825186011905,0
2025-03-07,2025-02-07,2025-03-06,mae,1.0,2.1486680059523806,1
2025-03-08,2025-02-08,2025-03-07,cost,0.0,1230564.4363995616,0
2025-03-08,2025-02-08,2025-03-07,cost,0.25,1230013.7757469846,0
2025-03-08,2025-02-08,2025-03-07,cost,0.5,1229770.0147991742,0
2025-03-08,2025-02-08,2025-03-07,cost,0.75,1229142.1050001401,0
2025-03-08,2025-02-08,2025-03-07,cost,1.0,1228466.9638356338,1
2025-03-08,2025-02-08,2025-03-07,mae,0.0,2.4720097222222224,0
2025-03-08,2025-02-08,2025-03-07,mae,0.25,2.3234355406746032,0
2025-03-08,2025-02-08,2025-03-07,mae,0.5,2.2061449404761904,0
2025-03-08,2025-02-08,2025-03-07,mae,0.75,2.1322562499999997,0
2025-03-08,2025-02-08,2025-03-07,mae,1.0,2.1133969246031743,1
2025-03-09,2025-02-09,2025-03-08,cost,0.0,1226541.9082187722,0
2025-03-09,2025-02-09,2025-03-08,cost,0.25,1226022.372661281,0
2025-03-09,2025-02-09,2025-03-08,cost,0.5,1225758.5404984201,0
2025-03-09,2025-02-09,2025-03-08,cost,0.75,1225130.1258606047,0
2025-03-09,2025-02-09,2025-03-08,cost,1.0,1224454.9846960984,1
2025-03-09,2025-02-09,2025-03-08,mae,0.0,2.515786805555556,0
2025-03-09,2025-02-09,2025-03-08,mae,0.25,2.351876674107143,0
2025-03-09,2025-02-09,2025-03-08,mae,0.5,2.2179659970238097,0
2025-03-09,2025-02-09,2025-03-08,mae,0.75,2.1274451264880954,0
2025-03-09,2025-02-09,2025-03-08,mae,1.0,2.091978720238095,1
2025-03-10,2025-02-10,2025-03-09,cost,0.0,1213316.634490339,0
2025-03-10,2025-02-10,2025-03-09,cost,0.25,1212865.3505154399,0
2025-03-10,2025-02-10,2025-03-09,cost,0.5,1212612.1221735738,0
2025-03-10,2025-02-10,2025-03-09,cost,0.75,1211979.0708203313,0
2025-03-10,2025-02-10,2025-03-09,cost,1.0,1211164.0142138975,1
2025-03-10,2025-02-10,2025-03-09,mae,0.0,2.4656034722222224,0
2025-03-10,2025-02-10,2025-03-09,mae,0.25,2.312265339781746,0
2025-03-10,2025-02-10,2025-03-09,mae,0.5,2.1901536458333335,0
2025-03-10,2025-02-10,2025-03-09,mae,0.75,2.112762239583333,0
2025-03-10,2025-02-10,2025-03-09,mae,1.0,2.090603621031746,1
2025-03-11,2025-02-11,2025-03-10,cost,0.0,1202218.745739248,0
2025-03-11,2025-02-11,2025-03-10,cost,0.25,1201822.8096327116,0
2025-03-11,2025-02-11,2025-03-10,cost,0.5,1201585.3523211277,0
2025-03-11,2025-02-11,2025-03-10,cost,0.75,1201032.5378788998,0
2025-03-11,2025-02-11,2025-03-10,cost,1.0,1200172.0052047232,1
2025-03-11,2025-02-11,2025-03-10,mae,0.0,2.4482381944444445,0
2025-03-11,2025-02-11,2025-03-10,mae,0.25,2.305377418154762,0
2025-03-11,2025-02-11,2025-03-10,mae,0.5,2.193233804563492,0
2025-03-11,2025-02-11,2025-03-10,mae,0.75,2.1262431175595236,0
2025-03-11,2025-02-11,2025-03-10,mae,1.0,2.112516021825397,1
2025-03-12,2025-02-12,2025-03-11,cost,0.0,1190064.0735770212,0
2025-03-12,2025-02-12,2025-03-11,cost,0.25,1189631.8302204094,0
2025-03-12,2025-02-12,2025-03-11,cost,0.5,1189350.2113798761,0
2025-03-12,2025-02-12,2025-03-11,cost,0.75,1188881.4565191253,0
2025-03-12,2025-02-12,2025-03-11,cost,1.0,1187953.9064819538,1
2025-03-12,2025-02-12,2025-03-11,mae,0.0,2.417651388888889,0
2025-03-12,2025-02-12,2025-03-11,mae,0.25,2.283180853174603,0
2025-03-12,2025-02-12,2025-03-11,mae,0.5,2.180586755952381,0
2025-03-12,2025-02-12,2025-03-11,mae,0.75,2.125011830357143,0
2025-03-12,2025-02-12,2025-03-11,mae,1.0,2.1226261904761903,1
2025-03-13,2025-02-13,2025-03-12,cost,0.0,1178388.710627722,0
2025-03-13,2025-02-13,2025-03-12,cost,0.25,1177981.3782652125,0
2025-03-13,2025-02-13,2025-03-12,cost,0.5,1177661.3465432834,0
2025-03-13,2025-02-13,2025-03-12,cost,0.75,1177233.9436357948,0
2025-03-13,2025-02-13,2025-03-12,cost,1.0,1176280.824032397,1
2025-03-13,2025-02-13,2025-03-12,mae,0.0,2.380622916666667,0
2025-03-13,2025-02-13,2025-03-12,mae,0.25,2.2555955853174603,0
2025-03-13,2025-02-13,2025-03-12,mae,0.5,2.1631968253968252,0
2025-03-13,2025-02-13,2025-03-12,mae,0.75,2.1190993799603173,1
2025-03-13,2025-02-13,2025-03-12,mae,1.0,2.127798511904762,0
2025-03-14,2025-02-14,2025-03-13,cost,0.0,1168577.7518279303,0
2025-03-14,2025-02-14,2025-03-13,cost,0.25,1168158.8302146313,0
2025-03-14,2025-02-14,2025-03-13,cost,0.5,1167817.6869525528,0
2025-03-14,2025-02-14,2025-03-13,cost,0.75,1167482.3405057932,0
2025-03-14,2025-02-14,2025-03-13,cost,1.0,1166263.4277957666,1
2025-03-14,2025-02-14,2025-03-13,mae,0.0,2.3703250000000002,0
2025-03-14,2025-02-14,2025-03-13,mae,0.25,2.253394035218254,0
2025-03-14,2025-02-14,2025-03-13,mae,0.5,2.169900074404762,0
2025-03-14,2025-02-14,2025-03-13,mae,0.75,2.134853335813492,1
2025-03-14,2025-02-14,2025-03-13,mae,1.0,2.1507438988095235,0
2025-03-15,2025-02-15,2025-03-14,cost,0.0,1165339.272945911,0
2025-03-15,2025-02-15,2025-03-14,cost,0.25,1164943.2589394737,0
2025-03-15,2025-02-15,2025-03-14,cost,0.5,1164628.2673587943,0
2025-03-15,2025-02-15,2025-03-14,cost,0.75,1164312.181361035,0
2025-03-15,2025-02-15,2025-03-14,cost,1.0,1163093.2686510081,1
2025-03-15,2025-02-15,2025-03-14,mae,0.0,2.409282638888889,0
2025-03-15,2025-02-15,2025-03-14,mae,0.25,2.281887859623016,0
2025-03-15,2025-02-15,2025-03-14,mae,0.5,2.187930084325397,0
2025-03-15,2025-02-15,2025-03-14,mae,0.75,2.14241953125,1
2025-03-15,2025-02-15,2025-03-14,mae,1.0,2.1477893353174604,0
2025-03-16,2025-02-16,2025-03-15,cost,0.0,1162558.0661187617,0
2025-03-16,2025-02-16,2025-03-15,cost,0.25,1162232.4816351265,0
2025-03-16,2025-02-16,2025-03-15,cost,0.5,1161897.6317798411,0
2025-03-16,2025-02-16,2025-03-15,cost,0.75,1161539.5112128686,0
2025-03-16,2025-02-16,2025-03-15,cost,1.0,1160313.2420113927,1
2025-03-16,2025-02-16,2025-03-15,mae,0.0,2.442824305555556,0
2025-03-16,2025-02-16,2025-03-15,mae,0.25,2.3057216517857144,0
2025-03-16,2025-02-16,2025-03-15,mae,0.5,2.2020494543650795,0
2025-03-16,2025-02-16,2025-03-15,mae,0.75,2.146789558531746,0
2025-03-16,2025-02-16,2025-03-15,mae,1.0,2.1425204365079367,1
2025-03-17,2025-02-17,2025-03-16,cost,0.0,1152137.5349151415,0
2025-03-17,2025-02-17,2025-03-16,cost,0.25,1151842.3542130517,0
2025-03-17,2025-02-17,2025-03-16,cost,0.5,1151561.2390648788,0
2025-03-17,2025-02-17,2025-03-16,cost,0.75,1151290.289912908,0
2025-03-17,2025-02-17,2025-03-16,cost,1.0,1150064.997933158,1
2025-03-17,2025-02-17,2025-03-16,mae,0.0,2.4069236111111114,0
2025-03-17,2025-02-17,2025-03-16,mae,0.25,2.2768874875992067,0
2025-03-17,2025-02-17,2025-03-16,mae,0.5,2.179613616071429,0
2025-03-17,2025-02-17,2025-03-16,mae,0.75,2.1328962425595237,1
2025-03-17,2025-02-17,2025-03-16,mae,1.0,2.1380880456349205,0
2025-03-18,2025-02-18,2025-03-17,cost,0.0,1140662.179704354,0
2025-03-18,2025-02-18,2025-03-17,cost,0.25,1140278.5964914348,0
2025-03-18,2025-02-18,2025-03-17,cost,0.5,1139978.153538067,0
2025-03-18,2025-02-18,2025-03-17,cost,0.75,1139728.4349945749,0
2025-03-18,2025-02-18,2025-03-17,cost,1.0,1138493.1304239857,1
2025-03-18,2025-02-18,2025-03-17,mae,0.0,2.3781993055555555,0
2025-03-18,2025-02-18,2025-03-17,mae,0.25,2.253736483134921,0
2025-03-18,2025-02-18,2025-03-17,mae,0.5,2.161312400793651,0
2025-03-18,2025-02-18,2025-03-17,mae,0.75,2.1197381944444444,1
2025-03-18,2025-02-18,2025-03-17,mae,1.0,2.1291868055555554,0
2025-03-19,2025-02-19,2025-03-18,cost,0.0,1129923.6155191776,0
2025-03-19,2025-02-19,2025-03-18,cost,0.25,1129605.5125589548,0
2025-03-19,2025-02-19,2025-03-18,cost,0.5,1129304.7664133376,0
2025-03-19,2025-02-19,2025-03-18,cost,0.75,1129126.6124143433,0
2025-03-19,2025-02-19,2025-03-18,cost,1.0,1127879.6795700577,1
2025-03-19,2025-02-19,2025-03-18,mae,0.0,2.3490611111111113,0
2025-03-19,2025-02-19,2025-03-18,mae,0.25,2.232062971230159,0
2025-03-19,2025-02-19,2025-03-18,mae,0.5,2.147195386904762,0
2025-03-19,2025-02-19,2025-03-18,mae,0.75,2.1132862847222222,1
2025-03-19,2025-02-19,2025-03-18,mae,1.0,2.129793253968254,0
2025-03-20,2025-02-20,2025-03-19,cost,0.0,1118530.8481406528,0
2025-03-20,2025-02-20,2025-03-19,cost,0.25,1118023.8928132225,0
2025-03-20,2025-02-20,2025-03-19,cost,0.5,1117761.1167002898,0
2025-03-20,2025-02-20,2025-03-19,cost,0.75,1117635.4962845864,0
2025-03-20,2025-02-20,2025-03-19,cost,1.0,1116262.506940987,1
2025-03-20,2025-02-20,2025-03-19,mae,0.0,2.3200486111111114,0
2025-03-20,2025-02-20,2025-03-19,mae,0.25,2.208772222222222,0
2025-03-20,2025-02-20,2025-03-19,mae,0.5,2.1303664186507936,0
2025-03-20,2025-02-20,2025-03-19,mae,0.75,2.1025551339285715,1
2025-03-20,2025-02-20,2025-03-19,mae,1.0,2.125592361111111,0
2025-04-17,2025-03-20,2025-04-16,cost,0.0,893735.5699027907,0
2025-04-17,2025-03-20,2025-04-16,cost,0.25,893561.4549421192,1
2025-04-17,2025-03-20,2025-04-16,cost,0.5,893611.7380341042,0
2025-04-17,2025-03-20,2025-04-16,cost,0.75,894117.5312569881,0
2025-04-17,2025-03-20,2025-04-16,cost,1.0,893645.0789752573,0
2025-04-17,2025-03-20,2025-04-16,mae,0.0,2.3592541666666667,0
2025-04-17,2025-03-20,2025-04-16,mae,0.25,2.205668253968254,0
2025-04-17,2025-03-20,2025-04-16,mae,0.5,2.128846775793651,1
2025-04-17,2025-03-20,2025-04-16,mae,0.75,2.1460206597222222,0
2025-04-17,2025-03-20,2025-04-16,mae,1.0,2.2369896825396824,0
2025-04-18,2025-03-21,2025-04-17,cost,0.0,885546.0823466165,0
2025-04-18,2025-03-21,2025-04-17,cost,0.25,885378.5430694296,1
2025-04-18,2025-03-21,2025-04-17,cost,0.5,885443.293563761,0
2025-04-18,2025-03-21,2025-04-17,cost,0.75,886069.1329655707,0
2025-04-18,2025-03-21,2025-04-17,cost,1.0,885614.4851103117,0
2025-04-18,2025-03-21,2025-04-17,mae,0.0,2.353458333333333,0
2025-04-18,2025-03-21,2025-04-17,mae,0.25,2.195362487599206,0
2025-04-18,2025-03-21,2025-04-17,mae,0.5,2.118144419642857,1
2025-04-18,2025-03-21,2025-04-17,mae,0.75,2.138283370535714,0
2025-04-18,2025-03-21,2025-04-17,mae,1.0,2.23684558531746,0
2025-04-19,2025-03-22,2025-04-18,cost,0.0,883768.5782407961,0
2025-04-19,2025-03-22,2025-04-18,cost,0.25,883603.4979915323,1
2025-04-19,2025-03-22,2025-04-18,cost,0.5,883670.6381722621,0
2025-04-19,2025-03-22,2025-04-18,cost,0.75,884239.0028039337,0
2025-04-19,2025-03-22,2025-04-18,cost,1.0,883826.389555898,0
2025-04-19,2025-03-22,2025-04-18,mae,0.0,2.364328472222222,0
2025-04-19,2025-03-22,2025-04-18,mae,0.25,2.1983139384920634,0
2025-04-19,2025-03-22,2025-04-18,mae,0.5,2.1131771825396823,1
2025-04-19,2025-03-22,2025-04-18,mae,0.75,2.1253974454365077,0
2025-04-19,2025-03-22,2025-04-18,mae,1.0,2.2160409722222223,0
2025-04-20,2025-03-23,2025-04-19,cost,0.0,882317.9559241576,0
2025-04-20,2025-03-23,2025-04-19,cost,0.25,882009.2308108115,1
2025-04-20,2025-03-23,2025-04-19,cost,0.5,882075.0162274876,0
2025-04-20,2025-03-23,2025-04-19,cost,0.75,882643.380859159,0
2025-04-20,2025-03-23,2025-04-19,cost,1.0,882230.7676111234,0
2025-04-20,2025-03-23,2025-04-19,mae,0.0,2.393740277777778,0
2025-04-20,2025-03-23,2025-04-19,mae,0.25,2.220487921626984,0
2025-04-20,2025-03-23,2025-04-19,mae,0.5,2.1281133432539683,1
2025-04-20,2025-03-23,2025-04-19,mae,0.75,2.1330957837301585,0
2025-04-20,2025-03-23,2025-04-19,mae,1.0,2.216449007936508,0
2025-04-21,2025-03-24,2025-04-20,cost,0.0,876505.2245674275,0
2025-04-21,2025-03-24,2025-04-20,cost,0.25,876188.7666399521,1
2025-04-21,2025-03-24,2025-04-20,cost,0.5,876359.1620691542,0
2025-04-21,2025-03-24,2025-04-20,cost,0.75,876944.2035872011,0
2025-04-21,2025-03-24,2025-04-20,cost,1.0,876629.4625769457,0
2025-04-21,2025-03-24,2025-04-20,mae,0.0,2.390670138888889,0
2025-04-21,2025-03-24,2025-04-20,mae,0.25,2.2157405381944444,0
2025-04-21,2025-03-24,2025-04-20,mae,0.5,2.1244404017857144,1
2025-04-21,2025-03-24,2025-04-20,mae,0.75,2.1331039558531746,0
2025-04-21,2025-03-24,2025-04-20,mae,1.0,2.223695287698413,0
2025-04-22,2025-03-25,2025-04-21,cost,0.0,870989.696986315,0
2025-04-22,2025-03-25,2025-04-21,cost,0.25,870616.0392564086,1
2025-04-22,2025-03-25,2025-04-21,cost,0.5,870806.7668967103,0
2025-04-22,2025-03-25,2025-04-21,cost,0.75,871379.2483565568,0
2025-04-22,2025-03-25,2025-04-21,cost,1.0,871009.5750955581,0
2025-04-22,2025-03-25,2025-04-21,mae,0.0,2.3966805555555557,0
2025-04-22,2025-03-25,2025-04-21,mae,0.25,2.21485207093254,0
2025-04-22,2025-03-25,2025-04-21,mae,0.5,2.119160094246032,1
2025-04-22,2025-03-25,2025-04-21,mae,0.75,2.1265427207341268,0
2025-04-22,2025-03-25,2025-04-21,mae,1.0,2.2195771329365077,0
2025-04-23,2025-03-26,2025-04-22,cost,0.0,865404.5948089472,0
2025-04-23,2025-03-26,2025-04-22,cost,0.25,865019.8480469263,1
2025-04-23,2025-03-26,2025-04-22,cost,0.5,865214.7774949914,0
2025-04-23,2025-03-26,2025-04-22,cost,0.75,865851.4993015816,0
2025-04-23,2025-03-26,2025-04-22,cost,1.0,865431.5714669644,0
2025-04-23,2025-03-26,2025-04-22,mae,0.0,2.396802083333333,0
2025-04-23,2025-03-26,2025-04-22,mae,0.25,2.209593514384921,0
2025-04-23,2025-03-26,2025-04-22,mae,0.5,2.1129876736111113,1
2025-04-23,2025-03-26,2025-04-22,mae,0.75,2.1246229538690478,0
2025-04-23,2025-03-26,2025-04-22,mae,1.0,2.2244165178571427,0
2025-04-24,2025-03-27,2025-04-23,cost,0.0,860763.5677341085,0
2025-04-24,2025-03-27,2025-04-23,cost,0.25,860486.8562610656,1
2025-04-24,2025-03-27,2025-04-23,cost,0.5,860693.407011097,0
2025-04-24,2025-03-27,2025-04-23,cost,0.75,861332.9316862623,0
2025-04-24,2025-03-27,2025-04-23,cost,1.0,860886.0691788973,0
2025-04-24,2025-03-27,2025-04-23,mae,0.0,2.3964909722222223,0
2025-04-24,2025-03-27,2025-04-23,mae,0.25,2.20795078125,0
2025-04-24,2025-03-27,2025-04-23,mae,0.5,2.11386341765873,1
2025-04-24,2025-03-27,2025-04-23,mae,0.75,2.1294040054563492,0
2025-04-24,2025-03-27,2025-04-23,mae,1.0,2.236038541666667,0
2025-04-25,2025-03-28,2025-04-24,cost,0.0,855260.1319854913,0
2025-04-25,2025-03-28,2025-04-24,cost,0.25,855064.3428073623,1
2025-04-25,2025-03-28,2025-04-24,cost,0.5,855253.3454138903,0
2025-04-25,2025-03-28,2025-04-24,cost,0.75,855786.6545359358,0
2025-04-25,2025-03-28,2025-04-24,cost,1.0,855356.4064286571,0
2025-04-25,2025-03-28,2025-04-24,mae,0.0,2.4068958333333335,0
2025-04-25,2025-03-28,2025-04-24,mae,0.25,2.2123392981150793,0
2025-04-25,2025-03-28,2025-04-24,mae,0.5,2.1129007688492063,1
2025-04-25,2025-03-28,2025-04-24,mae,0.75,2.1246511780753967,0
2025-04-25,2025-03-28,2025-04-24,mae,1.0,2.2335621527777776,0
2025-04-26,2025-03-29,2025-04-25,cost,0.0,853424.6789564333,0
2025-04-26,2025-03-29,2025-04-25,cost,0.25,853227.7697637348,1
2025-04-26,2025-03-29,2025-04-25,cost,0.5,853420.7999481885,0
2025-04-26,2025-03-29,2025-04-25,cost,0.75,853954.1090702341,0
2025-04-26,2025-03-29,2025-04-25,cost,1.0,853523.8609629553,0
2025-04-26,2025-03-29,2025-04-25,mae,0.0,2.4409722222222223,0
2025-04-26,2025-03-29,2025-04-25,mae,0.25,2.240061569940476,0
2025-04-26,2025-03-29,2025-04-25,mae,0.5,2.134198586309524,1
2025-04-26,2025-03-29,2025-04-25,mae,0.75,2.1395866939484125,0
2025-04-26,2025-03-29,2025-04-25,mae,1.0,2.2420131448412697,0
2025-04-27,2025-03-30,2025-04-26,cost,0.0,851855.2319814313,0
2025-04-27,2025-03-30,2025-04-26,cost,0.25,851580.5179327268,1
2025-04-27,2025-03-30,2025-04-26,cost,0.5,851768.947481823,0
2025-04-27,2025-03-30,2025-04-26,cost,0.75,852299.0149279811,0
2025-04-27,2025-03-30,2025-04-26,cost,1.0,851840.5215500303,0
2025-04-27,2025-03-30,2025-04-26,mae,0.0,2.46625,0
2025-04-27,2025-03-30,2025-04-26,mae,0.25,2.2590235739087303,0
2025-04-27,2025-03-30,2025-04-26,mae,0.5,2.1468017609126986,0
2025-04-27,2025-03-30,2025-04-26,mae,0.75,2.1459363467261907,1
2025-04-27,2025-03-30,2025-04-26,mae,1.0,2.2420416170634923,0
2025-04-28,2025-03-31,2025-04-27,cost,0.0,849646.3734555424,0
2025-04-28,2025-03-31,2025-04-27,cost,0.25,849416.9697011035,1
2025-04-28,2025-03-31,2025-04-27,cost,0.5,849569.2989366585,0
2025-04-28,2025-03-31,2025-04-27,cost,0.75,850047.420129477,0
2025-04-28,2025-03-31,2025-04-27,cost,1.0,849668.3249443336,0
2025-04-28,2025-03-31,2025-04-27,mae,0.0,2.4798666666666667,0
2025-04-28,2025-03-31,2025-04-27,mae,0.25,2.2676016865079367,0
2025-04-28,2025-03-31,2025-04-27,mae,0.5,2.1500054563492066,0
2025-04-28,2025-03-31,2025-04-27,mae,0.75,2.148373536706349,1
2025-04-28,2025-03-31,2025-04-27,mae,1.0,2.247319146825397,0
2025-04-29,2025-04-01,2025-04-28,cost,0.0,874370.9692040146,0
2025-04-29,2025-04-01,2025-04-28,cost,0.25,872406.842429955,1
2025-04-29,2025-04-01,2025-04-28,cost,0.5,872408.416747163,0
2025-04-29,2025-04-01,2025-04-28,cost,0.75,872853.8440137978,0
2025-04-29,2025-04-01,2025-04-28,cost,1.0,872529.2603193558,0
2025-04-29,2025-04-01,2025-04-28,mae,0.0,2.4818937500000002,0
2025-04-29,2025-04-01,2025-04-28,mae,0.25,2.2724931671626982,0
2025-04-29,2025-04-01,2025-04-28,mae,0.5,2.162272445436508,1
2025-04-29,2025-04-01,2025-04-28,mae,0.75,2.1691487723214284,0
2025-04-29,2025-04-01,2025-04-28,mae,1.0,2.275362152777778,0
2025-04-30,2025-04-02,2025-04-29,cost,0.0,863071.8656634461,0
2025-04-30,2025-04-02,2025-04-29,cost,0.25,860854.5144589664,0
2025-04-30,2025-04-02,2025-04-29,cost,0.5,860827.1504315758,1
2025-04-30,2025-04-02,2025-04-29,cost,0.75,861261.7762659264,0
2025-04-30,2025-04-02,2025-04-29,cost,1.0,860969.3553498226,0
2025-04-30,2025-04-02,2025-04-29,mae,0.0,2.4846951388888887,0
2025-04-30,2025-04-02,2025-04-29,mae,0.25,2.2643011160714286,0
2025-04-30,2025-04-02,2025-04-29,mae,0.5,2.1455942956349205,1
2025-04-30,2025-04-02,2025-04-29,mae,0.75,2.1477839533730156,0
2025-04-30,2025-04-02,2025-04-29,mae,1.0,2.255160714285714,0
2025-06-08,2025-05-11,2025-06-07,cost,0.0,1068421.3461809033,0
2025-06-08,2025-05-11,2025-06-07,cost,0.25,1066056.5790245465,0
2025-06-08,2025-05-11,2025-06-07,cost,0.5,1065047.1584637156,1
2025-06-08,2025-05-11,2025-06-07,cost,0.75,1065308.6482960526,0
2025-06-08,2025-05-11,2025-06-07,cost,1.0,1067390.7548358901,0
2025-06-08,2025-05-11,2025-06-07,mae,0.0,2.4109569444444445,0
2025-06-08,2025-05-11,2025-06-07,mae,0.25,2.238980791170635,0
2025-06-08,2025-05-11,2025-06-07,mae,0.5,2.1862716517857144,1
2025-06-08,2025-05-11,2025-06-07,mae,0.75,2.250185478670635,0
2025-06-08,2025-05-11,2025-06-07,mae,1.0,2.3934745535714286,0
2025-06-09,2025-05-12,2025-06-08,cost,0.0,1087252.74462448,0
2025-06-09,2025-05-12,2025-06-08,cost,0.25,1084826.7032984989,0
2025-06-09,2025-05-12,2025-06-08,cost,0.5,1083911.9238432718,1
2025-06-09,2025-05-12,2025-06-08,cost,0.75,1084119.3236366606,0
2025-06-09,2025-05-12,2025-06-08,cost,1.0,1086006.600051272,0
2025-06-09,2025-05-12,2025-06-08,mae,0.0,2.4301305555555555,0
2025-06-09,2025-05-12,2025-06-08,mae,0.25,2.2623934523809526,0
2025-06-09,2025-05-12,2025-06-08,mae,0.5,2.2081089781746033,1
2025-06-09,2025-05-12,2025-06-08,mae,0.75,2.2651584325396823,0
2025-06-09,2025-05-12,2025-06-08,mae,1.0,2.39970625,0
2025-06-10,2025-05-13,2025-06-09,cost,0.0,1106722.5963205455,0
2025-06-10,2025-05-13,2025-06-09,cost,0.25,1104199.9809076,0
2025-06-10,2025-05-13,2025-06-09,cost,0.5,1103086.1012857845,1
2025-06-10,2025-05-13,2025-06-09,cost,0.75,1103283.5510031686,0
2025-06-10,2025-05-13,2025-06-09,cost,1.0,1105181.8802802728,0
2025-06-10,2025-05-13,2025-06-09,mae,0.0,2.445676388888889,0
2025-06-10,2025-05-13,2025-06-09,mae,0.25,2.2859088169642856,0
2025-06-10,2025-05-13,2025-06-09,mae,0.5,2.237244816468254,1
2025-06-10,2025-05-13,2025-06-09,mae,0.75,2.297676500496032,0
2025-06-10,2025-05-13,2025-06-09,mae,1.0,2.4296529265873015,0
2025-06-11,2025-05-14,2025-06-10,cost,0.0,1126701.3515803253,0
2025-06-11,2025-05-14,2025-06-10,cost,0.25,1124109.770403781,0
2025-06-11,2025-05-14,2025-06-10,cost,0.5,1122908.3740206587,1
2025-06-11,2025-05-14,2025-06-10,cost,0.75,1123090.5047723106,0
2025-06-11,2025-05-14,2025-06-10,cost,1.0,1125005.2848436194,0
2025-06-11,2025-05-14,2025-06-10,mae,0.0,2.4664972222222223,0
2025-06-11,2025-05-14,2025-06-10,mae,0.25,2.3117649677579366,0
2025-06-11,2025-05-14,2025-06-10,mae,0.5,2.2637628720238094,1
2025-06-11,2025-05-14,2025-06-10,mae,0.75,2.3199330729166667,0
2025-06-11,2025-05-14,2025-06-10,mae,1.0,2.445233283730159,0
2025-06-12,2025-05-15,2025-06-11,cost,0.0,1147490.9534108918,0
2025-06-12,2025-05-15,2025-06-11,cost,0.25,1144846.2676092153,0
2025-06-12,2025-05-15,2025-06-11,cost,0.5,1143562.515116746,0
2025-06-12,2025-05-15,2025-06-11,cost,0.75,1143505.0765896717,1
2025-06-12,2025-05-15,2025-06-11,cost,1.0,1145496.0309312292,0
2025-06-12,2025-05-15,2025-06-11,mae,0.0,2.494328472222222,0
2025-06-12,2025-05-15,2025-06-11,mae,0.25,2.352135255456349,0
2025-06-12,2025-05-15,2025-06-11,mae,0.5,2.3117352430555558,1
2025-06-12,2025-05-15,2025-06-11,mae,0.75,2.365288529265873,0
2025-06-12,2025-05-15,2025-06-11,mae,1.0,2.482158382936508,0
2025-06-13,2025-05-16,2025-06-12,cost,0.0,1169015.8592494791,0
2025-06-13,2025-05-16,2025-06-12,cost,0.25,1166397.9976223004,0
2025-06-13,2025-05-16,2025-06-12,cost,0.5,1165041.715811959,0
2025-06-13,2025-05-16,2025-06-12,cost,0.75,1164944.788023906,1
2025-06-13,2025-05-16,2025-06-12,cost,1.0,1167001.9194160432,0
2025-06-13,2025-05-16,2025-06-12,mae,0.0,2.5229125,0
2025-06-13,2025-05-16,2025-06-12,mae,0.25,2.385789236111111,0
2025-06-13,2025-05-16,2025-06-12,mae,0.5,2.346074007936508,1
2025-06-13,2025-05-16,2025-06-12,mae,0.75,2.3963191964285713,0
2025-06-13,2025-05-16,2025-06-12,mae,1.0,2.5047034722222223,0
2025-06-14,2025-05-17,2025-06-13,cost,0.0,1176696.0158432822,0
2025-06-14,2025-05-17,2025-06-13,cost,0.25,1174115.753219674,0
2025-06-14,2025-05-17,2025-06-13,cost,0.5,1172786.0296199617,0
2025-06-14,2025-05-17,2025-06-13,cost,0.75,1172691.121985212,1
2025-06-14,2025-05-17,2025-06-13,cost,1.0,1174746.465122196,0
2025-06-14,2025-05-17,2025-06-13,mae,0.0,2.4286298611111112,0
2025-06-14,2025-05-17,2025-06-13,mae,0.25,2.3044222470238096,0
2025-06-14,2025-05-17,2025-06-13,mae,0.5,2.277734176587302,1
2025-06-14,2025-05-17,2025-06-13,mae,0.75,2.341131324404762,0
2025-06-14,2025-05-17,2025-06-13,mae,1.0,2.4626675595238097,0
2025-06-15,2025-05-18,2025-06-14,cost,0.0,1185187.0106852653,0
2025-06-15,2025-05-18,2025-06-14,cost,0.25,1182521.0031067724,0
2025-06-15,2025-05-18,2025-06-14,cost,0.5,1181191.8723329608,0
2025-06-15,2025-05-18,2025-06-14,cost,0.75,1181134.4572632867,1
2025-06-15,2025-05-18,2025-06-14,cost,1.0,1183154.531257545,0
2025-06-15,2025-05-18,2025-06-14,mae,0.0,2.369920138888889,0
2025-06-15,2025-05-18,2025-06-14,mae,0.25,2.2599591145833333,0
2025-06-15,2025-05-18,2025-06-14,mae,0.5,2.2477482390873016,1
2025-06-15,2025-05-18,2025-06-14,mae,0.75,2.3256517237103176,0
2025-06-15,2025-05-18,2025-06-14,mae,1.0,2.4616947916666665,0
2025-06-16,2025-05-19,2025-06-15,cost,0.0,1208513.126212747,0
2025-06-16,2025-05-19,2025-06-15,cost,0.25,1205909.3620069467,0
2025-06-16,2025-05-19,2025-06-15,cost,0.5,1204370.3298543002,0
2025-06-16,2025-05-19,2025-06-15,cost,0.75,1204219.6898715976,1
2025-06-16,2025-05-19,2025-06-15,cost,1.0,1206190.3512656046,0
2025-06-16,2025-05-19,2025-06-15,mae,0.0,2.3926534722222224,0
2025-06-16,2025-05-19,2025-06-15,mae,0.25,2.285657986111111,0
2025-06-16,2025-05-19,2025-06-15,mae,0.5,2.272534821428571,1
2025-06-16,2025-05-19,2025-06-15,mae,0.75,2.340278149801587,0
2025-06-16,2025-05-19,2025-06-15,mae,1.0,2.4630507936507935,0
2025-06-17,2025-05-20,2025-06-16,cost,0.0,1232149.7879402584,0
2025-06-17,2025-05-20,2025-06-16,cost,0.25,1229524.1246487803,0
2025-06-17,2025-05-20,2025-06-16,cost,0.5,1227862.7939422883,0
2025-06-17,2025-05-20,2025-06-16,cost,0.75,1227737.0711653717,1
2025-06-17,2025-05-20,2025-06-16,cost,1.0,1229656.7883031182,0
2025-06-17,2025-05-20,2025-06-16,mae,0.0,2.40430625,0
2025-06-17,2025-05-20,2025-06-16,mae,0.25,2.304910094246032,0
2025-06-17,2025-05-20,2025-06-16,mae,0.5,2.2964257936507937,1
2025-06-17,2025-05-20,2025-06-16,mae,0.75,2.3638854166666667,0
2025-06-17,2025-05-20,2025-06-16,mae,1.0,2.479916865079365,0
2025-06-18,2025-05-21,2025-06-17,cost,0.0,1256239.0428838432,0
2025-06-18,2025-05-21,2025-06-17,cost,0.25,1253678.613636406,0
2025-06-18,2025-05-21,2025-06-17,cost,0.5,1251745.7085002102,0
2025-06-18,2025-05-21,2025-06-17,cost,0.75,1251614.8646098739,1
2025-06-18,2025-05-21,2025-06-17,cost,1.0,1253193.740398519,0
2025-06-18,2025-05-21,2025-06-17,mae,0.0,2.4350256944444446,0
2025-06-18,2025-05-21,2025-06-17,mae,0.25,2.3355238839285715,0
2025-06-18,2025-05-21,2025-06-17,mae,0.5,2.3220537202380953,1
2025-06-18,2025-05-21,2025-06-17,mae,0.75,2.379090823412698,0
2025-06-18,2025-05-21,2025-06-17,mae,1.0,2.480265873015873,0
2025-06-19,2025-05-22,2025-06-18,cost,0.0,1279447.8560464794,0
2025-06-19,2025-05-22,2025-06-18,cost,0.25,1276846.4450230515,0
2025-06-19,2025-05-22,2025-06-18,cost,0.5,1274914.4303555898,0
2025-06-19,2025-05-22,2025-06-18,cost,0.75,1274753.2342039812,1
2025-06-19,2025-05-22,2025-06-18,cost,1.0,1276278.091168167,0
2025-06-19,2025-05-22,2025-06-18,mae,0.0,2.4511708333333333,0
2025-06-19,2025-05-22,2025-06-18,mae,0.25,2.3551932663690476,0
2025-06-19,2025-05-22,2025-06-18,mae,0.5,2.339018030753968,1
2025-06-19,2025-05-22,2025-06-18,mae,0.75,2.388891877480159,0
2025-06-19,2025-05-22,2025-06-18,mae,1.0,2.4801369543650793,0
2025-06-20,2025-05-23,2025-06-19,cost,0.0,1301859.8129307902,0
2025-06-20,2025-05-23,2025-06-19,cost,0.25,1299102.7067840144,0
2025-06-20,2025-05-23,2025-06-19,cost,0.5,1297036.5620110857,0
2025-06-20,2025-05-23,2025-06-19,cost,0.75,1296906.7829562777,1
2025-06-20,2025-05-23,2025-06-19,cost,1.0,1298302.5944702209,0
2025-06-20,2025-05-23,2025-06-19,mae,0.0,2.463603472222222,0
2025-06-20,2025-05-23,2025-06-19,mae,0.25,2.3728428819444445,0
2025-06-20,2025-05-23,2025-06-19,mae,0.5,2.354453472222222,1
2025-06-20,2025-05-23,2025-06-19,mae,0.75,2.3951003472222223,0
2025-06-20,2025-05-23,2025-06-19,mae,1.0,2.472015376984127,0
2025-06-21,2025-05-24,2025-06-20,cost,0.0,1308684.9291849704,0
2025-06-21,2025-05-24,2025-06-20,cost,0.25,1306023.2494724824,0
2025-06-21,2025-05-24,2025-06-20,cost,0.5,1304001.4653758965,0
2025-06-21,2025-05-24,2025-06-20,cost,0.75,1303876.8253443246,1
2025-06-21,2025-05-24,2025-06-20,cost,1.0,1305253.7096423844,0
2025-06-21,2025-05-24,2025-06-20,mae,0.0,2.4001847222222223,0
2025-06-21,2025-05-24,2025-06-20,mae,0.25,2.3267702504960317,0
2025-06-21,2025-05-24,2025-06-20,mae,0.5,2.3258951140873014,1
2025-06-21,2025-05-24,2025-06-20,mae,0.75,2.3843055183531745,0
2025-06-21,2025-05-24,2025-06-20,mae,1.0,2.4789840773809524,0
2025-08-18,2025-07-21,2025-08-17,cost,0.0,1394653.9081642504,0
2025-08-18,2025-07-21,2025-08-17,cost,0.25,1391929.2934447916,0
2025-08-18,2025-07-21,2025-08-17,cost,0.5,1390817.0510595627,0
2025-08-18,2025-07-21,2025-08-17,cost,0.75,1390319.5586503393,0
2025-08-18,2025-07-21,2025-08-17,cost,1.0,1390168.0243947587,1
2025-08-18,2025-07-21,2025-08-17,mae,0.0,3.2379305555555553,0
2025-08-18,2025-07-21,2025-08-17,mae,0.25,2.896351922123016,0
2025-08-18,2025-07-21,2025-08-17,mae,0.5,2.616596701388889,0
2025-08-18,2025-07-21,2025-08-17,mae,0.75,2.426720944940476,0
2025-08-18,2025-07-21,2025-08-17,mae,1.0,2.3108385416666666,1
2025-08-19,2025-07-22,2025-08-18,cost,0.0,1386560.5911116817,0
2025-08-19,2025-07-22,2025-08-18,cost,0.25,1383848.6277157322,0
2025-08-19,2025-07-22,2025-08-18,cost,0.5,1382472.8934787884,0
2025-08-19,2025-07-22,2025-08-18,cost,0.75,1381878.7493360583,0
2025-08-19,2025-07-22,2025-08-18,cost,1.0,1381735.8310422362,1
2025-08-19,2025-07-22,2025-08-18,mae,0.0,3.221001388888889,0
2025-08-19,2025-07-22,2025-08-18,mae,0.25,2.882217621527778,0
2025-08-19,2025-07-22,2025-08-18,mae,0.5,2.60616589781746,0
2025-08-19,2025-07-22,2025-08-18,mae,0.75,2.421556808035714,0
2025-08-19,2025-07-22,2025-08-18,mae,1.0,2.3128028273809527,1
2025-08-20,2025-07-23,2025-08-19,cost,0.0,1376586.2060517364,0
2025-08-20,2025-07-23,2025-08-19,cost,0.25,1373970.2364875565,0
2025-08-20,2025-07-23,2025-08-19,cost,0.5,1372504.70209491,0
2025-08-20,2025-07-23,2025-08-19,cost,0.75,1371913.195629285,0
2025-08-20,2025-07-23,2025-08-19,cost,1.0,1371777.167785228,1
2025-08-20,2025-07-23,2025-08-19,mae,0.0,3.198363888888889,0
2025-08-20,2025-07-23,2025-08-19,mae,0.25,2.8615584697420635,0
2025-08-20,2025-07-23,2025-08-19,mae,0.5,2.5900756200396824,0
2025-08-20,2025-07-23,2025-08-19,mae,0.75,2.411167894345238,0
2025-08-20,2025-07-23,2025-08-19,mae,1.0,2.3095575892857143,1
2025-08-21,2025-07-24,2025-08-20,cost,0.0,1383133.9107441145,0
2025-08-21,2025-07-24,2025-08-20,cost,0.25,1378584.0487906886,0
2025-08-21,2025-07-24,2025-08-20,cost,0.5,1374202.3062045085,0
2025-08-21,2025-07-24,2025-08-20,cost,0.75,1373597.9677099362,0
2025-08-21,2025-07-24,2025-08-20,cost,1.0,1373081.1570415148,1
2025-08-21,2025-07-24,2025-08-20,mae,0.0,3.1897340277777775,0
2025-08-21,2025-07-24,2025-08-20,mae,0.25,2.8588866319444444,0
2025-08-21,2025-07-24,2025-08-20,mae,0.5,2.5951013888888887,0
2025-08-21,2025-07-24,2025-08-20,mae,0.75,2.4244373015873015,0
2025-08-21,2025-07-24,2025-08-20,mae,1.0,2.3293077380952383,1
2025-08-22,2025-07-25,2025-08-21,cost,0.0,1372535.442759348,0
2025-08-22,2025-07-25,2025-08-21,cost,0.25,1368205.7605343356,0
2025-08-22,2025-07-25,2025-08-21,cost,0.5,1363821.8127497216,0
2025-08-22,2025-07-25,2025-08-21,cost,0.75,1363194.551440416,0
2025-08-22,2025-07-25,2025-08-21,cost,1.0,1362706.5226206107,1
2025-08-22,2025-07-25,2025-08-21,mae,0.0,3.1661604166666666,0
2025-08-22,2025-07-25,2025-08-21,mae,0.25,2.8380561135912696,0
2025-08-22,2025-07-25,2025-08-21,mae,0.5,2.5784867807539684,0
2025-08-22,2025-07-25,2025-08-21,mae,0.75,2.4142874379960317,0
2025-08-22,2025-07-25,2025-08-21,mae,1.0,2.3251672123015874,1
2025-08-23,2025-07-26,2025-08-22,cost,0.0,1370429.4247518904,0
2025-08-23,2025-07-26,2025-08-22,cost,0.25,1365972.4804589555,0
2025-08-23,2025-07-26,2025-08-22,cost,0.5,1361589.9651648938,0
2025-08-23,2025-07-26,2025-08-22,cost,0.75,1360962.7038555883,0
2025-08-23,2025-07-26,2025-08-22,cost,1.0,1360471.3154455253,1
2025-08-23,2025-07-26,2025-08-22,mae,0.0,3.175009722222222,0
2025-08-23,2025-07-26,2025-08-22,mae,0.25,2.843461830357143,0
2025-08-23,2025-07-26,2025-08-22,mae,0.5,2.580748859126984,0
2025-08-23,2025-07-26,2025-08-22,mae,0.75,2.4091553075396823,0
2025-08-23,2025-07-26,2025-08-22,mae,1.0,2.3121894841269843,1
2025-08-24,2025-07-27,2025-08-23,cost,0.0,1367459.4419892523,0
2025-08-24,2025-07-27,2025-08-23,cost,0.25,1362863.0424999988,0
2025-08-24,2025-07-27,2025-08-23,cost,0.5,1358501.673287674,0
2025-08-24,2025-07-27,2025-08-23,cost,0.75,1357874.4119783684,0
2025-08-24,2025-07-27,2025-08-23,cost,1.0,1357386.890577301,1
2025-08-24,2025-07-27,2025-08-23,mae,0.0,3.191175,0
2025-08-24,2025-07-27,2025-08-23,mae,0.25,2.8580178819444444,0
2025-08-24,2025-07-27,2025-08-23,mae,0.5,2.591470486111111,0
2025-08-24,2025-07-27,2025-08-23,mae,0.75,2.415903720238095,0
2025-08-24,2025-07-27,2025-08-23,mae,1.0,2.3131530753968255,1
2025-08-25,2025-07-28,2025-08-24,cost,0.0,1360181.5749506878,0
2025-08-25,2025-07-28,2025-08-24,cost,0.25,1355561.8572776362,0
2025-08-25,2025-07-28,2025-08-24,cost,0.5,1351063.2901210522,0
2025-08-25,2025-07-28,2025-08-24,cost,0.75,1350485.949703865,0
2025-08-25,2025-07-28,2025-08-24,cost,1.0,1350021.6790821662,1
2025-08-25,2025-07-28,2025-08-24,mae,0.0,3.1743875,0
2025-08-25,2025-07-28,2025-08-24,mae,0.25,2.8402076140873014,0
2025-08-25,2025-07-28,2025-08-24,mae,0.5,2.5754965277777777,0
2025-08-25,2025-07-28,2025-08-24,mae,0.75,2.403084151785714,0
2025-08-25,2025-07-28,2025-08-24,mae,1.0,2.3054063492063492,1
2025-08-26,2025-07-29,2025-08-25,cost,0.0,1354553.3140005386,0
2025-08-26,2025-07-29,2025-08-25,cost,0.25,1349960.3334166883,0
2025-08-26,2025-07-29,2025-08-25,cost,0.5,1345300.1918084964,0
2025-08-26,2025-07-29,2025-08-25,cost,0.75,1344689.653750487,0
2025-08-26,2025-07-29,2025-08-25,cost,1.0,1344292.4087756649,1
2025-08-26,2025-07-29,2025-08-25,mae,0.0,3.1541562499999998,0
2025-08-26,2025-07-29,2025-08-25,mae,0.25,2.8233776413690475,0
2025-08-26,2025-07-29,2025-08-25,mae,0.5,2.5631022073412697,0
2025-08-26,2025-07-29,2025-08-25,mae,0.75,2.3958051959325397,0
2025-08-26,2025-07-29,2025-08-25,mae,1.0,2.303196775793651,1
2025-08-27,2025-07-30,2025-08-26,cost,0.0,1343969.9064766713,0
2025-08-27,2025-07-30,2025-08-26,cost,0.25,1339319.130834367,0
2025-08-27,2025-07-30,2025-08-26,cost,0.5,1334915.1658766367,0
2025-08-27,2025-07-30,2025-08-26,cost,0.75,1334372.6347142782,0
2025-08-27,2025-07-30,2025-08-26,cost,1.0,1333938.9546184668,1
2025-08-27,2025-07-30,2025-08-26,mae,0.0,3.1263479166666666,0
2025-08-27,2025-07-30,2025-08-26,mae,0.25,2.79792591765873,0
2025-08-27,2025-07-30,2025-08-26,mae,0.5,2.5411854662698414,0
2025-08-27,2025-07-30,2025-08-26,mae,0.75,2.3795779265873014,0
2025-08-27,2025-07-30,2025-08-26,mae,1.0,2.292883333333333,1
2025-08-28,2025-07-31,2025-08-27,cost,0.0,1333993.2121298409,0
2025-08-28,2025-07-31,2025-08-27,cost,0.25,1329083.2422706997,0
2025-08-28,2025-07-31,2025-08-27,cost,0.5,1324763.870514501,0
2025-08-28,2025-07-31,2025-08-27,cost,0.75,1324382.4073050756,0
2025-08-28,2025-07-31,2025-08-27,cost,1.0,1323959.581926442,1
2025-08-28,2025-07-31,2025-08-27,mae,0.0,3.108477777777778,0
2025-08-28,2025-07-31,2025-08-27,mae,0.25,2.78489453125,0
2025-08-28,2025-07-31,2025-08-27,mae,0.5,2.5339405009920637,0
2025-08-28,2025-07-31,2025-08-27,mae,0.75,2.379225210813492,0
2025-08-28,2025-07-31,2025-08-27,mae,1.0,2.2996097718253967,1
2025-08-29,2025-08-01,2025-08-28,cost,0.0,1324704.2425236753,0
2025-08-29,2025-08-01,2025-08-28,cost,0.25,1320006.2765692025,0
2025-08-29,2025-08-01,2025-08-28,cost,0.5,1315673.9406411564,0
2025-08-29,2025-08-01,2025-08-28,cost,0.75,1315262.6407610504,0
2025-08-29,2025-08-01,2025-08-28,cost,1.0,1314857.5373346412,1
2025-08-29,2025-08-01,2025-08-28,mae,0.0,3.0938291666666666,0
2025-08-29,2025-08-01,2025-08-28,mae,0.25,2.7764502480158733,0
2025-08-29,2025-08-01,2025-08-28,mae,0.5,2.5321756944444447,0
2025-08-29,2025-08-01,2025-08-28,mae,0.75,2.3846713045634917,0
2025-08-29,2025-08-01,2025-08-28,mae,1.0,2.3127303571428572,1
2025-08-30,2025-08-02,2025-08-29,cost,0.0,1322765.0031658192,0
2025-08-30,2025-08-02,2025-08-29,cost,0.25,1318114.4599745052,0
2025-08-30,2025-08-02,2025-08-29,cost,0.5,1313828.9866327127,0
2025-08-30,2025-08-02,2025-08-29,cost,0.75,1313417.6867526064,0
2025-08-30,2025-08-02,2025-08-29,cost,1.0,1313021.586493925,1
2025-08-30,2025-08-02,2025-08-29,mae,0.0,3.08853125,0
2025-08-30,2025-08-02,2025-08-29,mae,0.25,2.7667455109126986,0
2025-08-30,2025-08-02,2025-08-29,mae,0.5,2.5188426587301587,0
2025-08-30,2025-08-02,2025-08-29,mae,0.75,2.3642632688492062,0
2025-08-30,2025-08-02,2025-08-29,mae,1.0,2.2855478174603174,1
2025-08-31,2025-08-03,2025-08-30,cost,0.0,1321796.336832724,0
2025-08-31,2025-08-03,2025-08-30,cost,0.25,1317144.2600924352,0
2025-08-31,2025-08-03,2025-08-30,cost,0.5,1312797.1456808355,0
2025-08-31,2025-08-03,2025-08-30,cost,0.75,1312385.8458007295,0
2025-08-31,2025-08-03,2025-08-30,cost,1.0,1311992.2581307443,1
2025-08-31,2025-08-03,2025-08-30,mae,0.0,3.0959784722222223,0
2025-08-31,2025-08-03,2025-08-30,mae,0.25,2.7698986235119047,0
2025-08-31,2025-08-03,2025-08-30,mae,0.5,2.5155177827380952,0
2025-08-31,2025-08-03,2025-08-30,mae,0.75,2.353572581845238,0
2025-08-31,2025-08-03,2025-08-30,mae,1.0,2.2675086805555558,1
2025-09-10,2025-08-13,2025-09-09,cost,0.0,1236490.662448913,0
2025-09-10,2025-08-13,2025-09-09,cost,0.25,1232926.1723078806,0
2025-09-10,2025-08-13,2025-09-09,cost,0.5,1229175.2945459196,0
2025-09-10,2025-08-13,2025-09-09,cost,0.75,1229225.0104545855,0
2025-09-10,2025-08-13,2025-09-09,cost,1.0,1229086.5862961907,1
2025-09-10,2025-08-13,2025-09-09,mae,0.0,2.8166055555555554,0
2025-09-10,2025-08-13,2025-09-09,mae,0.25,2.613225744047619,0
2025-09-10,2025-08-13,2025-09-09,mae,0.5,2.4876900297619047,0
2025-09-10,2025-08-13,2025-09-09,mae,0.75,2.455409027777778,1
2025-09-10,2025-08-13,2025-09-09,mae,1.0,2.4920545634920637,0
2025-09-11,2025-08-14,2025-09-10,cost,0.0,1229969.5092239792,0
2025-09-11,2025-08-14,2025-09-10,cost,0.25,1229791.8456107406,0
2025-09-11,2025-08-14,2025-09-10,cost,0.5,1226481.0299971483,0
2025-09-11,2025-08-14,2025-09-10,cost,0.75,1226533.3115053722,0
2025-09-11,2025-08-14,2025-09-10,cost,1.0,1226394.709221131,1
2025-09-11,2025-08-14,2025-09-10,mae,0.0,2.7601708333333335,0
2025-09-11,2025-08-14,2025-09-10,mae,0.25,2.5718222842261906,0
2025-09-11,2025-08-14,2025-09-10,mae,0.5,2.4635548363095237,0
2025-09-11,2025-08-14,2025-09-10,mae,0.75,2.4473488219246033,1
2025-09-11,2025-08-14,2025-09-10,mae,1.0,2.498962351190476,0
2025-09-12,2025-08-15,2025-09-11,cost,0.0,1221602.1810335799,0
2025-09-12,2025-08-15,2025-09-11,cost,0.25,1221569.688347293,0
2025-09-12,2025-08-15,2025-09-11,cost,0.5,1217307.5776531305,0
2025-09-12,2025-08-15,2025-09-11,cost,0.75,1217236.5835951339,0
2025-09-12,2025-08-15,2025-09-11,cost,1.0,1217074.8666864703,1
2025-09-12,2025-08-15,2025-09-11,mae,0.0,2.716179861111111,0
2025-09-12,2025-08-15,2025-09-11,mae,0.25,2.5344531870039684,0
2025-09-12,2025-08-15,2025-09-11,mae,0.5,2.4335469990079366,0
2025-09-12,2025-08-15,2025-09-11,mae,0.75,2.4242725322420635,1
2025-09-12,2025-08-15,2025-09-11,mae,1.0,2.4838380456349207,0
2025-09-13,2025-08-16,2025-09-12,cost,0.0,1216361.2008881127,0
2025-09-13,2025-08-16,2025-09-12,cost,0.25,1216264.6167602176,0
2025-09-13,2025-08-16,2025-09-12,cost,0.5,1211975.209191843,0
2025-09-13,2025-08-16,2025-09-12,cost,0.75,1211898.201240592,0
2025-09-13,2025-08-16,2025-09-12,cost,1.0,1211736.4843319282,1
2025-09-13,2025-08-16,2025-09-12,mae,0.0,2.7591972222222223,0
2025-09-13,2025-08-16,2025-09-12,mae,0.25,2.575888095238095,0
2025-09-13,2025-08-16,2025-09-12,mae,0.5,2.469266765873016,0
2025-09-13,2025-08-16,2025-09-12,mae,0.75,2.4487763392857143,1
2025-09-13,2025-08-16,2025-09-12,mae,1.0,2.491631845238095,0
2025-09-14,2025-08-17,2025-09-13,cost,0.0,1210793.2000511524,0
2025-09-14,2025-08-17,2025-09-13,cost,0.25,1210730.6290187621,0
2025-09-14,2025-08-17,2025-09-13,cost,0.5,1206438.9890250815,0
2025-09-14,2025-08-17,2025-09-13,cost,0.75,1206370.6563079557,0
2025-09-14,2025-08-17,2025-09-13,cost,1.0,1206208.9393992922,1
2025-09-14,2025-08-17,2025-09-13,mae,0.0,2.8094652777777775,0
2025-09-14,2025-08-17,2025-09-13,mae,0.25,2.622533742559524,0
2025-09-14,2025-08-17,2025-09-13,mae,0.5,2.5093884672619047,0
2025-09-14,2025-08-17,2025-09-13,mae,0.75,2.4740412822420637,1
2025-09-14,2025-08-17,2025-09-13,mae,1.0,2.4990350694444445,0
2025-09-15,2025-08-18,2025-09-14,cost,0.0,1203527.0359341945,0
2025-09-15,2025-08-18,2025-09-14,cost,0.25,1203791.7546208156,0
2025-09-15,2025-08-18,2025-09-14,cost,0.5,1199758.2745237448,0
2025-09-15,2025-08-18,2025-09-14,cost,0.75,1199779.7224282627,0
2025-09-15,2025-08-18,2025-09-14,cost,1.0,1199293.4249527166,1
2025-09-15,2025-08-18,2025-09-14,mae,0.0,2.7550826388888887,0
2025-09-15,2025-08-18,2025-09-14,mae,0.25,2.5818094990079365,0
2025-09-15,2025-08-18,2025-09-14,mae,0.5,2.48472058531746,0
2025-09-15,2025-08-18,2025-09-14,mae,0.75,2.4676514384920636,1
2025-09-15,2025-08-18,2025-09-14,mae,1.0,2.508830654761905,0
2025-09-16,2025-08-19,2025-09-15,cost,0.0,1194075.583073319,0
2025-09-16,2025-08-19,2025-09-15,cost,0.25,1194514.4014765392,0
2025-09-16,2025-08-19,2025-09-15,cost,0.5,1190804.3277527476,0
2025-09-16,2025-08-19,2025-09-15,cost,0.75,1190941.3380482371,0
2025-09-16,2025-08-19,2025-09-15,cost,1.0,1190226.3836828887,1
2025-09-16,2025-08-19,2025-09-15,mae,0.0,2.705078472222222,0
2025-09-16,2025-08-19,2025-09-15,mae,0.25,2.54025169890873,0
2025-09-16,2025-08-19,2025-09-15,mae,0.5,2.453373189484127,0
2025-09-16,2025-08-19,2025-09-15,mae,0.75,2.450032800099206,1
2025-09-16,2025-08-19,2025-09-15,mae,1.0,2.507609573412698,0
2025-09-17,2025-08-20,2025-09-16,cost,0.0,1185359.8600655836,0
2025-09-17,2025-08-20,2025-09-16,cost,0.25,1186050.5976337395,0
2025-09-17,2025-08-20,2025-09-16,cost,0.5,1182276.2822292587,0
2025-09-17,2025-08-20,2025-09-16,cost,0.75,1182401.770056033,0
2025-09-17,2025-08-20,2025-09-16,cost,1.0,1181412.8279683366,1
2025-09-17,2025-08-20,2025-09-16,mae,0.0,2.653048611111111,0
2025-09-17,2025-08-20,2025-09-16,mae,0.25,2.5024542782738095,0
2025-09-17,2025-08-20,2025-09-16,mae,0.5,2.4312892609126986,1
2025-09-17,2025-08-20,2025-09-16,mae,0.75,2.4488713665674604,0
2025-09-17,2025-08-20,2025-09-16,mae,1.0,2.5258859623015875,0
2025-09-18,2025-08-21,2025-09-17,cost,0.0,1160639.7821794555,1
2025-09-18,2025-08-21,2025-09-17,cost,0.25,1163377.4769720857,0
2025-09-18,2025-08-21,2025-09-17,cost,0.5,1162613.286427805,0
2025-09-18,2025-08-21,2025-09-17,cost,0.75,1162732.455976708,0
2025-09-18,2025-08-21,2025-09-17,cost,1.0,1161828.3251382294,0
2025-09-18,2025-08-21,2025-09-17,mae,0.0,2.589489583333333,0
2025-09-18,2025-08-21,2025-09-17,mae,0.25,2.44841001984127,0
2025-09-18,2025-08-21,2025-09-17,mae,0.5,2.3908529265873018,1
2025-09-18,2025-08-21,2025-09-17,mae,0.75,2.4251918154761904,0
2025-09-18,2025-08-21,2025-09-17,mae,1.0,2.520102579365079,0
2025-09-19,2025-08-22,2025-09-18,cost,0.0,1152004.8770787017,1
2025-09-19,2025-08-22,2025-09-18,cost,0.25,1154900.6093615862,0
2025-09-19,2025-08-22,2025-09-18,cost,0.5,1154116.850546078,0
2025-09-19,2025-08-22,2025-09-18,cost,0.75,1154309.3431903464,0
2025-09-19,2025-08-22,2025-09-18,cost,1.0,1153125.0686305196,0
2025-09-19,2025-08-22,2025-09-18,mae,0.0,2.529354166666667,0
2025-09-19,2025-08-22,2025-09-18,mae,0.25,2.40102058531746,0
2025-09-19,2025-08-22,2025-09-18,mae,0.5,2.359292113095238,1
2025-09-19,2025-08-22,2025-09-18,mae,0.75,2.4121714037698414,0
2025-09-19,2025-08-22,2025-09-18,mae,1.0,2.5257120039682537,0
2025-09-20,2025-08-23,2025-09-19,cost,0.0,1145734.6183530171,1
2025-09-20,2025-08-23,2025-09-19,cost,0.25,1148735.2077372137,0
2025-09-20,2025-08-23,2025-09-19,cost,0.5,1147956.146705015,0
2025-09-20,2025-08-23,2025-09-19,cost,0.75,1148148.6393492832,0
2025-09-20,2025-08-23,2025-09-19,cost,1.0,1146890.5237587094,0
2025-09-20,2025-08-23,2025-09-19,mae,0.0,2.57045625,0
2025-09-20,2025-08-23,2025-09-19,mae,0.25,2.4364345610119047,0
2025-09-20,2025-08-23,2025-09-19,mae,0.5,2.3826719990079366,1
2025-09-20,2025-08-23,2025-09-19,mae,0.75,2.4180616691468253,0
2025-09-20,2025-08-23,2025-09-19,mae,1.0,2.5119253472222223,0
2025-09-21,2025-08-24,2025-09-20,cost,0.0,1139790.3098566618,1
2025-09-21,2025-08-24,2025-09-20,cost,0.25,1142931.0880679456,0
2025-09-21,2025-08-24,2025-09-20,cost,0.5,1142149.889818867,0
2025-09-21,2025-08-24,2025-09-20,cost,0.75,1142342.3824631353,0
2025-09-21,2025-08-24,2025-09-20,cost,1.0,1141121.29997581,0
2025-09-21,2025-08-24,2025-09-20,mae,0.0,2.615801388888889,0
2025-09-21,2025-08-24,2025-09-20,mae,0.25,2.47558189484127,0
2025-09-21,2025-08-24,2025-09-20,mae,0.5,2.411943998015873,1
2025-09-21,2025-08-24,2025-09-20,mae,0.75,2.429651711309524,0
2025-09-21,2025-08-24,2025-09-20,mae,1.0,2.503833134920635,0
2025-09-22,2025-08-25,2025-09-21,cost,0.0,1132809.941793074,1
2025-09-22,2025-08-25,2025-09-21,cost,0.25,1136180.1221657668,0
2025-09-22,2025-08-25,2025-09-21,cost,0.5,1135635.1066047824,0
2025-09-22,2025-08-25,2025-09-21,cost,0.75,1135618.108669595,0
2025-09-22,2025-08-25,2025-09-21,cost,1.0,1134254.8289692786,0
2025-09-22,2025-08-25,2025-09-21,mae,0.0,2.5648583333333335,0
2025-09-22,2025-08-25,2025-09-21,mae,0.25,2.438040228174603,0
2025-09-22,2025-08-25,2025-09-21,mae,0.5,2.3873343253968256,1
2025-09-22,2025-08-25,2025-09-21,mae,0.75,2.421776066468254,0
2025-09-22,2025-08-25,2025-09-21,mae,1.0,2.5146733134920636,0
2025-09-23,2025-08-26,2025-09-22,cost,0.0,1121783.8290426794,1
2025-09-23,2025-08-26,2025-09-22,cost,0.25,1125301.0459387882,0
2025-09-23,2025-08-26,2025-09-22,cost,0.5,1124971.3787053428,0
2025-09-23,2025-08-26,2025-09-22,cost,0.75,1124885.9641677998,0
2025-09-23,2025-08-26,2025-09-22,cost,1.0,1123465.8494641252,0
2025-09-23,2025-08-26,2025-09-22,mae,0.0,2.50310625,0
2025-09-23,2025-08-26,2025-09-22,mae,0.25,2.3878699776785717,0
2025-09-23,2025-08-26,2025-09-22,mae,0.5,2.3516898561507937,1
2025-09-23,2025-08-26,2025-09-22,mae,0.75,2.402536569940476,0
2025-09-23,2025-08-26,2025-09-22,mae,1.0,2.513055902777778,0
2025-12-08,2025-11-10,2025-12-07,cost,0.0,1418268.4111271892,0
2025-12-08,2025-11-10,2025-12-07,cost,0.25,1418702.5440554034,0
2025-12-08,2025-11-10,2025-12-07,cost,0.5,1419010.565153006,0
2025-12-08,2025-11-10,2025-12-07,cost,0.75,1418759.5071961626,0
2025-12-08,2025-11-10,2025-12-07,cost,1.0,1417909.8526684132,1
2025-12-08,2025-11-10,2025-12-07,mae,0.0,2.8524881944444447,0
2025-12-08,2025-11-10,2025-12-07,mae,0.25,2.734716666666667,0
2025-12-08,2025-11-10,2025-12-07,mae,0.5,2.640944642857143,0
2025-12-08,2025-11-10,2025-12-07,mae,0.75,2.581705257936508,0
2025-12-08,2025-11-10,2025-12-07,mae,1.0,2.556110218253968,1
2025-12-09,2025-11-11,2025-12-08,cost,0.0,1436520.091358935,0
2025-12-09,2025-11-11,2025-12-08,cost,0.25,1436861.1899675627,0
2025-12-09,2025-11-11,2025-12-08,cost,0.5,1437093.2572175432,0
2025-12-09,2025-11-11,2025-12-08,cost,0.75,1436767.283086103,0
2025-12-09,2025-11-11,2025-12-08,cost,1.0,1435836.7426051758,1
2025-12-09,2025-11-11,2025-12-08,mae,0.0,2.9180055555555557,0
2025-12-09,2025-11-11,2025-12-08,mae,0.25,2.7897789186507937,0
2025-12-09,2025-11-11,2025-12-08,mae,0.5,2.6849720734126983,0
2025-12-09,2025-11-11,2025-12-08,mae,0.75,2.6130903521825397,0
2025-12-09,2025-11-11,2025-12-08,mae,1.0,2.572684523809524,1
2025-12-10,2025-11-12,2025-12-09,cost,0.0,1456080.7954457812,0
2025-12-10,2025-11-12,2025-12-09,cost,0.25,1456305.360625482,0
2025-12-10,2025-11-12,2025-12-09,cost,0.5,1456515.467157708,0
2025-12-10,2025-11-12,2025-12-09,cost,0.75,1456118.2578260328,0
2025-12-10,2025-11-12,2025-12-09,cost,1.0,1455139.1737128014,1
2025-12-10,2025-11-12,2025-12-09,mae,0.0,2.9948875,0
2025-12-10,2025-11-12,2025-12-09,mae,0.25,2.8548086557539682,0
2025-12-10,2025-11-12,2025-12-09,mae,0.5,2.73716626984127,0
2025-12-10,2025-11-12,2025-12-09,mae,0.75,2.650051537698413,0
2025-12-10,2025-11-12,2025-12-09,mae,1.0,2.5922575396825396,1
2025-12-11,2025-11-13,2025-12-10,cost,0.0,1475830.5487045294,0
2025-12-11,2025-11-13,2025-12-10,cost,0.25,1476073.0102000951,0
2025-12-11,2025-11-13,2025-12-10,cost,0.5,1476221.107595735,0
2025-12-11,2025-11-13,2025-12-10,cost,0.75,1475869.780311604,0
2025-12-11,2025-11-13,2025-12-10,cost,1.0,1475014.9082089353,1
2025-12-11,2025-11-13,2025-12-10,mae,0.0,3.0794222222222225,0
2025-12-11,2025-11-13,2025-12-10,mae,0.25,2.927141207837302,0
2025-12-11,2025-11-13,2025-12-10,mae,0.5,2.796413566468254,0
2025-12-11,2025-11-13,2025-12-10,mae,0.75,2.69386419890873,0
2025-12-11,2025-11-13,2025-12-10,mae,1.0,2.6184460813492065,1
2025-12-12,2025-11-14,2025-12-11,cost,0.0,1493283.3780689791,0
2025-12-12,2025-11-14,2025-12-11,cost,0.25,1493312.2567469592,0
2025-12-12,2025-11-14,2025-12-11,cost,0.5,1493445.9219797049,0
2025-12-12,2025-11-14,2025-12-11,cost,0.75,1493278.0591513943,0
2025-12-12,2025-11-14,2025-12-11,cost,1.0,1492519.407862087,1
2025-12-12,2025-11-14,2025-12-11,mae,0.0,3.147017361111111,0
2025-12-12,2025-11-14,2025-12-11,mae,0.25,2.9796146453373016,0
2025-12-12,2025-11-14,2025-12-11,mae,0.5,2.8336280009920634,0
2025-12-12,2025-11-14,2025-12-11,mae,0.75,2.713368216765873,0
2025-12-12,2025-11-14,2025-12-11,mae,1.0,2.617972371031746,1
2025-12-13,2025-11-15,2025-12-12,cost,0.0,1501642.520286682,0
2025-12-13,2025-11-15,2025-12-12,cost,0.25,1501640.3933726426,0
2025-12-13,2025-11-15,2025-12-12,cost,0.5,1501841.5084631562,0
2025-12-13,2025-11-15,2025-12-12,cost,0.75,1501673.7514698284,0
2025-12-13,2025-11-15,2025-12-12,cost,1.0,1500915.1564032838,1
2025-12-13,2025-11-15,2025-12-12,mae,0.0,3.0823118055555554,0
2025-12-13,2025-11-15,2025-12-12,mae,0.25,2.919668539186508,0
2025-12-13,2025-11-15,2025-12-12,mae,0.5,2.784547445436508,0
2025-12-13,2025-11-15,2025-12-12,mae,0.75,2.6828524677579364,0
2025-12-13,2025-11-15,2025-12-12,mae,1.0,2.608448263888889,1
2025-12-14,2025-11-16,2025-12-13,cost,0.0,1510239.2604274084,0
2025-12-14,2025-11-16,2025-12-13,cost,0.25,1510277.351494879,0
2025-12-14,2025-11-16,2025-12-13,cost,0.5,1510489.466575608,0
2025-12-14,2025-11-16,2025-12-13,cost,0.75,1510297.807909107,0
2025-12-14,2025-11-16,2025-12-13,cost,1.0,1509523.7217569703,1
2025-12-14,2025-11-16,2025-12-13,mae,0.0,3.013679166666667,0
2025-12-14,2025-11-16,2025-12-13,mae,0.25,2.8555818328373017,0
2025-12-14,2025-11-16,2025-12-13,mae,0.5,2.73098033234127,0
2025-12-14,2025-11-16,2025-12-13,mae,0.75,2.650013504464286,0
2025-12-14,2025-11-16,2025-12-13,mae,1.0,2.598209375,1
2025-12-15,2025-11-17,2025-12-14,cost,0.0,1529366.267921015,0
2025-12-15,2025-11-17,2025-12-14,cost,0.25,1529357.9004185542,0
2025-12-15,2025-11-17,2025-12-14,cost,0.5,1529547.1611240457,0
2025-12-15,2025-11-17,2025-12-14,cost,0.75,1529453.1633718484,0
2025-12-15,2025-11-17,2025-12-14,cost,1.0,1528641.5434971012,1
2025-12-15,2025-11-17,2025-12-14,mae,0.0,3.096134027777778,0
2025-12-15,2025-11-17,2025-12-14,mae,0.25,2.9203545386904763,0
2025-12-15,2025-11-17,2025-12-14,mae,0.5,2.777515873015873,0
2025-12-15,2025-11-17,2025-12-14,mae,0.75,2.676112748015873,0
2025-12-15,2025-11-17,2025-12-14,mae,1.0,2.602601488095238,1
2025-12-16,2025-11-18,2025-12-15,cost,0.0,1549481.5210151197,0
2025-12-16,2025-11-18,2025-12-15,cost,0.25,1549422.7279104623,0
2025-12-16,2025-11-18,2025-12-15,cost,0.5,1549589.93103304,0
2025-12-16,2025-11-18,2025-12-15,cost,0.75,1549558.4524648725,0
2025-12-16,2025-11-18,2025-12-15,cost,1.0,1548901.9357728846,1
2025-12-16,2025-11-18,2025-12-15,mae,0.0,3.1769555555555558,0
2025-12-16,2025-11-18,2025-12-15,mae,0.25,2.982750086805556,0
2025-12-16,2025-11-18,2025-12-15,mae,0.5,2.820801810515873,0
2025-12-16,2025-11-18,2025-12-15,mae,0.75,2.6980470362103173,0
2025-12-16,2025-11-18,2025-12-15,mae,1.0,2.602948263888889,1
2025-12-17,2025-11-19,2025-12-16,cost,0.0,1569150.0097332376,0
2025-12-17,2025-11-19,2025-12-16,cost,0.25,1568910.4856630499,0
2025-12-17,2025-11-19,2025-12-16,cost,0.5,1568964.3964052477,0
2025-12-17,2025-11-19,2025-12-16,cost,0.75,1568868.3958375948,0
2025-12-17,2025-11-19,2025-12-16,cost,1.0,1568216.731970318,1
2025-12-17,2025-11-19,2025-12-16,mae,0.0,3.2432180555555554,0
2025-12-17,2025-11-19,2025-12-16,mae,0.25,3.030310503472222,0
2025-12-17,2025-11-19,2025-12-16,mae,0.5,2.8494360367063494,0
2025-12-17,2025-11-19,2025-12-16,mae,0.75,2.7062373139880953,0
2025-12-17,2025-11-19,2025-12-16,mae,1.0,2.5890922123015874,1
2025-12-18,2025-11-20,2025-12-17,cost,0.0,1586829.9669578685,0
2025-12-18,2025-11-20,2025-12-17,cost,0.25,1586621.5712198585,0
2025-12-18,2025-11-20,2025-12-17,cost,0.5,1586743.6302380622,0
2025-12-18,2025-11-20,2025-12-17,cost,0.75,1586716.194419666,0
2025-12-18,2025-11-20,2025-12-17,cost,1.0,1586221.81876532,1
2025-12-18,2025-11-20,2025-12-17,mae,0.0,3.30715,0
2025-12-18,2025-11-20,2025-12-17,mae,0.25,3.075374677579365,0
2025-12-18,2025-11-20,2025-12-17,mae,0.5,2.8755116071428573,0
2025-12-18,2025-11-20,2025-12-17,mae,0.75,2.7115103422619047,0
2025-12-18,2025-11-20,2025-12-17,mae,1.0,2.5729965277777778,1
2025-12-19,2025-11-21,2025-12-18,cost,0.0,1604458.4174587114,0
2025-12-19,2025-11-21,2025-12-18,cost,0.25,1604132.3025301646,0
2025-12-19,2025-11-21,2025-12-18,cost,0.5,1604220.0763911144,0
2025-12-19,2025-11-21,2025-12-18,cost,0.75,1604078.6800428543,0
2025-12-19,2025-11-21,2025-12-18,cost,1.0,1603574.1097190485,1
2025-12-19,2025-11-21,2025-12-18,mae,0.0,3.3800652777777778,0
2025-12-19,2025-11-21,2025-12-18,mae,0.25,3.130315848214286,0
2025-12-19,2025-11-21,2025-12-18,mae,0.5,2.911238492063492,0
2025-12-19,2025-11-21,2025-12-18,mae,0.75,2.726903447420635,0
2025-12-19,2025-11-21,2025-12-18,mae,1.0,2.56764871031746,1
2025-12-20,2025-11-22,2025-12-19,cost,0.0,1613136.642569187,0
2025-12-20,2025-11-22,2025-12-19,cost,0.25,1612526.9756029635,0
2025-12-20,2025-11-22,2025-12-19,cost,0.5,1612620.0680188793,0
2025-12-20,2025-11-22,2025-12-19,cost,0.75,1612453.0205544862,0
2025-12-20,2025-11-22,2025-12-19,cost,1.0,1611944.622297834,1
2025-12-20,2025-11-22,2025-12-19,mae,0.0,3.3190909722222224,0
2025-12-20,2025-11-22,2025-12-19,mae,0.25,3.0738508680555556,0
2025-12-20,2025-11-22,2025-12-19,mae,0.5,2.8693232142857146,0
2025-12-20,2025-11-22,2025-12-19,mae,0.75,2.7067774057539684,0
2025-12-20,2025-11-22,2025-12-19,mae,1.0,2.5708282738095236,1
2025-12-21,2025-11-23,2025-12-20,cost,0.0,1621095.9499980437,0
2025-12-21,2025-11-23,2025-12-20,cost,0.25,1620401.9590807436,0
2025-12-21,2025-11-23,2025-12-20,cost,0.5,1620548.7242447492,0
2025-12-21,2025-11-23,2025-12-20,cost,0.75,1620436.9800765112,0
2025-12-21,2025-11-23,2025-12-20,cost,1.0,1619981.412472086,1
2025-12-21,2025-11-23,2025-12-20,mae,0.0,3.256865972222222,0
2025-12-21,2025-11-23,2025-12-20,mae,0.25,3.0184860739087305,0
2025-12-21,2025-11-23,2025-12-20,mae,0.5,2.833976810515873,0
2025-12-21,2025-11-23,2025-12-20,mae,0.75,2.6948398189484126,0
2025-12-21,2025-11-23,2025-12-20,mae,1.0,2.582478025793651,1
